ARM GAS  /var/folders/_n/tsb0ql0x2w94bsblh62rdcfr0000gn/T//cceS2NYb.s 			page 1


   1              		.cpu cortex-m4
   2              		.arch armv7e-m
   3              		.fpu fpv4-sp-d16
   4              		.eabi_attribute 27, 1
   5              		.eabi_attribute 28, 1
   6              		.eabi_attribute 20, 1
   7              		.eabi_attribute 21, 1
   8              		.eabi_attribute 23, 3
   9              		.eabi_attribute 24, 1
  10              		.eabi_attribute 25, 1
  11              		.eabi_attribute 26, 1
  12              		.eabi_attribute 30, 1
  13              		.eabi_attribute 34, 1
  14              		.eabi_attribute 18, 4
  15              		.file	"main.c"
  16              		.text
  17              	.Ltext0:
  18              		.cfi_sections	.debug_frame
  19              		.file 1 "Core/Src/main.c"
  20              		.section	.text.__NVIC_SystemReset,"ax",%progbits
  21              		.align	1
  22              		.syntax unified
  23              		.thumb
  24              		.thumb_func
  26              	__NVIC_SystemReset:
  27              	.LFB121:
  28              		.file 2 "Drivers/CMSIS/Include/core_cm4.h"
   1:Drivers/CMSIS/Include/core_cm4.h **** /**************************************************************************//**
   2:Drivers/CMSIS/Include/core_cm4.h ****  * @file     core_cm4.h
   3:Drivers/CMSIS/Include/core_cm4.h ****  * @brief    CMSIS Cortex-M4 Core Peripheral Access Layer Header File
   4:Drivers/CMSIS/Include/core_cm4.h ****  * @version  V5.1.2
   5:Drivers/CMSIS/Include/core_cm4.h ****  * @date     04. June 2021
   6:Drivers/CMSIS/Include/core_cm4.h ****  ******************************************************************************/
   7:Drivers/CMSIS/Include/core_cm4.h **** /*
   8:Drivers/CMSIS/Include/core_cm4.h ****  * Copyright (c) 2009-2020 Arm Limited. All rights reserved.
   9:Drivers/CMSIS/Include/core_cm4.h ****  *
  10:Drivers/CMSIS/Include/core_cm4.h ****  * SPDX-License-Identifier: Apache-2.0
  11:Drivers/CMSIS/Include/core_cm4.h ****  *
  12:Drivers/CMSIS/Include/core_cm4.h ****  * Licensed under the Apache License, Version 2.0 (the License); you may
  13:Drivers/CMSIS/Include/core_cm4.h ****  * not use this file except in compliance with the License.
  14:Drivers/CMSIS/Include/core_cm4.h ****  * You may obtain a copy of the License at
  15:Drivers/CMSIS/Include/core_cm4.h ****  *
  16:Drivers/CMSIS/Include/core_cm4.h ****  * www.apache.org/licenses/LICENSE-2.0
  17:Drivers/CMSIS/Include/core_cm4.h ****  *
  18:Drivers/CMSIS/Include/core_cm4.h ****  * Unless required by applicable law or agreed to in writing, software
  19:Drivers/CMSIS/Include/core_cm4.h ****  * distributed under the License is distributed on an AS IS BASIS, WITHOUT
  20:Drivers/CMSIS/Include/core_cm4.h ****  * WARRANTIES OR CONDITIONS OF ANY KIND, either express or implied.
  21:Drivers/CMSIS/Include/core_cm4.h ****  * See the License for the specific language governing permissions and
  22:Drivers/CMSIS/Include/core_cm4.h ****  * limitations under the License.
  23:Drivers/CMSIS/Include/core_cm4.h ****  */
  24:Drivers/CMSIS/Include/core_cm4.h **** 
  25:Drivers/CMSIS/Include/core_cm4.h **** #if   defined ( __ICCARM__ )
  26:Drivers/CMSIS/Include/core_cm4.h ****   #pragma system_include         /* treat file as system include file for MISRA check */
  27:Drivers/CMSIS/Include/core_cm4.h **** #elif defined (__clang__)
  28:Drivers/CMSIS/Include/core_cm4.h ****   #pragma clang system_header   /* treat file as system include file */
  29:Drivers/CMSIS/Include/core_cm4.h **** #endif
  30:Drivers/CMSIS/Include/core_cm4.h **** 
ARM GAS  /var/folders/_n/tsb0ql0x2w94bsblh62rdcfr0000gn/T//cceS2NYb.s 			page 2


  31:Drivers/CMSIS/Include/core_cm4.h **** #ifndef __CORE_CM4_H_GENERIC
  32:Drivers/CMSIS/Include/core_cm4.h **** #define __CORE_CM4_H_GENERIC
  33:Drivers/CMSIS/Include/core_cm4.h **** 
  34:Drivers/CMSIS/Include/core_cm4.h **** #include <stdint.h>
  35:Drivers/CMSIS/Include/core_cm4.h **** 
  36:Drivers/CMSIS/Include/core_cm4.h **** #ifdef __cplusplus
  37:Drivers/CMSIS/Include/core_cm4.h ****  extern "C" {
  38:Drivers/CMSIS/Include/core_cm4.h **** #endif
  39:Drivers/CMSIS/Include/core_cm4.h **** 
  40:Drivers/CMSIS/Include/core_cm4.h **** /**
  41:Drivers/CMSIS/Include/core_cm4.h ****   \page CMSIS_MISRA_Exceptions  MISRA-C:2004 Compliance Exceptions
  42:Drivers/CMSIS/Include/core_cm4.h ****   CMSIS violates the following MISRA-C:2004 rules:
  43:Drivers/CMSIS/Include/core_cm4.h **** 
  44:Drivers/CMSIS/Include/core_cm4.h ****    \li Required Rule 8.5, object/function definition in header file.<br>
  45:Drivers/CMSIS/Include/core_cm4.h ****      Function definitions in header files are used to allow 'inlining'.
  46:Drivers/CMSIS/Include/core_cm4.h **** 
  47:Drivers/CMSIS/Include/core_cm4.h ****    \li Required Rule 18.4, declaration of union type or object of union type: '{...}'.<br>
  48:Drivers/CMSIS/Include/core_cm4.h ****      Unions are used for effective representation of core registers.
  49:Drivers/CMSIS/Include/core_cm4.h **** 
  50:Drivers/CMSIS/Include/core_cm4.h ****    \li Advisory Rule 19.7, Function-like macro defined.<br>
  51:Drivers/CMSIS/Include/core_cm4.h ****      Function-like macros are used to allow more efficient code.
  52:Drivers/CMSIS/Include/core_cm4.h ****  */
  53:Drivers/CMSIS/Include/core_cm4.h **** 
  54:Drivers/CMSIS/Include/core_cm4.h **** 
  55:Drivers/CMSIS/Include/core_cm4.h **** /*******************************************************************************
  56:Drivers/CMSIS/Include/core_cm4.h ****  *                 CMSIS definitions
  57:Drivers/CMSIS/Include/core_cm4.h ****  ******************************************************************************/
  58:Drivers/CMSIS/Include/core_cm4.h **** /**
  59:Drivers/CMSIS/Include/core_cm4.h ****   \ingroup Cortex_M4
  60:Drivers/CMSIS/Include/core_cm4.h ****   @{
  61:Drivers/CMSIS/Include/core_cm4.h ****  */
  62:Drivers/CMSIS/Include/core_cm4.h **** 
  63:Drivers/CMSIS/Include/core_cm4.h **** #include "cmsis_version.h"
  64:Drivers/CMSIS/Include/core_cm4.h **** 
  65:Drivers/CMSIS/Include/core_cm4.h **** /* CMSIS CM4 definitions */
  66:Drivers/CMSIS/Include/core_cm4.h **** #define __CM4_CMSIS_VERSION_MAIN  (__CM_CMSIS_VERSION_MAIN)              /*!< \deprecated [31:16] C
  67:Drivers/CMSIS/Include/core_cm4.h **** #define __CM4_CMSIS_VERSION_SUB   (__CM_CMSIS_VERSION_SUB)               /*!< \deprecated [15:0]  C
  68:Drivers/CMSIS/Include/core_cm4.h **** #define __CM4_CMSIS_VERSION       ((__CM4_CMSIS_VERSION_MAIN << 16U) | \
  69:Drivers/CMSIS/Include/core_cm4.h ****                                     __CM4_CMSIS_VERSION_SUB           )  /*!< \deprecated CMSIS HAL
  70:Drivers/CMSIS/Include/core_cm4.h **** 
  71:Drivers/CMSIS/Include/core_cm4.h **** #define __CORTEX_M                (4U)                                   /*!< Cortex-M Core */
  72:Drivers/CMSIS/Include/core_cm4.h **** 
  73:Drivers/CMSIS/Include/core_cm4.h **** /** __FPU_USED indicates whether an FPU is used or not.
  74:Drivers/CMSIS/Include/core_cm4.h ****     For this, __FPU_PRESENT has to be checked prior to making use of FPU specific registers and fun
  75:Drivers/CMSIS/Include/core_cm4.h **** */
  76:Drivers/CMSIS/Include/core_cm4.h **** #if defined ( __CC_ARM )
  77:Drivers/CMSIS/Include/core_cm4.h ****   #if defined __TARGET_FPU_VFP
  78:Drivers/CMSIS/Include/core_cm4.h ****     #if defined (__FPU_PRESENT) && (__FPU_PRESENT == 1U)
  79:Drivers/CMSIS/Include/core_cm4.h ****       #define __FPU_USED       1U
  80:Drivers/CMSIS/Include/core_cm4.h ****     #else
  81:Drivers/CMSIS/Include/core_cm4.h ****       #error "Compiler generates FPU instructions for a device without an FPU (check __FPU_PRESENT)
  82:Drivers/CMSIS/Include/core_cm4.h ****       #define __FPU_USED       0U
  83:Drivers/CMSIS/Include/core_cm4.h ****     #endif
  84:Drivers/CMSIS/Include/core_cm4.h ****   #else
  85:Drivers/CMSIS/Include/core_cm4.h ****     #define __FPU_USED         0U
  86:Drivers/CMSIS/Include/core_cm4.h ****   #endif
  87:Drivers/CMSIS/Include/core_cm4.h **** 
ARM GAS  /var/folders/_n/tsb0ql0x2w94bsblh62rdcfr0000gn/T//cceS2NYb.s 			page 3


  88:Drivers/CMSIS/Include/core_cm4.h **** #elif defined (__ARMCC_VERSION) && (__ARMCC_VERSION >= 6010050)
  89:Drivers/CMSIS/Include/core_cm4.h ****   #if defined __ARM_FP
  90:Drivers/CMSIS/Include/core_cm4.h ****     #if defined (__FPU_PRESENT) && (__FPU_PRESENT == 1U)
  91:Drivers/CMSIS/Include/core_cm4.h ****       #define __FPU_USED       1U
  92:Drivers/CMSIS/Include/core_cm4.h ****     #else
  93:Drivers/CMSIS/Include/core_cm4.h ****       #warning "Compiler generates FPU instructions for a device without an FPU (check __FPU_PRESEN
  94:Drivers/CMSIS/Include/core_cm4.h ****       #define __FPU_USED       0U
  95:Drivers/CMSIS/Include/core_cm4.h ****     #endif
  96:Drivers/CMSIS/Include/core_cm4.h ****   #else
  97:Drivers/CMSIS/Include/core_cm4.h ****     #define __FPU_USED         0U
  98:Drivers/CMSIS/Include/core_cm4.h ****   #endif
  99:Drivers/CMSIS/Include/core_cm4.h **** 
 100:Drivers/CMSIS/Include/core_cm4.h **** #elif defined ( __GNUC__ )
 101:Drivers/CMSIS/Include/core_cm4.h ****   #if defined (__VFP_FP__) && !defined(__SOFTFP__)
 102:Drivers/CMSIS/Include/core_cm4.h ****     #if defined (__FPU_PRESENT) && (__FPU_PRESENT == 1U)
 103:Drivers/CMSIS/Include/core_cm4.h ****       #define __FPU_USED       1U
 104:Drivers/CMSIS/Include/core_cm4.h ****     #else
 105:Drivers/CMSIS/Include/core_cm4.h ****       #error "Compiler generates FPU instructions for a device without an FPU (check __FPU_PRESENT)
 106:Drivers/CMSIS/Include/core_cm4.h ****       #define __FPU_USED       0U
 107:Drivers/CMSIS/Include/core_cm4.h ****     #endif
 108:Drivers/CMSIS/Include/core_cm4.h ****   #else
 109:Drivers/CMSIS/Include/core_cm4.h ****     #define __FPU_USED         0U
 110:Drivers/CMSIS/Include/core_cm4.h ****   #endif
 111:Drivers/CMSIS/Include/core_cm4.h **** 
 112:Drivers/CMSIS/Include/core_cm4.h **** #elif defined ( __ICCARM__ )
 113:Drivers/CMSIS/Include/core_cm4.h ****   #if defined __ARMVFP__
 114:Drivers/CMSIS/Include/core_cm4.h ****     #if defined (__FPU_PRESENT) && (__FPU_PRESENT == 1U)
 115:Drivers/CMSIS/Include/core_cm4.h ****       #define __FPU_USED       1U
 116:Drivers/CMSIS/Include/core_cm4.h ****     #else
 117:Drivers/CMSIS/Include/core_cm4.h ****       #error "Compiler generates FPU instructions for a device without an FPU (check __FPU_PRESENT)
 118:Drivers/CMSIS/Include/core_cm4.h ****       #define __FPU_USED       0U
 119:Drivers/CMSIS/Include/core_cm4.h ****     #endif
 120:Drivers/CMSIS/Include/core_cm4.h ****   #else
 121:Drivers/CMSIS/Include/core_cm4.h ****     #define __FPU_USED         0U
 122:Drivers/CMSIS/Include/core_cm4.h ****   #endif
 123:Drivers/CMSIS/Include/core_cm4.h **** 
 124:Drivers/CMSIS/Include/core_cm4.h **** #elif defined ( __TI_ARM__ )
 125:Drivers/CMSIS/Include/core_cm4.h ****   #if defined __TI_VFP_SUPPORT__
 126:Drivers/CMSIS/Include/core_cm4.h ****     #if defined (__FPU_PRESENT) && (__FPU_PRESENT == 1U)
 127:Drivers/CMSIS/Include/core_cm4.h ****       #define __FPU_USED       1U
 128:Drivers/CMSIS/Include/core_cm4.h ****     #else
 129:Drivers/CMSIS/Include/core_cm4.h ****       #error "Compiler generates FPU instructions for a device without an FPU (check __FPU_PRESENT)
 130:Drivers/CMSIS/Include/core_cm4.h ****       #define __FPU_USED       0U
 131:Drivers/CMSIS/Include/core_cm4.h ****     #endif
 132:Drivers/CMSIS/Include/core_cm4.h ****   #else
 133:Drivers/CMSIS/Include/core_cm4.h ****     #define __FPU_USED         0U
 134:Drivers/CMSIS/Include/core_cm4.h ****   #endif
 135:Drivers/CMSIS/Include/core_cm4.h **** 
 136:Drivers/CMSIS/Include/core_cm4.h **** #elif defined ( __TASKING__ )
 137:Drivers/CMSIS/Include/core_cm4.h ****   #if defined __FPU_VFP__
 138:Drivers/CMSIS/Include/core_cm4.h ****     #if defined (__FPU_PRESENT) && (__FPU_PRESENT == 1U)
 139:Drivers/CMSIS/Include/core_cm4.h ****       #define __FPU_USED       1U
 140:Drivers/CMSIS/Include/core_cm4.h ****     #else
 141:Drivers/CMSIS/Include/core_cm4.h ****       #error "Compiler generates FPU instructions for a device without an FPU (check __FPU_PRESENT)
 142:Drivers/CMSIS/Include/core_cm4.h ****       #define __FPU_USED       0U
 143:Drivers/CMSIS/Include/core_cm4.h ****     #endif
 144:Drivers/CMSIS/Include/core_cm4.h ****   #else
ARM GAS  /var/folders/_n/tsb0ql0x2w94bsblh62rdcfr0000gn/T//cceS2NYb.s 			page 4


 145:Drivers/CMSIS/Include/core_cm4.h ****     #define __FPU_USED         0U
 146:Drivers/CMSIS/Include/core_cm4.h ****   #endif
 147:Drivers/CMSIS/Include/core_cm4.h **** 
 148:Drivers/CMSIS/Include/core_cm4.h **** #elif defined ( __CSMC__ )
 149:Drivers/CMSIS/Include/core_cm4.h ****   #if ( __CSMC__ & 0x400U)
 150:Drivers/CMSIS/Include/core_cm4.h ****     #if defined (__FPU_PRESENT) && (__FPU_PRESENT == 1U)
 151:Drivers/CMSIS/Include/core_cm4.h ****       #define __FPU_USED       1U
 152:Drivers/CMSIS/Include/core_cm4.h ****     #else
 153:Drivers/CMSIS/Include/core_cm4.h ****       #error "Compiler generates FPU instructions for a device without an FPU (check __FPU_PRESENT)
 154:Drivers/CMSIS/Include/core_cm4.h ****       #define __FPU_USED       0U
 155:Drivers/CMSIS/Include/core_cm4.h ****     #endif
 156:Drivers/CMSIS/Include/core_cm4.h ****   #else
 157:Drivers/CMSIS/Include/core_cm4.h ****     #define __FPU_USED         0U
 158:Drivers/CMSIS/Include/core_cm4.h ****   #endif
 159:Drivers/CMSIS/Include/core_cm4.h **** 
 160:Drivers/CMSIS/Include/core_cm4.h **** #endif
 161:Drivers/CMSIS/Include/core_cm4.h **** 
 162:Drivers/CMSIS/Include/core_cm4.h **** #include "cmsis_compiler.h"               /* CMSIS compiler specific defines */
 163:Drivers/CMSIS/Include/core_cm4.h **** 
 164:Drivers/CMSIS/Include/core_cm4.h **** 
 165:Drivers/CMSIS/Include/core_cm4.h **** #ifdef __cplusplus
 166:Drivers/CMSIS/Include/core_cm4.h **** }
 167:Drivers/CMSIS/Include/core_cm4.h **** #endif
 168:Drivers/CMSIS/Include/core_cm4.h **** 
 169:Drivers/CMSIS/Include/core_cm4.h **** #endif /* __CORE_CM4_H_GENERIC */
 170:Drivers/CMSIS/Include/core_cm4.h **** 
 171:Drivers/CMSIS/Include/core_cm4.h **** #ifndef __CMSIS_GENERIC
 172:Drivers/CMSIS/Include/core_cm4.h **** 
 173:Drivers/CMSIS/Include/core_cm4.h **** #ifndef __CORE_CM4_H_DEPENDANT
 174:Drivers/CMSIS/Include/core_cm4.h **** #define __CORE_CM4_H_DEPENDANT
 175:Drivers/CMSIS/Include/core_cm4.h **** 
 176:Drivers/CMSIS/Include/core_cm4.h **** #ifdef __cplusplus
 177:Drivers/CMSIS/Include/core_cm4.h ****  extern "C" {
 178:Drivers/CMSIS/Include/core_cm4.h **** #endif
 179:Drivers/CMSIS/Include/core_cm4.h **** 
 180:Drivers/CMSIS/Include/core_cm4.h **** /* check device defines and use defaults */
 181:Drivers/CMSIS/Include/core_cm4.h **** #if defined __CHECK_DEVICE_DEFINES
 182:Drivers/CMSIS/Include/core_cm4.h ****   #ifndef __CM4_REV
 183:Drivers/CMSIS/Include/core_cm4.h ****     #define __CM4_REV               0x0000U
 184:Drivers/CMSIS/Include/core_cm4.h ****     #warning "__CM4_REV not defined in device header file; using default!"
 185:Drivers/CMSIS/Include/core_cm4.h ****   #endif
 186:Drivers/CMSIS/Include/core_cm4.h **** 
 187:Drivers/CMSIS/Include/core_cm4.h ****   #ifndef __FPU_PRESENT
 188:Drivers/CMSIS/Include/core_cm4.h ****     #define __FPU_PRESENT             0U
 189:Drivers/CMSIS/Include/core_cm4.h ****     #warning "__FPU_PRESENT not defined in device header file; using default!"
 190:Drivers/CMSIS/Include/core_cm4.h ****   #endif
 191:Drivers/CMSIS/Include/core_cm4.h **** 
 192:Drivers/CMSIS/Include/core_cm4.h ****   #ifndef __MPU_PRESENT
 193:Drivers/CMSIS/Include/core_cm4.h ****     #define __MPU_PRESENT             0U
 194:Drivers/CMSIS/Include/core_cm4.h ****     #warning "__MPU_PRESENT not defined in device header file; using default!"
 195:Drivers/CMSIS/Include/core_cm4.h ****   #endif
 196:Drivers/CMSIS/Include/core_cm4.h **** 
 197:Drivers/CMSIS/Include/core_cm4.h ****   #ifndef __VTOR_PRESENT
 198:Drivers/CMSIS/Include/core_cm4.h ****     #define __VTOR_PRESENT             1U
 199:Drivers/CMSIS/Include/core_cm4.h ****     #warning "__VTOR_PRESENT not defined in device header file; using default!"
 200:Drivers/CMSIS/Include/core_cm4.h ****   #endif
 201:Drivers/CMSIS/Include/core_cm4.h **** 
ARM GAS  /var/folders/_n/tsb0ql0x2w94bsblh62rdcfr0000gn/T//cceS2NYb.s 			page 5


 202:Drivers/CMSIS/Include/core_cm4.h ****   #ifndef __NVIC_PRIO_BITS
 203:Drivers/CMSIS/Include/core_cm4.h ****     #define __NVIC_PRIO_BITS          3U
 204:Drivers/CMSIS/Include/core_cm4.h ****     #warning "__NVIC_PRIO_BITS not defined in device header file; using default!"
 205:Drivers/CMSIS/Include/core_cm4.h ****   #endif
 206:Drivers/CMSIS/Include/core_cm4.h **** 
 207:Drivers/CMSIS/Include/core_cm4.h ****   #ifndef __Vendor_SysTickConfig
 208:Drivers/CMSIS/Include/core_cm4.h ****     #define __Vendor_SysTickConfig    0U
 209:Drivers/CMSIS/Include/core_cm4.h ****     #warning "__Vendor_SysTickConfig not defined in device header file; using default!"
 210:Drivers/CMSIS/Include/core_cm4.h ****   #endif
 211:Drivers/CMSIS/Include/core_cm4.h **** #endif
 212:Drivers/CMSIS/Include/core_cm4.h **** 
 213:Drivers/CMSIS/Include/core_cm4.h **** /* IO definitions (access restrictions to peripheral registers) */
 214:Drivers/CMSIS/Include/core_cm4.h **** /**
 215:Drivers/CMSIS/Include/core_cm4.h ****     \defgroup CMSIS_glob_defs CMSIS Global Defines
 216:Drivers/CMSIS/Include/core_cm4.h **** 
 217:Drivers/CMSIS/Include/core_cm4.h ****     <strong>IO Type Qualifiers</strong> are used
 218:Drivers/CMSIS/Include/core_cm4.h ****     \li to specify the access to peripheral variables.
 219:Drivers/CMSIS/Include/core_cm4.h ****     \li for automatic generation of peripheral register debug information.
 220:Drivers/CMSIS/Include/core_cm4.h **** */
 221:Drivers/CMSIS/Include/core_cm4.h **** #ifdef __cplusplus
 222:Drivers/CMSIS/Include/core_cm4.h ****   #define   __I     volatile             /*!< Defines 'read only' permissions */
 223:Drivers/CMSIS/Include/core_cm4.h **** #else
 224:Drivers/CMSIS/Include/core_cm4.h ****   #define   __I     volatile const       /*!< Defines 'read only' permissions */
 225:Drivers/CMSIS/Include/core_cm4.h **** #endif
 226:Drivers/CMSIS/Include/core_cm4.h **** #define     __O     volatile             /*!< Defines 'write only' permissions */
 227:Drivers/CMSIS/Include/core_cm4.h **** #define     __IO    volatile             /*!< Defines 'read / write' permissions */
 228:Drivers/CMSIS/Include/core_cm4.h **** 
 229:Drivers/CMSIS/Include/core_cm4.h **** /* following defines should be used for structure members */
 230:Drivers/CMSIS/Include/core_cm4.h **** #define     __IM     volatile const      /*! Defines 'read only' structure member permissions */
 231:Drivers/CMSIS/Include/core_cm4.h **** #define     __OM     volatile            /*! Defines 'write only' structure member permissions */
 232:Drivers/CMSIS/Include/core_cm4.h **** #define     __IOM    volatile            /*! Defines 'read / write' structure member permissions */
 233:Drivers/CMSIS/Include/core_cm4.h **** 
 234:Drivers/CMSIS/Include/core_cm4.h **** /*@} end of group Cortex_M4 */
 235:Drivers/CMSIS/Include/core_cm4.h **** 
 236:Drivers/CMSIS/Include/core_cm4.h **** 
 237:Drivers/CMSIS/Include/core_cm4.h **** 
 238:Drivers/CMSIS/Include/core_cm4.h **** /*******************************************************************************
 239:Drivers/CMSIS/Include/core_cm4.h ****  *                 Register Abstraction
 240:Drivers/CMSIS/Include/core_cm4.h ****   Core Register contain:
 241:Drivers/CMSIS/Include/core_cm4.h ****   - Core Register
 242:Drivers/CMSIS/Include/core_cm4.h ****   - Core NVIC Register
 243:Drivers/CMSIS/Include/core_cm4.h ****   - Core SCB Register
 244:Drivers/CMSIS/Include/core_cm4.h ****   - Core SysTick Register
 245:Drivers/CMSIS/Include/core_cm4.h ****   - Core Debug Register
 246:Drivers/CMSIS/Include/core_cm4.h ****   - Core MPU Register
 247:Drivers/CMSIS/Include/core_cm4.h ****   - Core FPU Register
 248:Drivers/CMSIS/Include/core_cm4.h ****  ******************************************************************************/
 249:Drivers/CMSIS/Include/core_cm4.h **** /**
 250:Drivers/CMSIS/Include/core_cm4.h ****   \defgroup CMSIS_core_register Defines and Type Definitions
 251:Drivers/CMSIS/Include/core_cm4.h ****   \brief Type definitions and defines for Cortex-M processor based devices.
 252:Drivers/CMSIS/Include/core_cm4.h **** */
 253:Drivers/CMSIS/Include/core_cm4.h **** 
 254:Drivers/CMSIS/Include/core_cm4.h **** /**
 255:Drivers/CMSIS/Include/core_cm4.h ****   \ingroup    CMSIS_core_register
 256:Drivers/CMSIS/Include/core_cm4.h ****   \defgroup   CMSIS_CORE  Status and Control Registers
 257:Drivers/CMSIS/Include/core_cm4.h ****   \brief      Core Register type definitions.
 258:Drivers/CMSIS/Include/core_cm4.h ****   @{
ARM GAS  /var/folders/_n/tsb0ql0x2w94bsblh62rdcfr0000gn/T//cceS2NYb.s 			page 6


 259:Drivers/CMSIS/Include/core_cm4.h ****  */
 260:Drivers/CMSIS/Include/core_cm4.h **** 
 261:Drivers/CMSIS/Include/core_cm4.h **** /**
 262:Drivers/CMSIS/Include/core_cm4.h ****   \brief  Union type to access the Application Program Status Register (APSR).
 263:Drivers/CMSIS/Include/core_cm4.h ****  */
 264:Drivers/CMSIS/Include/core_cm4.h **** typedef union
 265:Drivers/CMSIS/Include/core_cm4.h **** {
 266:Drivers/CMSIS/Include/core_cm4.h ****   struct
 267:Drivers/CMSIS/Include/core_cm4.h ****   {
 268:Drivers/CMSIS/Include/core_cm4.h ****     uint32_t _reserved0:16;              /*!< bit:  0..15  Reserved */
 269:Drivers/CMSIS/Include/core_cm4.h ****     uint32_t GE:4;                       /*!< bit: 16..19  Greater than or Equal flags */
 270:Drivers/CMSIS/Include/core_cm4.h ****     uint32_t _reserved1:7;               /*!< bit: 20..26  Reserved */
 271:Drivers/CMSIS/Include/core_cm4.h ****     uint32_t Q:1;                        /*!< bit:     27  Saturation condition flag */
 272:Drivers/CMSIS/Include/core_cm4.h ****     uint32_t V:1;                        /*!< bit:     28  Overflow condition code flag */
 273:Drivers/CMSIS/Include/core_cm4.h ****     uint32_t C:1;                        /*!< bit:     29  Carry condition code flag */
 274:Drivers/CMSIS/Include/core_cm4.h ****     uint32_t Z:1;                        /*!< bit:     30  Zero condition code flag */
 275:Drivers/CMSIS/Include/core_cm4.h ****     uint32_t N:1;                        /*!< bit:     31  Negative condition code flag */
 276:Drivers/CMSIS/Include/core_cm4.h ****   } b;                                   /*!< Structure used for bit  access */
 277:Drivers/CMSIS/Include/core_cm4.h ****   uint32_t w;                            /*!< Type      used for word access */
 278:Drivers/CMSIS/Include/core_cm4.h **** } APSR_Type;
 279:Drivers/CMSIS/Include/core_cm4.h **** 
 280:Drivers/CMSIS/Include/core_cm4.h **** /* APSR Register Definitions */
 281:Drivers/CMSIS/Include/core_cm4.h **** #define APSR_N_Pos                         31U                                            /*!< APSR
 282:Drivers/CMSIS/Include/core_cm4.h **** #define APSR_N_Msk                         (1UL << APSR_N_Pos)                            /*!< APSR
 283:Drivers/CMSIS/Include/core_cm4.h **** 
 284:Drivers/CMSIS/Include/core_cm4.h **** #define APSR_Z_Pos                         30U                                            /*!< APSR
 285:Drivers/CMSIS/Include/core_cm4.h **** #define APSR_Z_Msk                         (1UL << APSR_Z_Pos)                            /*!< APSR
 286:Drivers/CMSIS/Include/core_cm4.h **** 
 287:Drivers/CMSIS/Include/core_cm4.h **** #define APSR_C_Pos                         29U                                            /*!< APSR
 288:Drivers/CMSIS/Include/core_cm4.h **** #define APSR_C_Msk                         (1UL << APSR_C_Pos)                            /*!< APSR
 289:Drivers/CMSIS/Include/core_cm4.h **** 
 290:Drivers/CMSIS/Include/core_cm4.h **** #define APSR_V_Pos                         28U                                            /*!< APSR
 291:Drivers/CMSIS/Include/core_cm4.h **** #define APSR_V_Msk                         (1UL << APSR_V_Pos)                            /*!< APSR
 292:Drivers/CMSIS/Include/core_cm4.h **** 
 293:Drivers/CMSIS/Include/core_cm4.h **** #define APSR_Q_Pos                         27U                                            /*!< APSR
 294:Drivers/CMSIS/Include/core_cm4.h **** #define APSR_Q_Msk                         (1UL << APSR_Q_Pos)                            /*!< APSR
 295:Drivers/CMSIS/Include/core_cm4.h **** 
 296:Drivers/CMSIS/Include/core_cm4.h **** #define APSR_GE_Pos                        16U                                            /*!< APSR
 297:Drivers/CMSIS/Include/core_cm4.h **** #define APSR_GE_Msk                        (0xFUL << APSR_GE_Pos)                         /*!< APSR
 298:Drivers/CMSIS/Include/core_cm4.h **** 
 299:Drivers/CMSIS/Include/core_cm4.h **** 
 300:Drivers/CMSIS/Include/core_cm4.h **** /**
 301:Drivers/CMSIS/Include/core_cm4.h ****   \brief  Union type to access the Interrupt Program Status Register (IPSR).
 302:Drivers/CMSIS/Include/core_cm4.h ****  */
 303:Drivers/CMSIS/Include/core_cm4.h **** typedef union
 304:Drivers/CMSIS/Include/core_cm4.h **** {
 305:Drivers/CMSIS/Include/core_cm4.h ****   struct
 306:Drivers/CMSIS/Include/core_cm4.h ****   {
 307:Drivers/CMSIS/Include/core_cm4.h ****     uint32_t ISR:9;                      /*!< bit:  0.. 8  Exception number */
 308:Drivers/CMSIS/Include/core_cm4.h ****     uint32_t _reserved0:23;              /*!< bit:  9..31  Reserved */
 309:Drivers/CMSIS/Include/core_cm4.h ****   } b;                                   /*!< Structure used for bit  access */
 310:Drivers/CMSIS/Include/core_cm4.h ****   uint32_t w;                            /*!< Type      used for word access */
 311:Drivers/CMSIS/Include/core_cm4.h **** } IPSR_Type;
 312:Drivers/CMSIS/Include/core_cm4.h **** 
 313:Drivers/CMSIS/Include/core_cm4.h **** /* IPSR Register Definitions */
 314:Drivers/CMSIS/Include/core_cm4.h **** #define IPSR_ISR_Pos                        0U                                            /*!< IPSR
 315:Drivers/CMSIS/Include/core_cm4.h **** #define IPSR_ISR_Msk                       (0x1FFUL /*<< IPSR_ISR_Pos*/)                  /*!< IPSR
ARM GAS  /var/folders/_n/tsb0ql0x2w94bsblh62rdcfr0000gn/T//cceS2NYb.s 			page 7


 316:Drivers/CMSIS/Include/core_cm4.h **** 
 317:Drivers/CMSIS/Include/core_cm4.h **** 
 318:Drivers/CMSIS/Include/core_cm4.h **** /**
 319:Drivers/CMSIS/Include/core_cm4.h ****   \brief  Union type to access the Special-Purpose Program Status Registers (xPSR).
 320:Drivers/CMSIS/Include/core_cm4.h ****  */
 321:Drivers/CMSIS/Include/core_cm4.h **** typedef union
 322:Drivers/CMSIS/Include/core_cm4.h **** {
 323:Drivers/CMSIS/Include/core_cm4.h ****   struct
 324:Drivers/CMSIS/Include/core_cm4.h ****   {
 325:Drivers/CMSIS/Include/core_cm4.h ****     uint32_t ISR:9;                      /*!< bit:  0.. 8  Exception number */
 326:Drivers/CMSIS/Include/core_cm4.h ****     uint32_t _reserved0:1;               /*!< bit:      9  Reserved */
 327:Drivers/CMSIS/Include/core_cm4.h ****     uint32_t ICI_IT_1:6;                 /*!< bit: 10..15  ICI/IT part 1 */
 328:Drivers/CMSIS/Include/core_cm4.h ****     uint32_t GE:4;                       /*!< bit: 16..19  Greater than or Equal flags */
 329:Drivers/CMSIS/Include/core_cm4.h ****     uint32_t _reserved1:4;               /*!< bit: 20..23  Reserved */
 330:Drivers/CMSIS/Include/core_cm4.h ****     uint32_t T:1;                        /*!< bit:     24  Thumb bit */
 331:Drivers/CMSIS/Include/core_cm4.h ****     uint32_t ICI_IT_2:2;                 /*!< bit: 25..26  ICI/IT part 2 */
 332:Drivers/CMSIS/Include/core_cm4.h ****     uint32_t Q:1;                        /*!< bit:     27  Saturation condition flag */
 333:Drivers/CMSIS/Include/core_cm4.h ****     uint32_t V:1;                        /*!< bit:     28  Overflow condition code flag */
 334:Drivers/CMSIS/Include/core_cm4.h ****     uint32_t C:1;                        /*!< bit:     29  Carry condition code flag */
 335:Drivers/CMSIS/Include/core_cm4.h ****     uint32_t Z:1;                        /*!< bit:     30  Zero condition code flag */
 336:Drivers/CMSIS/Include/core_cm4.h ****     uint32_t N:1;                        /*!< bit:     31  Negative condition code flag */
 337:Drivers/CMSIS/Include/core_cm4.h ****   } b;                                   /*!< Structure used for bit  access */
 338:Drivers/CMSIS/Include/core_cm4.h ****   uint32_t w;                            /*!< Type      used for word access */
 339:Drivers/CMSIS/Include/core_cm4.h **** } xPSR_Type;
 340:Drivers/CMSIS/Include/core_cm4.h **** 
 341:Drivers/CMSIS/Include/core_cm4.h **** /* xPSR Register Definitions */
 342:Drivers/CMSIS/Include/core_cm4.h **** #define xPSR_N_Pos                         31U                                            /*!< xPSR
 343:Drivers/CMSIS/Include/core_cm4.h **** #define xPSR_N_Msk                         (1UL << xPSR_N_Pos)                            /*!< xPSR
 344:Drivers/CMSIS/Include/core_cm4.h **** 
 345:Drivers/CMSIS/Include/core_cm4.h **** #define xPSR_Z_Pos                         30U                                            /*!< xPSR
 346:Drivers/CMSIS/Include/core_cm4.h **** #define xPSR_Z_Msk                         (1UL << xPSR_Z_Pos)                            /*!< xPSR
 347:Drivers/CMSIS/Include/core_cm4.h **** 
 348:Drivers/CMSIS/Include/core_cm4.h **** #define xPSR_C_Pos                         29U                                            /*!< xPSR
 349:Drivers/CMSIS/Include/core_cm4.h **** #define xPSR_C_Msk                         (1UL << xPSR_C_Pos)                            /*!< xPSR
 350:Drivers/CMSIS/Include/core_cm4.h **** 
 351:Drivers/CMSIS/Include/core_cm4.h **** #define xPSR_V_Pos                         28U                                            /*!< xPSR
 352:Drivers/CMSIS/Include/core_cm4.h **** #define xPSR_V_Msk                         (1UL << xPSR_V_Pos)                            /*!< xPSR
 353:Drivers/CMSIS/Include/core_cm4.h **** 
 354:Drivers/CMSIS/Include/core_cm4.h **** #define xPSR_Q_Pos                         27U                                            /*!< xPSR
 355:Drivers/CMSIS/Include/core_cm4.h **** #define xPSR_Q_Msk                         (1UL << xPSR_Q_Pos)                            /*!< xPSR
 356:Drivers/CMSIS/Include/core_cm4.h **** 
 357:Drivers/CMSIS/Include/core_cm4.h **** #define xPSR_ICI_IT_2_Pos                  25U                                            /*!< xPSR
 358:Drivers/CMSIS/Include/core_cm4.h **** #define xPSR_ICI_IT_2_Msk                  (3UL << xPSR_ICI_IT_2_Pos)                     /*!< xPSR
 359:Drivers/CMSIS/Include/core_cm4.h **** 
 360:Drivers/CMSIS/Include/core_cm4.h **** #define xPSR_T_Pos                         24U                                            /*!< xPSR
 361:Drivers/CMSIS/Include/core_cm4.h **** #define xPSR_T_Msk                         (1UL << xPSR_T_Pos)                            /*!< xPSR
 362:Drivers/CMSIS/Include/core_cm4.h **** 
 363:Drivers/CMSIS/Include/core_cm4.h **** #define xPSR_GE_Pos                        16U                                            /*!< xPSR
 364:Drivers/CMSIS/Include/core_cm4.h **** #define xPSR_GE_Msk                        (0xFUL << xPSR_GE_Pos)                         /*!< xPSR
 365:Drivers/CMSIS/Include/core_cm4.h **** 
 366:Drivers/CMSIS/Include/core_cm4.h **** #define xPSR_ICI_IT_1_Pos                  10U                                            /*!< xPSR
 367:Drivers/CMSIS/Include/core_cm4.h **** #define xPSR_ICI_IT_1_Msk                  (0x3FUL << xPSR_ICI_IT_1_Pos)                  /*!< xPSR
 368:Drivers/CMSIS/Include/core_cm4.h **** 
 369:Drivers/CMSIS/Include/core_cm4.h **** #define xPSR_ISR_Pos                        0U                                            /*!< xPSR
 370:Drivers/CMSIS/Include/core_cm4.h **** #define xPSR_ISR_Msk                       (0x1FFUL /*<< xPSR_ISR_Pos*/)                  /*!< xPSR
 371:Drivers/CMSIS/Include/core_cm4.h **** 
 372:Drivers/CMSIS/Include/core_cm4.h **** 
ARM GAS  /var/folders/_n/tsb0ql0x2w94bsblh62rdcfr0000gn/T//cceS2NYb.s 			page 8


 373:Drivers/CMSIS/Include/core_cm4.h **** /**
 374:Drivers/CMSIS/Include/core_cm4.h ****   \brief  Union type to access the Control Registers (CONTROL).
 375:Drivers/CMSIS/Include/core_cm4.h ****  */
 376:Drivers/CMSIS/Include/core_cm4.h **** typedef union
 377:Drivers/CMSIS/Include/core_cm4.h **** {
 378:Drivers/CMSIS/Include/core_cm4.h ****   struct
 379:Drivers/CMSIS/Include/core_cm4.h ****   {
 380:Drivers/CMSIS/Include/core_cm4.h ****     uint32_t nPRIV:1;                    /*!< bit:      0  Execution privilege in Thread mode */
 381:Drivers/CMSIS/Include/core_cm4.h ****     uint32_t SPSEL:1;                    /*!< bit:      1  Stack to be used */
 382:Drivers/CMSIS/Include/core_cm4.h ****     uint32_t FPCA:1;                     /*!< bit:      2  FP extension active flag */
 383:Drivers/CMSIS/Include/core_cm4.h ****     uint32_t _reserved0:29;              /*!< bit:  3..31  Reserved */
 384:Drivers/CMSIS/Include/core_cm4.h ****   } b;                                   /*!< Structure used for bit  access */
 385:Drivers/CMSIS/Include/core_cm4.h ****   uint32_t w;                            /*!< Type      used for word access */
 386:Drivers/CMSIS/Include/core_cm4.h **** } CONTROL_Type;
 387:Drivers/CMSIS/Include/core_cm4.h **** 
 388:Drivers/CMSIS/Include/core_cm4.h **** /* CONTROL Register Definitions */
 389:Drivers/CMSIS/Include/core_cm4.h **** #define CONTROL_FPCA_Pos                    2U                                            /*!< CONT
 390:Drivers/CMSIS/Include/core_cm4.h **** #define CONTROL_FPCA_Msk                   (1UL << CONTROL_FPCA_Pos)                      /*!< CONT
 391:Drivers/CMSIS/Include/core_cm4.h **** 
 392:Drivers/CMSIS/Include/core_cm4.h **** #define CONTROL_SPSEL_Pos                   1U                                            /*!< CONT
 393:Drivers/CMSIS/Include/core_cm4.h **** #define CONTROL_SPSEL_Msk                  (1UL << CONTROL_SPSEL_Pos)                     /*!< CONT
 394:Drivers/CMSIS/Include/core_cm4.h **** 
 395:Drivers/CMSIS/Include/core_cm4.h **** #define CONTROL_nPRIV_Pos                   0U                                            /*!< CONT
 396:Drivers/CMSIS/Include/core_cm4.h **** #define CONTROL_nPRIV_Msk                  (1UL /*<< CONTROL_nPRIV_Pos*/)                 /*!< CONT
 397:Drivers/CMSIS/Include/core_cm4.h **** 
 398:Drivers/CMSIS/Include/core_cm4.h **** /*@} end of group CMSIS_CORE */
 399:Drivers/CMSIS/Include/core_cm4.h **** 
 400:Drivers/CMSIS/Include/core_cm4.h **** 
 401:Drivers/CMSIS/Include/core_cm4.h **** /**
 402:Drivers/CMSIS/Include/core_cm4.h ****   \ingroup    CMSIS_core_register
 403:Drivers/CMSIS/Include/core_cm4.h ****   \defgroup   CMSIS_NVIC  Nested Vectored Interrupt Controller (NVIC)
 404:Drivers/CMSIS/Include/core_cm4.h ****   \brief      Type definitions for the NVIC Registers
 405:Drivers/CMSIS/Include/core_cm4.h ****   @{
 406:Drivers/CMSIS/Include/core_cm4.h ****  */
 407:Drivers/CMSIS/Include/core_cm4.h **** 
 408:Drivers/CMSIS/Include/core_cm4.h **** /**
 409:Drivers/CMSIS/Include/core_cm4.h ****   \brief  Structure type to access the Nested Vectored Interrupt Controller (NVIC).
 410:Drivers/CMSIS/Include/core_cm4.h ****  */
 411:Drivers/CMSIS/Include/core_cm4.h **** typedef struct
 412:Drivers/CMSIS/Include/core_cm4.h **** {
 413:Drivers/CMSIS/Include/core_cm4.h ****   __IOM uint32_t ISER[8U];               /*!< Offset: 0x000 (R/W)  Interrupt Set Enable Register */
 414:Drivers/CMSIS/Include/core_cm4.h ****         uint32_t RESERVED0[24U];
 415:Drivers/CMSIS/Include/core_cm4.h ****   __IOM uint32_t ICER[8U];               /*!< Offset: 0x080 (R/W)  Interrupt Clear Enable Register 
 416:Drivers/CMSIS/Include/core_cm4.h ****         uint32_t RESERVED1[24U];
 417:Drivers/CMSIS/Include/core_cm4.h ****   __IOM uint32_t ISPR[8U];               /*!< Offset: 0x100 (R/W)  Interrupt Set Pending Register *
 418:Drivers/CMSIS/Include/core_cm4.h ****         uint32_t RESERVED2[24U];
 419:Drivers/CMSIS/Include/core_cm4.h ****   __IOM uint32_t ICPR[8U];               /*!< Offset: 0x180 (R/W)  Interrupt Clear Pending Register
 420:Drivers/CMSIS/Include/core_cm4.h ****         uint32_t RESERVED3[24U];
 421:Drivers/CMSIS/Include/core_cm4.h ****   __IOM uint32_t IABR[8U];               /*!< Offset: 0x200 (R/W)  Interrupt Active bit Register */
 422:Drivers/CMSIS/Include/core_cm4.h ****         uint32_t RESERVED4[56U];
 423:Drivers/CMSIS/Include/core_cm4.h ****   __IOM uint8_t  IP[240U];               /*!< Offset: 0x300 (R/W)  Interrupt Priority Register (8Bi
 424:Drivers/CMSIS/Include/core_cm4.h ****         uint32_t RESERVED5[644U];
 425:Drivers/CMSIS/Include/core_cm4.h ****   __OM  uint32_t STIR;                   /*!< Offset: 0xE00 ( /W)  Software Trigger Interrupt Regis
 426:Drivers/CMSIS/Include/core_cm4.h **** }  NVIC_Type;
 427:Drivers/CMSIS/Include/core_cm4.h **** 
 428:Drivers/CMSIS/Include/core_cm4.h **** /* Software Triggered Interrupt Register Definitions */
 429:Drivers/CMSIS/Include/core_cm4.h **** #define NVIC_STIR_INTID_Pos                 0U                                         /*!< STIR: I
ARM GAS  /var/folders/_n/tsb0ql0x2w94bsblh62rdcfr0000gn/T//cceS2NYb.s 			page 9


 430:Drivers/CMSIS/Include/core_cm4.h **** #define NVIC_STIR_INTID_Msk                (0x1FFUL /*<< NVIC_STIR_INTID_Pos*/)        /*!< STIR: I
 431:Drivers/CMSIS/Include/core_cm4.h **** 
 432:Drivers/CMSIS/Include/core_cm4.h **** /*@} end of group CMSIS_NVIC */
 433:Drivers/CMSIS/Include/core_cm4.h **** 
 434:Drivers/CMSIS/Include/core_cm4.h **** 
 435:Drivers/CMSIS/Include/core_cm4.h **** /**
 436:Drivers/CMSIS/Include/core_cm4.h ****   \ingroup  CMSIS_core_register
 437:Drivers/CMSIS/Include/core_cm4.h ****   \defgroup CMSIS_SCB     System Control Block (SCB)
 438:Drivers/CMSIS/Include/core_cm4.h ****   \brief    Type definitions for the System Control Block Registers
 439:Drivers/CMSIS/Include/core_cm4.h ****   @{
 440:Drivers/CMSIS/Include/core_cm4.h ****  */
 441:Drivers/CMSIS/Include/core_cm4.h **** 
 442:Drivers/CMSIS/Include/core_cm4.h **** /**
 443:Drivers/CMSIS/Include/core_cm4.h ****   \brief  Structure type to access the System Control Block (SCB).
 444:Drivers/CMSIS/Include/core_cm4.h ****  */
 445:Drivers/CMSIS/Include/core_cm4.h **** typedef struct
 446:Drivers/CMSIS/Include/core_cm4.h **** {
 447:Drivers/CMSIS/Include/core_cm4.h ****   __IM  uint32_t CPUID;                  /*!< Offset: 0x000 (R/ )  CPUID Base Register */
 448:Drivers/CMSIS/Include/core_cm4.h ****   __IOM uint32_t ICSR;                   /*!< Offset: 0x004 (R/W)  Interrupt Control and State Regi
 449:Drivers/CMSIS/Include/core_cm4.h ****   __IOM uint32_t VTOR;                   /*!< Offset: 0x008 (R/W)  Vector Table Offset Register */
 450:Drivers/CMSIS/Include/core_cm4.h ****   __IOM uint32_t AIRCR;                  /*!< Offset: 0x00C (R/W)  Application Interrupt and Reset 
 451:Drivers/CMSIS/Include/core_cm4.h ****   __IOM uint32_t SCR;                    /*!< Offset: 0x010 (R/W)  System Control Register */
 452:Drivers/CMSIS/Include/core_cm4.h ****   __IOM uint32_t CCR;                    /*!< Offset: 0x014 (R/W)  Configuration Control Register *
 453:Drivers/CMSIS/Include/core_cm4.h ****   __IOM uint8_t  SHP[12U];               /*!< Offset: 0x018 (R/W)  System Handlers Priority Registe
 454:Drivers/CMSIS/Include/core_cm4.h ****   __IOM uint32_t SHCSR;                  /*!< Offset: 0x024 (R/W)  System Handler Control and State
 455:Drivers/CMSIS/Include/core_cm4.h ****   __IOM uint32_t CFSR;                   /*!< Offset: 0x028 (R/W)  Configurable Fault Status Regist
 456:Drivers/CMSIS/Include/core_cm4.h ****   __IOM uint32_t HFSR;                   /*!< Offset: 0x02C (R/W)  HardFault Status Register */
 457:Drivers/CMSIS/Include/core_cm4.h ****   __IOM uint32_t DFSR;                   /*!< Offset: 0x030 (R/W)  Debug Fault Status Register */
 458:Drivers/CMSIS/Include/core_cm4.h ****   __IOM uint32_t MMFAR;                  /*!< Offset: 0x034 (R/W)  MemManage Fault Address Register
 459:Drivers/CMSIS/Include/core_cm4.h ****   __IOM uint32_t BFAR;                   /*!< Offset: 0x038 (R/W)  BusFault Address Register */
 460:Drivers/CMSIS/Include/core_cm4.h ****   __IOM uint32_t AFSR;                   /*!< Offset: 0x03C (R/W)  Auxiliary Fault Status Register 
 461:Drivers/CMSIS/Include/core_cm4.h ****   __IM  uint32_t PFR[2U];                /*!< Offset: 0x040 (R/ )  Processor Feature Register */
 462:Drivers/CMSIS/Include/core_cm4.h ****   __IM  uint32_t DFR;                    /*!< Offset: 0x048 (R/ )  Debug Feature Register */
 463:Drivers/CMSIS/Include/core_cm4.h ****   __IM  uint32_t ADR;                    /*!< Offset: 0x04C (R/ )  Auxiliary Feature Register */
 464:Drivers/CMSIS/Include/core_cm4.h ****   __IM  uint32_t MMFR[4U];               /*!< Offset: 0x050 (R/ )  Memory Model Feature Register */
 465:Drivers/CMSIS/Include/core_cm4.h ****   __IM  uint32_t ISAR[5U];               /*!< Offset: 0x060 (R/ )  Instruction Set Attributes Regis
 466:Drivers/CMSIS/Include/core_cm4.h ****         uint32_t RESERVED0[5U];
 467:Drivers/CMSIS/Include/core_cm4.h ****   __IOM uint32_t CPACR;                  /*!< Offset: 0x088 (R/W)  Coprocessor Access Control Regis
 468:Drivers/CMSIS/Include/core_cm4.h **** } SCB_Type;
 469:Drivers/CMSIS/Include/core_cm4.h **** 
 470:Drivers/CMSIS/Include/core_cm4.h **** /* SCB CPUID Register Definitions */
 471:Drivers/CMSIS/Include/core_cm4.h **** #define SCB_CPUID_IMPLEMENTER_Pos          24U                                            /*!< SCB 
 472:Drivers/CMSIS/Include/core_cm4.h **** #define SCB_CPUID_IMPLEMENTER_Msk          (0xFFUL << SCB_CPUID_IMPLEMENTER_Pos)          /*!< SCB 
 473:Drivers/CMSIS/Include/core_cm4.h **** 
 474:Drivers/CMSIS/Include/core_cm4.h **** #define SCB_CPUID_VARIANT_Pos              20U                                            /*!< SCB 
 475:Drivers/CMSIS/Include/core_cm4.h **** #define SCB_CPUID_VARIANT_Msk              (0xFUL << SCB_CPUID_VARIANT_Pos)               /*!< SCB 
 476:Drivers/CMSIS/Include/core_cm4.h **** 
 477:Drivers/CMSIS/Include/core_cm4.h **** #define SCB_CPUID_ARCHITECTURE_Pos         16U                                            /*!< SCB 
 478:Drivers/CMSIS/Include/core_cm4.h **** #define SCB_CPUID_ARCHITECTURE_Msk         (0xFUL << SCB_CPUID_ARCHITECTURE_Pos)          /*!< SCB 
 479:Drivers/CMSIS/Include/core_cm4.h **** 
 480:Drivers/CMSIS/Include/core_cm4.h **** #define SCB_CPUID_PARTNO_Pos                4U                                            /*!< SCB 
 481:Drivers/CMSIS/Include/core_cm4.h **** #define SCB_CPUID_PARTNO_Msk               (0xFFFUL << SCB_CPUID_PARTNO_Pos)              /*!< SCB 
 482:Drivers/CMSIS/Include/core_cm4.h **** 
 483:Drivers/CMSIS/Include/core_cm4.h **** #define SCB_CPUID_REVISION_Pos              0U                                            /*!< SCB 
 484:Drivers/CMSIS/Include/core_cm4.h **** #define SCB_CPUID_REVISION_Msk             (0xFUL /*<< SCB_CPUID_REVISION_Pos*/)          /*!< SCB 
 485:Drivers/CMSIS/Include/core_cm4.h **** 
 486:Drivers/CMSIS/Include/core_cm4.h **** /* SCB Interrupt Control State Register Definitions */
ARM GAS  /var/folders/_n/tsb0ql0x2w94bsblh62rdcfr0000gn/T//cceS2NYb.s 			page 10


 487:Drivers/CMSIS/Include/core_cm4.h **** #define SCB_ICSR_NMIPENDSET_Pos            31U                                            /*!< SCB 
 488:Drivers/CMSIS/Include/core_cm4.h **** #define SCB_ICSR_NMIPENDSET_Msk            (1UL << SCB_ICSR_NMIPENDSET_Pos)               /*!< SCB 
 489:Drivers/CMSIS/Include/core_cm4.h **** 
 490:Drivers/CMSIS/Include/core_cm4.h **** #define SCB_ICSR_PENDSVSET_Pos             28U                                            /*!< SCB 
 491:Drivers/CMSIS/Include/core_cm4.h **** #define SCB_ICSR_PENDSVSET_Msk             (1UL << SCB_ICSR_PENDSVSET_Pos)                /*!< SCB 
 492:Drivers/CMSIS/Include/core_cm4.h **** 
 493:Drivers/CMSIS/Include/core_cm4.h **** #define SCB_ICSR_PENDSVCLR_Pos             27U                                            /*!< SCB 
 494:Drivers/CMSIS/Include/core_cm4.h **** #define SCB_ICSR_PENDSVCLR_Msk             (1UL << SCB_ICSR_PENDSVCLR_Pos)                /*!< SCB 
 495:Drivers/CMSIS/Include/core_cm4.h **** 
 496:Drivers/CMSIS/Include/core_cm4.h **** #define SCB_ICSR_PENDSTSET_Pos             26U                                            /*!< SCB 
 497:Drivers/CMSIS/Include/core_cm4.h **** #define SCB_ICSR_PENDSTSET_Msk             (1UL << SCB_ICSR_PENDSTSET_Pos)                /*!< SCB 
 498:Drivers/CMSIS/Include/core_cm4.h **** 
 499:Drivers/CMSIS/Include/core_cm4.h **** #define SCB_ICSR_PENDSTCLR_Pos             25U                                            /*!< SCB 
 500:Drivers/CMSIS/Include/core_cm4.h **** #define SCB_ICSR_PENDSTCLR_Msk             (1UL << SCB_ICSR_PENDSTCLR_Pos)                /*!< SCB 
 501:Drivers/CMSIS/Include/core_cm4.h **** 
 502:Drivers/CMSIS/Include/core_cm4.h **** #define SCB_ICSR_ISRPREEMPT_Pos            23U                                            /*!< SCB 
 503:Drivers/CMSIS/Include/core_cm4.h **** #define SCB_ICSR_ISRPREEMPT_Msk            (1UL << SCB_ICSR_ISRPREEMPT_Pos)               /*!< SCB 
 504:Drivers/CMSIS/Include/core_cm4.h **** 
 505:Drivers/CMSIS/Include/core_cm4.h **** #define SCB_ICSR_ISRPENDING_Pos            22U                                            /*!< SCB 
 506:Drivers/CMSIS/Include/core_cm4.h **** #define SCB_ICSR_ISRPENDING_Msk            (1UL << SCB_ICSR_ISRPENDING_Pos)               /*!< SCB 
 507:Drivers/CMSIS/Include/core_cm4.h **** 
 508:Drivers/CMSIS/Include/core_cm4.h **** #define SCB_ICSR_VECTPENDING_Pos           12U                                            /*!< SCB 
 509:Drivers/CMSIS/Include/core_cm4.h **** #define SCB_ICSR_VECTPENDING_Msk           (0x1FFUL << SCB_ICSR_VECTPENDING_Pos)          /*!< SCB 
 510:Drivers/CMSIS/Include/core_cm4.h **** 
 511:Drivers/CMSIS/Include/core_cm4.h **** #define SCB_ICSR_RETTOBASE_Pos             11U                                            /*!< SCB 
 512:Drivers/CMSIS/Include/core_cm4.h **** #define SCB_ICSR_RETTOBASE_Msk             (1UL << SCB_ICSR_RETTOBASE_Pos)                /*!< SCB 
 513:Drivers/CMSIS/Include/core_cm4.h **** 
 514:Drivers/CMSIS/Include/core_cm4.h **** #define SCB_ICSR_VECTACTIVE_Pos             0U                                            /*!< SCB 
 515:Drivers/CMSIS/Include/core_cm4.h **** #define SCB_ICSR_VECTACTIVE_Msk            (0x1FFUL /*<< SCB_ICSR_VECTACTIVE_Pos*/)       /*!< SCB 
 516:Drivers/CMSIS/Include/core_cm4.h **** 
 517:Drivers/CMSIS/Include/core_cm4.h **** /* SCB Vector Table Offset Register Definitions */
 518:Drivers/CMSIS/Include/core_cm4.h **** #define SCB_VTOR_TBLOFF_Pos                 7U                                            /*!< SCB 
 519:Drivers/CMSIS/Include/core_cm4.h **** #define SCB_VTOR_TBLOFF_Msk                (0x1FFFFFFUL << SCB_VTOR_TBLOFF_Pos)           /*!< SCB 
 520:Drivers/CMSIS/Include/core_cm4.h **** 
 521:Drivers/CMSIS/Include/core_cm4.h **** /* SCB Application Interrupt and Reset Control Register Definitions */
 522:Drivers/CMSIS/Include/core_cm4.h **** #define SCB_AIRCR_VECTKEY_Pos              16U                                            /*!< SCB 
 523:Drivers/CMSIS/Include/core_cm4.h **** #define SCB_AIRCR_VECTKEY_Msk              (0xFFFFUL << SCB_AIRCR_VECTKEY_Pos)            /*!< SCB 
 524:Drivers/CMSIS/Include/core_cm4.h **** 
 525:Drivers/CMSIS/Include/core_cm4.h **** #define SCB_AIRCR_VECTKEYSTAT_Pos          16U                                            /*!< SCB 
 526:Drivers/CMSIS/Include/core_cm4.h **** #define SCB_AIRCR_VECTKEYSTAT_Msk          (0xFFFFUL << SCB_AIRCR_VECTKEYSTAT_Pos)        /*!< SCB 
 527:Drivers/CMSIS/Include/core_cm4.h **** 
 528:Drivers/CMSIS/Include/core_cm4.h **** #define SCB_AIRCR_ENDIANESS_Pos            15U                                            /*!< SCB 
 529:Drivers/CMSIS/Include/core_cm4.h **** #define SCB_AIRCR_ENDIANESS_Msk            (1UL << SCB_AIRCR_ENDIANESS_Pos)               /*!< SCB 
 530:Drivers/CMSIS/Include/core_cm4.h **** 
 531:Drivers/CMSIS/Include/core_cm4.h **** #define SCB_AIRCR_PRIGROUP_Pos              8U                                            /*!< SCB 
 532:Drivers/CMSIS/Include/core_cm4.h **** #define SCB_AIRCR_PRIGROUP_Msk             (7UL << SCB_AIRCR_PRIGROUP_Pos)                /*!< SCB 
 533:Drivers/CMSIS/Include/core_cm4.h **** 
 534:Drivers/CMSIS/Include/core_cm4.h **** #define SCB_AIRCR_SYSRESETREQ_Pos           2U                                            /*!< SCB 
 535:Drivers/CMSIS/Include/core_cm4.h **** #define SCB_AIRCR_SYSRESETREQ_Msk          (1UL << SCB_AIRCR_SYSRESETREQ_Pos)             /*!< SCB 
 536:Drivers/CMSIS/Include/core_cm4.h **** 
 537:Drivers/CMSIS/Include/core_cm4.h **** #define SCB_AIRCR_VECTCLRACTIVE_Pos         1U                                            /*!< SCB 
 538:Drivers/CMSIS/Include/core_cm4.h **** #define SCB_AIRCR_VECTCLRACTIVE_Msk        (1UL << SCB_AIRCR_VECTCLRACTIVE_Pos)           /*!< SCB 
 539:Drivers/CMSIS/Include/core_cm4.h **** 
 540:Drivers/CMSIS/Include/core_cm4.h **** #define SCB_AIRCR_VECTRESET_Pos             0U                                            /*!< SCB 
 541:Drivers/CMSIS/Include/core_cm4.h **** #define SCB_AIRCR_VECTRESET_Msk            (1UL /*<< SCB_AIRCR_VECTRESET_Pos*/)           /*!< SCB 
 542:Drivers/CMSIS/Include/core_cm4.h **** 
 543:Drivers/CMSIS/Include/core_cm4.h **** /* SCB System Control Register Definitions */
ARM GAS  /var/folders/_n/tsb0ql0x2w94bsblh62rdcfr0000gn/T//cceS2NYb.s 			page 11


 544:Drivers/CMSIS/Include/core_cm4.h **** #define SCB_SCR_SEVONPEND_Pos               4U                                            /*!< SCB 
 545:Drivers/CMSIS/Include/core_cm4.h **** #define SCB_SCR_SEVONPEND_Msk              (1UL << SCB_SCR_SEVONPEND_Pos)                 /*!< SCB 
 546:Drivers/CMSIS/Include/core_cm4.h **** 
 547:Drivers/CMSIS/Include/core_cm4.h **** #define SCB_SCR_SLEEPDEEP_Pos               2U                                            /*!< SCB 
 548:Drivers/CMSIS/Include/core_cm4.h **** #define SCB_SCR_SLEEPDEEP_Msk              (1UL << SCB_SCR_SLEEPDEEP_Pos)                 /*!< SCB 
 549:Drivers/CMSIS/Include/core_cm4.h **** 
 550:Drivers/CMSIS/Include/core_cm4.h **** #define SCB_SCR_SLEEPONEXIT_Pos             1U                                            /*!< SCB 
 551:Drivers/CMSIS/Include/core_cm4.h **** #define SCB_SCR_SLEEPONEXIT_Msk            (1UL << SCB_SCR_SLEEPONEXIT_Pos)               /*!< SCB 
 552:Drivers/CMSIS/Include/core_cm4.h **** 
 553:Drivers/CMSIS/Include/core_cm4.h **** /* SCB Configuration Control Register Definitions */
 554:Drivers/CMSIS/Include/core_cm4.h **** #define SCB_CCR_STKALIGN_Pos                9U                                            /*!< SCB 
 555:Drivers/CMSIS/Include/core_cm4.h **** #define SCB_CCR_STKALIGN_Msk               (1UL << SCB_CCR_STKALIGN_Pos)                  /*!< SCB 
 556:Drivers/CMSIS/Include/core_cm4.h **** 
 557:Drivers/CMSIS/Include/core_cm4.h **** #define SCB_CCR_BFHFNMIGN_Pos               8U                                            /*!< SCB 
 558:Drivers/CMSIS/Include/core_cm4.h **** #define SCB_CCR_BFHFNMIGN_Msk              (1UL << SCB_CCR_BFHFNMIGN_Pos)                 /*!< SCB 
 559:Drivers/CMSIS/Include/core_cm4.h **** 
 560:Drivers/CMSIS/Include/core_cm4.h **** #define SCB_CCR_DIV_0_TRP_Pos               4U                                            /*!< SCB 
 561:Drivers/CMSIS/Include/core_cm4.h **** #define SCB_CCR_DIV_0_TRP_Msk              (1UL << SCB_CCR_DIV_0_TRP_Pos)                 /*!< SCB 
 562:Drivers/CMSIS/Include/core_cm4.h **** 
 563:Drivers/CMSIS/Include/core_cm4.h **** #define SCB_CCR_UNALIGN_TRP_Pos             3U                                            /*!< SCB 
 564:Drivers/CMSIS/Include/core_cm4.h **** #define SCB_CCR_UNALIGN_TRP_Msk            (1UL << SCB_CCR_UNALIGN_TRP_Pos)               /*!< SCB 
 565:Drivers/CMSIS/Include/core_cm4.h **** 
 566:Drivers/CMSIS/Include/core_cm4.h **** #define SCB_CCR_USERSETMPEND_Pos            1U                                            /*!< SCB 
 567:Drivers/CMSIS/Include/core_cm4.h **** #define SCB_CCR_USERSETMPEND_Msk           (1UL << SCB_CCR_USERSETMPEND_Pos)              /*!< SCB 
 568:Drivers/CMSIS/Include/core_cm4.h **** 
 569:Drivers/CMSIS/Include/core_cm4.h **** #define SCB_CCR_NONBASETHRDENA_Pos          0U                                            /*!< SCB 
 570:Drivers/CMSIS/Include/core_cm4.h **** #define SCB_CCR_NONBASETHRDENA_Msk         (1UL /*<< SCB_CCR_NONBASETHRDENA_Pos*/)        /*!< SCB 
 571:Drivers/CMSIS/Include/core_cm4.h **** 
 572:Drivers/CMSIS/Include/core_cm4.h **** /* SCB System Handler Control and State Register Definitions */
 573:Drivers/CMSIS/Include/core_cm4.h **** #define SCB_SHCSR_USGFAULTENA_Pos          18U                                            /*!< SCB 
 574:Drivers/CMSIS/Include/core_cm4.h **** #define SCB_SHCSR_USGFAULTENA_Msk          (1UL << SCB_SHCSR_USGFAULTENA_Pos)             /*!< SCB 
 575:Drivers/CMSIS/Include/core_cm4.h **** 
 576:Drivers/CMSIS/Include/core_cm4.h **** #define SCB_SHCSR_BUSFAULTENA_Pos          17U                                            /*!< SCB 
 577:Drivers/CMSIS/Include/core_cm4.h **** #define SCB_SHCSR_BUSFAULTENA_Msk          (1UL << SCB_SHCSR_BUSFAULTENA_Pos)             /*!< SCB 
 578:Drivers/CMSIS/Include/core_cm4.h **** 
 579:Drivers/CMSIS/Include/core_cm4.h **** #define SCB_SHCSR_MEMFAULTENA_Pos          16U                                            /*!< SCB 
 580:Drivers/CMSIS/Include/core_cm4.h **** #define SCB_SHCSR_MEMFAULTENA_Msk          (1UL << SCB_SHCSR_MEMFAULTENA_Pos)             /*!< SCB 
 581:Drivers/CMSIS/Include/core_cm4.h **** 
 582:Drivers/CMSIS/Include/core_cm4.h **** #define SCB_SHCSR_SVCALLPENDED_Pos         15U                                            /*!< SCB 
 583:Drivers/CMSIS/Include/core_cm4.h **** #define SCB_SHCSR_SVCALLPENDED_Msk         (1UL << SCB_SHCSR_SVCALLPENDED_Pos)            /*!< SCB 
 584:Drivers/CMSIS/Include/core_cm4.h **** 
 585:Drivers/CMSIS/Include/core_cm4.h **** #define SCB_SHCSR_BUSFAULTPENDED_Pos       14U                                            /*!< SCB 
 586:Drivers/CMSIS/Include/core_cm4.h **** #define SCB_SHCSR_BUSFAULTPENDED_Msk       (1UL << SCB_SHCSR_BUSFAULTPENDED_Pos)          /*!< SCB 
 587:Drivers/CMSIS/Include/core_cm4.h **** 
 588:Drivers/CMSIS/Include/core_cm4.h **** #define SCB_SHCSR_MEMFAULTPENDED_Pos       13U                                            /*!< SCB 
 589:Drivers/CMSIS/Include/core_cm4.h **** #define SCB_SHCSR_MEMFAULTPENDED_Msk       (1UL << SCB_SHCSR_MEMFAULTPENDED_Pos)          /*!< SCB 
 590:Drivers/CMSIS/Include/core_cm4.h **** 
 591:Drivers/CMSIS/Include/core_cm4.h **** #define SCB_SHCSR_USGFAULTPENDED_Pos       12U                                            /*!< SCB 
 592:Drivers/CMSIS/Include/core_cm4.h **** #define SCB_SHCSR_USGFAULTPENDED_Msk       (1UL << SCB_SHCSR_USGFAULTPENDED_Pos)          /*!< SCB 
 593:Drivers/CMSIS/Include/core_cm4.h **** 
 594:Drivers/CMSIS/Include/core_cm4.h **** #define SCB_SHCSR_SYSTICKACT_Pos           11U                                            /*!< SCB 
 595:Drivers/CMSIS/Include/core_cm4.h **** #define SCB_SHCSR_SYSTICKACT_Msk           (1UL << SCB_SHCSR_SYSTICKACT_Pos)              /*!< SCB 
 596:Drivers/CMSIS/Include/core_cm4.h **** 
 597:Drivers/CMSIS/Include/core_cm4.h **** #define SCB_SHCSR_PENDSVACT_Pos            10U                                            /*!< SCB 
 598:Drivers/CMSIS/Include/core_cm4.h **** #define SCB_SHCSR_PENDSVACT_Msk            (1UL << SCB_SHCSR_PENDSVACT_Pos)               /*!< SCB 
 599:Drivers/CMSIS/Include/core_cm4.h **** 
 600:Drivers/CMSIS/Include/core_cm4.h **** #define SCB_SHCSR_MONITORACT_Pos            8U                                            /*!< SCB 
ARM GAS  /var/folders/_n/tsb0ql0x2w94bsblh62rdcfr0000gn/T//cceS2NYb.s 			page 12


 601:Drivers/CMSIS/Include/core_cm4.h **** #define SCB_SHCSR_MONITORACT_Msk           (1UL << SCB_SHCSR_MONITORACT_Pos)              /*!< SCB 
 602:Drivers/CMSIS/Include/core_cm4.h **** 
 603:Drivers/CMSIS/Include/core_cm4.h **** #define SCB_SHCSR_SVCALLACT_Pos             7U                                            /*!< SCB 
 604:Drivers/CMSIS/Include/core_cm4.h **** #define SCB_SHCSR_SVCALLACT_Msk            (1UL << SCB_SHCSR_SVCALLACT_Pos)               /*!< SCB 
 605:Drivers/CMSIS/Include/core_cm4.h **** 
 606:Drivers/CMSIS/Include/core_cm4.h **** #define SCB_SHCSR_USGFAULTACT_Pos           3U                                            /*!< SCB 
 607:Drivers/CMSIS/Include/core_cm4.h **** #define SCB_SHCSR_USGFAULTACT_Msk          (1UL << SCB_SHCSR_USGFAULTACT_Pos)             /*!< SCB 
 608:Drivers/CMSIS/Include/core_cm4.h **** 
 609:Drivers/CMSIS/Include/core_cm4.h **** #define SCB_SHCSR_BUSFAULTACT_Pos           1U                                            /*!< SCB 
 610:Drivers/CMSIS/Include/core_cm4.h **** #define SCB_SHCSR_BUSFAULTACT_Msk          (1UL << SCB_SHCSR_BUSFAULTACT_Pos)             /*!< SCB 
 611:Drivers/CMSIS/Include/core_cm4.h **** 
 612:Drivers/CMSIS/Include/core_cm4.h **** #define SCB_SHCSR_MEMFAULTACT_Pos           0U                                            /*!< SCB 
 613:Drivers/CMSIS/Include/core_cm4.h **** #define SCB_SHCSR_MEMFAULTACT_Msk          (1UL /*<< SCB_SHCSR_MEMFAULTACT_Pos*/)         /*!< SCB 
 614:Drivers/CMSIS/Include/core_cm4.h **** 
 615:Drivers/CMSIS/Include/core_cm4.h **** /* SCB Configurable Fault Status Register Definitions */
 616:Drivers/CMSIS/Include/core_cm4.h **** #define SCB_CFSR_USGFAULTSR_Pos            16U                                            /*!< SCB 
 617:Drivers/CMSIS/Include/core_cm4.h **** #define SCB_CFSR_USGFAULTSR_Msk            (0xFFFFUL << SCB_CFSR_USGFAULTSR_Pos)          /*!< SCB 
 618:Drivers/CMSIS/Include/core_cm4.h **** 
 619:Drivers/CMSIS/Include/core_cm4.h **** #define SCB_CFSR_BUSFAULTSR_Pos             8U                                            /*!< SCB 
 620:Drivers/CMSIS/Include/core_cm4.h **** #define SCB_CFSR_BUSFAULTSR_Msk            (0xFFUL << SCB_CFSR_BUSFAULTSR_Pos)            /*!< SCB 
 621:Drivers/CMSIS/Include/core_cm4.h **** 
 622:Drivers/CMSIS/Include/core_cm4.h **** #define SCB_CFSR_MEMFAULTSR_Pos             0U                                            /*!< SCB 
 623:Drivers/CMSIS/Include/core_cm4.h **** #define SCB_CFSR_MEMFAULTSR_Msk            (0xFFUL /*<< SCB_CFSR_MEMFAULTSR_Pos*/)        /*!< SCB 
 624:Drivers/CMSIS/Include/core_cm4.h **** 
 625:Drivers/CMSIS/Include/core_cm4.h **** /* MemManage Fault Status Register (part of SCB Configurable Fault Status Register) */
 626:Drivers/CMSIS/Include/core_cm4.h **** #define SCB_CFSR_MMARVALID_Pos             (SCB_CFSR_MEMFAULTSR_Pos + 7U)                 /*!< SCB 
 627:Drivers/CMSIS/Include/core_cm4.h **** #define SCB_CFSR_MMARVALID_Msk             (1UL << SCB_CFSR_MMARVALID_Pos)                /*!< SCB 
 628:Drivers/CMSIS/Include/core_cm4.h **** 
 629:Drivers/CMSIS/Include/core_cm4.h **** #define SCB_CFSR_MLSPERR_Pos               (SCB_CFSR_MEMFAULTSR_Pos + 5U)                 /*!< SCB 
 630:Drivers/CMSIS/Include/core_cm4.h **** #define SCB_CFSR_MLSPERR_Msk               (1UL << SCB_CFSR_MLSPERR_Pos)                  /*!< SCB 
 631:Drivers/CMSIS/Include/core_cm4.h **** 
 632:Drivers/CMSIS/Include/core_cm4.h **** #define SCB_CFSR_MSTKERR_Pos               (SCB_CFSR_MEMFAULTSR_Pos + 4U)                 /*!< SCB 
 633:Drivers/CMSIS/Include/core_cm4.h **** #define SCB_CFSR_MSTKERR_Msk               (1UL << SCB_CFSR_MSTKERR_Pos)                  /*!< SCB 
 634:Drivers/CMSIS/Include/core_cm4.h **** 
 635:Drivers/CMSIS/Include/core_cm4.h **** #define SCB_CFSR_MUNSTKERR_Pos             (SCB_CFSR_MEMFAULTSR_Pos + 3U)                 /*!< SCB 
 636:Drivers/CMSIS/Include/core_cm4.h **** #define SCB_CFSR_MUNSTKERR_Msk             (1UL << SCB_CFSR_MUNSTKERR_Pos)                /*!< SCB 
 637:Drivers/CMSIS/Include/core_cm4.h **** 
 638:Drivers/CMSIS/Include/core_cm4.h **** #define SCB_CFSR_DACCVIOL_Pos              (SCB_CFSR_MEMFAULTSR_Pos + 1U)                 /*!< SCB 
 639:Drivers/CMSIS/Include/core_cm4.h **** #define SCB_CFSR_DACCVIOL_Msk              (1UL << SCB_CFSR_DACCVIOL_Pos)                 /*!< SCB 
 640:Drivers/CMSIS/Include/core_cm4.h **** 
 641:Drivers/CMSIS/Include/core_cm4.h **** #define SCB_CFSR_IACCVIOL_Pos              (SCB_CFSR_MEMFAULTSR_Pos + 0U)                 /*!< SCB 
 642:Drivers/CMSIS/Include/core_cm4.h **** #define SCB_CFSR_IACCVIOL_Msk              (1UL /*<< SCB_CFSR_IACCVIOL_Pos*/)             /*!< SCB 
 643:Drivers/CMSIS/Include/core_cm4.h **** 
 644:Drivers/CMSIS/Include/core_cm4.h **** /* BusFault Status Register (part of SCB Configurable Fault Status Register) */
 645:Drivers/CMSIS/Include/core_cm4.h **** #define SCB_CFSR_BFARVALID_Pos            (SCB_CFSR_BUSFAULTSR_Pos + 7U)                  /*!< SCB 
 646:Drivers/CMSIS/Include/core_cm4.h **** #define SCB_CFSR_BFARVALID_Msk            (1UL << SCB_CFSR_BFARVALID_Pos)                 /*!< SCB 
 647:Drivers/CMSIS/Include/core_cm4.h **** 
 648:Drivers/CMSIS/Include/core_cm4.h **** #define SCB_CFSR_LSPERR_Pos               (SCB_CFSR_BUSFAULTSR_Pos + 5U)                  /*!< SCB 
 649:Drivers/CMSIS/Include/core_cm4.h **** #define SCB_CFSR_LSPERR_Msk               (1UL << SCB_CFSR_LSPERR_Pos)                    /*!< SCB 
 650:Drivers/CMSIS/Include/core_cm4.h **** 
 651:Drivers/CMSIS/Include/core_cm4.h **** #define SCB_CFSR_STKERR_Pos               (SCB_CFSR_BUSFAULTSR_Pos + 4U)                  /*!< SCB 
 652:Drivers/CMSIS/Include/core_cm4.h **** #define SCB_CFSR_STKERR_Msk               (1UL << SCB_CFSR_STKERR_Pos)                    /*!< SCB 
 653:Drivers/CMSIS/Include/core_cm4.h **** 
 654:Drivers/CMSIS/Include/core_cm4.h **** #define SCB_CFSR_UNSTKERR_Pos             (SCB_CFSR_BUSFAULTSR_Pos + 3U)                  /*!< SCB 
 655:Drivers/CMSIS/Include/core_cm4.h **** #define SCB_CFSR_UNSTKERR_Msk             (1UL << SCB_CFSR_UNSTKERR_Pos)                  /*!< SCB 
 656:Drivers/CMSIS/Include/core_cm4.h **** 
 657:Drivers/CMSIS/Include/core_cm4.h **** #define SCB_CFSR_IMPRECISERR_Pos          (SCB_CFSR_BUSFAULTSR_Pos + 2U)                  /*!< SCB 
ARM GAS  /var/folders/_n/tsb0ql0x2w94bsblh62rdcfr0000gn/T//cceS2NYb.s 			page 13


 658:Drivers/CMSIS/Include/core_cm4.h **** #define SCB_CFSR_IMPRECISERR_Msk          (1UL << SCB_CFSR_IMPRECISERR_Pos)               /*!< SCB 
 659:Drivers/CMSIS/Include/core_cm4.h **** 
 660:Drivers/CMSIS/Include/core_cm4.h **** #define SCB_CFSR_PRECISERR_Pos            (SCB_CFSR_BUSFAULTSR_Pos + 1U)                  /*!< SCB 
 661:Drivers/CMSIS/Include/core_cm4.h **** #define SCB_CFSR_PRECISERR_Msk            (1UL << SCB_CFSR_PRECISERR_Pos)                 /*!< SCB 
 662:Drivers/CMSIS/Include/core_cm4.h **** 
 663:Drivers/CMSIS/Include/core_cm4.h **** #define SCB_CFSR_IBUSERR_Pos              (SCB_CFSR_BUSFAULTSR_Pos + 0U)                  /*!< SCB 
 664:Drivers/CMSIS/Include/core_cm4.h **** #define SCB_CFSR_IBUSERR_Msk              (1UL << SCB_CFSR_IBUSERR_Pos)                   /*!< SCB 
 665:Drivers/CMSIS/Include/core_cm4.h **** 
 666:Drivers/CMSIS/Include/core_cm4.h **** /* UsageFault Status Register (part of SCB Configurable Fault Status Register) */
 667:Drivers/CMSIS/Include/core_cm4.h **** #define SCB_CFSR_DIVBYZERO_Pos            (SCB_CFSR_USGFAULTSR_Pos + 9U)                  /*!< SCB 
 668:Drivers/CMSIS/Include/core_cm4.h **** #define SCB_CFSR_DIVBYZERO_Msk            (1UL << SCB_CFSR_DIVBYZERO_Pos)                 /*!< SCB 
 669:Drivers/CMSIS/Include/core_cm4.h **** 
 670:Drivers/CMSIS/Include/core_cm4.h **** #define SCB_CFSR_UNALIGNED_Pos            (SCB_CFSR_USGFAULTSR_Pos + 8U)                  /*!< SCB 
 671:Drivers/CMSIS/Include/core_cm4.h **** #define SCB_CFSR_UNALIGNED_Msk            (1UL << SCB_CFSR_UNALIGNED_Pos)                 /*!< SCB 
 672:Drivers/CMSIS/Include/core_cm4.h **** 
 673:Drivers/CMSIS/Include/core_cm4.h **** #define SCB_CFSR_NOCP_Pos                 (SCB_CFSR_USGFAULTSR_Pos + 3U)                  /*!< SCB 
 674:Drivers/CMSIS/Include/core_cm4.h **** #define SCB_CFSR_NOCP_Msk                 (1UL << SCB_CFSR_NOCP_Pos)                      /*!< SCB 
 675:Drivers/CMSIS/Include/core_cm4.h **** 
 676:Drivers/CMSIS/Include/core_cm4.h **** #define SCB_CFSR_INVPC_Pos                (SCB_CFSR_USGFAULTSR_Pos + 2U)                  /*!< SCB 
 677:Drivers/CMSIS/Include/core_cm4.h **** #define SCB_CFSR_INVPC_Msk                (1UL << SCB_CFSR_INVPC_Pos)                     /*!< SCB 
 678:Drivers/CMSIS/Include/core_cm4.h **** 
 679:Drivers/CMSIS/Include/core_cm4.h **** #define SCB_CFSR_INVSTATE_Pos             (SCB_CFSR_USGFAULTSR_Pos + 1U)                  /*!< SCB 
 680:Drivers/CMSIS/Include/core_cm4.h **** #define SCB_CFSR_INVSTATE_Msk             (1UL << SCB_CFSR_INVSTATE_Pos)                  /*!< SCB 
 681:Drivers/CMSIS/Include/core_cm4.h **** 
 682:Drivers/CMSIS/Include/core_cm4.h **** #define SCB_CFSR_UNDEFINSTR_Pos           (SCB_CFSR_USGFAULTSR_Pos + 0U)                  /*!< SCB 
 683:Drivers/CMSIS/Include/core_cm4.h **** #define SCB_CFSR_UNDEFINSTR_Msk           (1UL << SCB_CFSR_UNDEFINSTR_Pos)                /*!< SCB 
 684:Drivers/CMSIS/Include/core_cm4.h **** 
 685:Drivers/CMSIS/Include/core_cm4.h **** /* SCB Hard Fault Status Register Definitions */
 686:Drivers/CMSIS/Include/core_cm4.h **** #define SCB_HFSR_DEBUGEVT_Pos              31U                                            /*!< SCB 
 687:Drivers/CMSIS/Include/core_cm4.h **** #define SCB_HFSR_DEBUGEVT_Msk              (1UL << SCB_HFSR_DEBUGEVT_Pos)                 /*!< SCB 
 688:Drivers/CMSIS/Include/core_cm4.h **** 
 689:Drivers/CMSIS/Include/core_cm4.h **** #define SCB_HFSR_FORCED_Pos                30U                                            /*!< SCB 
 690:Drivers/CMSIS/Include/core_cm4.h **** #define SCB_HFSR_FORCED_Msk                (1UL << SCB_HFSR_FORCED_Pos)                   /*!< SCB 
 691:Drivers/CMSIS/Include/core_cm4.h **** 
 692:Drivers/CMSIS/Include/core_cm4.h **** #define SCB_HFSR_VECTTBL_Pos                1U                                            /*!< SCB 
 693:Drivers/CMSIS/Include/core_cm4.h **** #define SCB_HFSR_VECTTBL_Msk               (1UL << SCB_HFSR_VECTTBL_Pos)                  /*!< SCB 
 694:Drivers/CMSIS/Include/core_cm4.h **** 
 695:Drivers/CMSIS/Include/core_cm4.h **** /* SCB Debug Fault Status Register Definitions */
 696:Drivers/CMSIS/Include/core_cm4.h **** #define SCB_DFSR_EXTERNAL_Pos               4U                                            /*!< SCB 
 697:Drivers/CMSIS/Include/core_cm4.h **** #define SCB_DFSR_EXTERNAL_Msk              (1UL << SCB_DFSR_EXTERNAL_Pos)                 /*!< SCB 
 698:Drivers/CMSIS/Include/core_cm4.h **** 
 699:Drivers/CMSIS/Include/core_cm4.h **** #define SCB_DFSR_VCATCH_Pos                 3U                                            /*!< SCB 
 700:Drivers/CMSIS/Include/core_cm4.h **** #define SCB_DFSR_VCATCH_Msk                (1UL << SCB_DFSR_VCATCH_Pos)                   /*!< SCB 
 701:Drivers/CMSIS/Include/core_cm4.h **** 
 702:Drivers/CMSIS/Include/core_cm4.h **** #define SCB_DFSR_DWTTRAP_Pos                2U                                            /*!< SCB 
 703:Drivers/CMSIS/Include/core_cm4.h **** #define SCB_DFSR_DWTTRAP_Msk               (1UL << SCB_DFSR_DWTTRAP_Pos)                  /*!< SCB 
 704:Drivers/CMSIS/Include/core_cm4.h **** 
 705:Drivers/CMSIS/Include/core_cm4.h **** #define SCB_DFSR_BKPT_Pos                   1U                                            /*!< SCB 
 706:Drivers/CMSIS/Include/core_cm4.h **** #define SCB_DFSR_BKPT_Msk                  (1UL << SCB_DFSR_BKPT_Pos)                     /*!< SCB 
 707:Drivers/CMSIS/Include/core_cm4.h **** 
 708:Drivers/CMSIS/Include/core_cm4.h **** #define SCB_DFSR_HALTED_Pos                 0U                                            /*!< SCB 
 709:Drivers/CMSIS/Include/core_cm4.h **** #define SCB_DFSR_HALTED_Msk                (1UL /*<< SCB_DFSR_HALTED_Pos*/)               /*!< SCB 
 710:Drivers/CMSIS/Include/core_cm4.h **** 
 711:Drivers/CMSIS/Include/core_cm4.h **** /*@} end of group CMSIS_SCB */
 712:Drivers/CMSIS/Include/core_cm4.h **** 
 713:Drivers/CMSIS/Include/core_cm4.h **** 
 714:Drivers/CMSIS/Include/core_cm4.h **** /**
ARM GAS  /var/folders/_n/tsb0ql0x2w94bsblh62rdcfr0000gn/T//cceS2NYb.s 			page 14


 715:Drivers/CMSIS/Include/core_cm4.h ****   \ingroup  CMSIS_core_register
 716:Drivers/CMSIS/Include/core_cm4.h ****   \defgroup CMSIS_SCnSCB System Controls not in SCB (SCnSCB)
 717:Drivers/CMSIS/Include/core_cm4.h ****   \brief    Type definitions for the System Control and ID Register not in the SCB
 718:Drivers/CMSIS/Include/core_cm4.h ****   @{
 719:Drivers/CMSIS/Include/core_cm4.h ****  */
 720:Drivers/CMSIS/Include/core_cm4.h **** 
 721:Drivers/CMSIS/Include/core_cm4.h **** /**
 722:Drivers/CMSIS/Include/core_cm4.h ****   \brief  Structure type to access the System Control and ID Register not in the SCB.
 723:Drivers/CMSIS/Include/core_cm4.h ****  */
 724:Drivers/CMSIS/Include/core_cm4.h **** typedef struct
 725:Drivers/CMSIS/Include/core_cm4.h **** {
 726:Drivers/CMSIS/Include/core_cm4.h ****         uint32_t RESERVED0[1U];
 727:Drivers/CMSIS/Include/core_cm4.h ****   __IM  uint32_t ICTR;                   /*!< Offset: 0x004 (R/ )  Interrupt Controller Type Regist
 728:Drivers/CMSIS/Include/core_cm4.h ****   __IOM uint32_t ACTLR;                  /*!< Offset: 0x008 (R/W)  Auxiliary Control Register */
 729:Drivers/CMSIS/Include/core_cm4.h **** } SCnSCB_Type;
 730:Drivers/CMSIS/Include/core_cm4.h **** 
 731:Drivers/CMSIS/Include/core_cm4.h **** /* Interrupt Controller Type Register Definitions */
 732:Drivers/CMSIS/Include/core_cm4.h **** #define SCnSCB_ICTR_INTLINESNUM_Pos         0U                                         /*!< ICTR: I
 733:Drivers/CMSIS/Include/core_cm4.h **** #define SCnSCB_ICTR_INTLINESNUM_Msk        (0xFUL /*<< SCnSCB_ICTR_INTLINESNUM_Pos*/)  /*!< ICTR: I
 734:Drivers/CMSIS/Include/core_cm4.h **** 
 735:Drivers/CMSIS/Include/core_cm4.h **** /* Auxiliary Control Register Definitions */
 736:Drivers/CMSIS/Include/core_cm4.h **** #define SCnSCB_ACTLR_DISOOFP_Pos            9U                                         /*!< ACTLR: 
 737:Drivers/CMSIS/Include/core_cm4.h **** #define SCnSCB_ACTLR_DISOOFP_Msk           (1UL << SCnSCB_ACTLR_DISOOFP_Pos)           /*!< ACTLR: 
 738:Drivers/CMSIS/Include/core_cm4.h **** 
 739:Drivers/CMSIS/Include/core_cm4.h **** #define SCnSCB_ACTLR_DISFPCA_Pos            8U                                         /*!< ACTLR: 
 740:Drivers/CMSIS/Include/core_cm4.h **** #define SCnSCB_ACTLR_DISFPCA_Msk           (1UL << SCnSCB_ACTLR_DISFPCA_Pos)           /*!< ACTLR: 
 741:Drivers/CMSIS/Include/core_cm4.h **** 
 742:Drivers/CMSIS/Include/core_cm4.h **** #define SCnSCB_ACTLR_DISFOLD_Pos            2U                                         /*!< ACTLR: 
 743:Drivers/CMSIS/Include/core_cm4.h **** #define SCnSCB_ACTLR_DISFOLD_Msk           (1UL << SCnSCB_ACTLR_DISFOLD_Pos)           /*!< ACTLR: 
 744:Drivers/CMSIS/Include/core_cm4.h **** 
 745:Drivers/CMSIS/Include/core_cm4.h **** #define SCnSCB_ACTLR_DISDEFWBUF_Pos         1U                                         /*!< ACTLR: 
 746:Drivers/CMSIS/Include/core_cm4.h **** #define SCnSCB_ACTLR_DISDEFWBUF_Msk        (1UL << SCnSCB_ACTLR_DISDEFWBUF_Pos)        /*!< ACTLR: 
 747:Drivers/CMSIS/Include/core_cm4.h **** 
 748:Drivers/CMSIS/Include/core_cm4.h **** #define SCnSCB_ACTLR_DISMCYCINT_Pos         0U                                         /*!< ACTLR: 
 749:Drivers/CMSIS/Include/core_cm4.h **** #define SCnSCB_ACTLR_DISMCYCINT_Msk        (1UL /*<< SCnSCB_ACTLR_DISMCYCINT_Pos*/)    /*!< ACTLR: 
 750:Drivers/CMSIS/Include/core_cm4.h **** 
 751:Drivers/CMSIS/Include/core_cm4.h **** /*@} end of group CMSIS_SCnotSCB */
 752:Drivers/CMSIS/Include/core_cm4.h **** 
 753:Drivers/CMSIS/Include/core_cm4.h **** 
 754:Drivers/CMSIS/Include/core_cm4.h **** /**
 755:Drivers/CMSIS/Include/core_cm4.h ****   \ingroup  CMSIS_core_register
 756:Drivers/CMSIS/Include/core_cm4.h ****   \defgroup CMSIS_SysTick     System Tick Timer (SysTick)
 757:Drivers/CMSIS/Include/core_cm4.h ****   \brief    Type definitions for the System Timer Registers.
 758:Drivers/CMSIS/Include/core_cm4.h ****   @{
 759:Drivers/CMSIS/Include/core_cm4.h ****  */
 760:Drivers/CMSIS/Include/core_cm4.h **** 
 761:Drivers/CMSIS/Include/core_cm4.h **** /**
 762:Drivers/CMSIS/Include/core_cm4.h ****   \brief  Structure type to access the System Timer (SysTick).
 763:Drivers/CMSIS/Include/core_cm4.h ****  */
 764:Drivers/CMSIS/Include/core_cm4.h **** typedef struct
 765:Drivers/CMSIS/Include/core_cm4.h **** {
 766:Drivers/CMSIS/Include/core_cm4.h ****   __IOM uint32_t CTRL;                   /*!< Offset: 0x000 (R/W)  SysTick Control and Status Regis
 767:Drivers/CMSIS/Include/core_cm4.h ****   __IOM uint32_t LOAD;                   /*!< Offset: 0x004 (R/W)  SysTick Reload Value Register */
 768:Drivers/CMSIS/Include/core_cm4.h ****   __IOM uint32_t VAL;                    /*!< Offset: 0x008 (R/W)  SysTick Current Value Register *
 769:Drivers/CMSIS/Include/core_cm4.h ****   __IM  uint32_t CALIB;                  /*!< Offset: 0x00C (R/ )  SysTick Calibration Register */
 770:Drivers/CMSIS/Include/core_cm4.h **** } SysTick_Type;
 771:Drivers/CMSIS/Include/core_cm4.h **** 
ARM GAS  /var/folders/_n/tsb0ql0x2w94bsblh62rdcfr0000gn/T//cceS2NYb.s 			page 15


 772:Drivers/CMSIS/Include/core_cm4.h **** /* SysTick Control / Status Register Definitions */
 773:Drivers/CMSIS/Include/core_cm4.h **** #define SysTick_CTRL_COUNTFLAG_Pos         16U                                            /*!< SysT
 774:Drivers/CMSIS/Include/core_cm4.h **** #define SysTick_CTRL_COUNTFLAG_Msk         (1UL << SysTick_CTRL_COUNTFLAG_Pos)            /*!< SysT
 775:Drivers/CMSIS/Include/core_cm4.h **** 
 776:Drivers/CMSIS/Include/core_cm4.h **** #define SysTick_CTRL_CLKSOURCE_Pos          2U                                            /*!< SysT
 777:Drivers/CMSIS/Include/core_cm4.h **** #define SysTick_CTRL_CLKSOURCE_Msk         (1UL << SysTick_CTRL_CLKSOURCE_Pos)            /*!< SysT
 778:Drivers/CMSIS/Include/core_cm4.h **** 
 779:Drivers/CMSIS/Include/core_cm4.h **** #define SysTick_CTRL_TICKINT_Pos            1U                                            /*!< SysT
 780:Drivers/CMSIS/Include/core_cm4.h **** #define SysTick_CTRL_TICKINT_Msk           (1UL << SysTick_CTRL_TICKINT_Pos)              /*!< SysT
 781:Drivers/CMSIS/Include/core_cm4.h **** 
 782:Drivers/CMSIS/Include/core_cm4.h **** #define SysTick_CTRL_ENABLE_Pos             0U                                            /*!< SysT
 783:Drivers/CMSIS/Include/core_cm4.h **** #define SysTick_CTRL_ENABLE_Msk            (1UL /*<< SysTick_CTRL_ENABLE_Pos*/)           /*!< SysT
 784:Drivers/CMSIS/Include/core_cm4.h **** 
 785:Drivers/CMSIS/Include/core_cm4.h **** /* SysTick Reload Register Definitions */
 786:Drivers/CMSIS/Include/core_cm4.h **** #define SysTick_LOAD_RELOAD_Pos             0U                                            /*!< SysT
 787:Drivers/CMSIS/Include/core_cm4.h **** #define SysTick_LOAD_RELOAD_Msk            (0xFFFFFFUL /*<< SysTick_LOAD_RELOAD_Pos*/)    /*!< SysT
 788:Drivers/CMSIS/Include/core_cm4.h **** 
 789:Drivers/CMSIS/Include/core_cm4.h **** /* SysTick Current Register Definitions */
 790:Drivers/CMSIS/Include/core_cm4.h **** #define SysTick_VAL_CURRENT_Pos             0U                                            /*!< SysT
 791:Drivers/CMSIS/Include/core_cm4.h **** #define SysTick_VAL_CURRENT_Msk            (0xFFFFFFUL /*<< SysTick_VAL_CURRENT_Pos*/)    /*!< SysT
 792:Drivers/CMSIS/Include/core_cm4.h **** 
 793:Drivers/CMSIS/Include/core_cm4.h **** /* SysTick Calibration Register Definitions */
 794:Drivers/CMSIS/Include/core_cm4.h **** #define SysTick_CALIB_NOREF_Pos            31U                                            /*!< SysT
 795:Drivers/CMSIS/Include/core_cm4.h **** #define SysTick_CALIB_NOREF_Msk            (1UL << SysTick_CALIB_NOREF_Pos)               /*!< SysT
 796:Drivers/CMSIS/Include/core_cm4.h **** 
 797:Drivers/CMSIS/Include/core_cm4.h **** #define SysTick_CALIB_SKEW_Pos             30U                                            /*!< SysT
 798:Drivers/CMSIS/Include/core_cm4.h **** #define SysTick_CALIB_SKEW_Msk             (1UL << SysTick_CALIB_SKEW_Pos)                /*!< SysT
 799:Drivers/CMSIS/Include/core_cm4.h **** 
 800:Drivers/CMSIS/Include/core_cm4.h **** #define SysTick_CALIB_TENMS_Pos             0U                                            /*!< SysT
 801:Drivers/CMSIS/Include/core_cm4.h **** #define SysTick_CALIB_TENMS_Msk            (0xFFFFFFUL /*<< SysTick_CALIB_TENMS_Pos*/)    /*!< SysT
 802:Drivers/CMSIS/Include/core_cm4.h **** 
 803:Drivers/CMSIS/Include/core_cm4.h **** /*@} end of group CMSIS_SysTick */
 804:Drivers/CMSIS/Include/core_cm4.h **** 
 805:Drivers/CMSIS/Include/core_cm4.h **** 
 806:Drivers/CMSIS/Include/core_cm4.h **** /**
 807:Drivers/CMSIS/Include/core_cm4.h ****   \ingroup  CMSIS_core_register
 808:Drivers/CMSIS/Include/core_cm4.h ****   \defgroup CMSIS_ITM     Instrumentation Trace Macrocell (ITM)
 809:Drivers/CMSIS/Include/core_cm4.h ****   \brief    Type definitions for the Instrumentation Trace Macrocell (ITM)
 810:Drivers/CMSIS/Include/core_cm4.h ****   @{
 811:Drivers/CMSIS/Include/core_cm4.h ****  */
 812:Drivers/CMSIS/Include/core_cm4.h **** 
 813:Drivers/CMSIS/Include/core_cm4.h **** /**
 814:Drivers/CMSIS/Include/core_cm4.h ****   \brief  Structure type to access the Instrumentation Trace Macrocell Register (ITM).
 815:Drivers/CMSIS/Include/core_cm4.h ****  */
 816:Drivers/CMSIS/Include/core_cm4.h **** typedef struct
 817:Drivers/CMSIS/Include/core_cm4.h **** {
 818:Drivers/CMSIS/Include/core_cm4.h ****   __OM  union
 819:Drivers/CMSIS/Include/core_cm4.h ****   {
 820:Drivers/CMSIS/Include/core_cm4.h ****     __OM  uint8_t    u8;                 /*!< Offset: 0x000 ( /W)  ITM Stimulus Port 8-bit */
 821:Drivers/CMSIS/Include/core_cm4.h ****     __OM  uint16_t   u16;                /*!< Offset: 0x000 ( /W)  ITM Stimulus Port 16-bit */
 822:Drivers/CMSIS/Include/core_cm4.h ****     __OM  uint32_t   u32;                /*!< Offset: 0x000 ( /W)  ITM Stimulus Port 32-bit */
 823:Drivers/CMSIS/Include/core_cm4.h ****   }  PORT [32U];                         /*!< Offset: 0x000 ( /W)  ITM Stimulus Port Registers */
 824:Drivers/CMSIS/Include/core_cm4.h ****         uint32_t RESERVED0[864U];
 825:Drivers/CMSIS/Include/core_cm4.h ****   __IOM uint32_t TER;                    /*!< Offset: 0xE00 (R/W)  ITM Trace Enable Register */
 826:Drivers/CMSIS/Include/core_cm4.h ****         uint32_t RESERVED1[15U];
 827:Drivers/CMSIS/Include/core_cm4.h ****   __IOM uint32_t TPR;                    /*!< Offset: 0xE40 (R/W)  ITM Trace Privilege Register */
 828:Drivers/CMSIS/Include/core_cm4.h ****         uint32_t RESERVED2[15U];
ARM GAS  /var/folders/_n/tsb0ql0x2w94bsblh62rdcfr0000gn/T//cceS2NYb.s 			page 16


 829:Drivers/CMSIS/Include/core_cm4.h ****   __IOM uint32_t TCR;                    /*!< Offset: 0xE80 (R/W)  ITM Trace Control Register */
 830:Drivers/CMSIS/Include/core_cm4.h ****         uint32_t RESERVED3[32U];
 831:Drivers/CMSIS/Include/core_cm4.h ****         uint32_t RESERVED4[43U];
 832:Drivers/CMSIS/Include/core_cm4.h ****   __OM  uint32_t LAR;                    /*!< Offset: 0xFB0 ( /W)  ITM Lock Access Register */
 833:Drivers/CMSIS/Include/core_cm4.h ****   __IM  uint32_t LSR;                    /*!< Offset: 0xFB4 (R/ )  ITM Lock Status Register */
 834:Drivers/CMSIS/Include/core_cm4.h ****         uint32_t RESERVED5[6U];
 835:Drivers/CMSIS/Include/core_cm4.h ****   __IM  uint32_t PID4;                   /*!< Offset: 0xFD0 (R/ )  ITM Peripheral Identification Re
 836:Drivers/CMSIS/Include/core_cm4.h ****   __IM  uint32_t PID5;                   /*!< Offset: 0xFD4 (R/ )  ITM Peripheral Identification Re
 837:Drivers/CMSIS/Include/core_cm4.h ****   __IM  uint32_t PID6;                   /*!< Offset: 0xFD8 (R/ )  ITM Peripheral Identification Re
 838:Drivers/CMSIS/Include/core_cm4.h ****   __IM  uint32_t PID7;                   /*!< Offset: 0xFDC (R/ )  ITM Peripheral Identification Re
 839:Drivers/CMSIS/Include/core_cm4.h ****   __IM  uint32_t PID0;                   /*!< Offset: 0xFE0 (R/ )  ITM Peripheral Identification Re
 840:Drivers/CMSIS/Include/core_cm4.h ****   __IM  uint32_t PID1;                   /*!< Offset: 0xFE4 (R/ )  ITM Peripheral Identification Re
 841:Drivers/CMSIS/Include/core_cm4.h ****   __IM  uint32_t PID2;                   /*!< Offset: 0xFE8 (R/ )  ITM Peripheral Identification Re
 842:Drivers/CMSIS/Include/core_cm4.h ****   __IM  uint32_t PID3;                   /*!< Offset: 0xFEC (R/ )  ITM Peripheral Identification Re
 843:Drivers/CMSIS/Include/core_cm4.h ****   __IM  uint32_t CID0;                   /*!< Offset: 0xFF0 (R/ )  ITM Component  Identification Re
 844:Drivers/CMSIS/Include/core_cm4.h ****   __IM  uint32_t CID1;                   /*!< Offset: 0xFF4 (R/ )  ITM Component  Identification Re
 845:Drivers/CMSIS/Include/core_cm4.h ****   __IM  uint32_t CID2;                   /*!< Offset: 0xFF8 (R/ )  ITM Component  Identification Re
 846:Drivers/CMSIS/Include/core_cm4.h ****   __IM  uint32_t CID3;                   /*!< Offset: 0xFFC (R/ )  ITM Component  Identification Re
 847:Drivers/CMSIS/Include/core_cm4.h **** } ITM_Type;
 848:Drivers/CMSIS/Include/core_cm4.h **** 
 849:Drivers/CMSIS/Include/core_cm4.h **** /* ITM Trace Privilege Register Definitions */
 850:Drivers/CMSIS/Include/core_cm4.h **** #define ITM_TPR_PRIVMASK_Pos                0U                                            /*!< ITM 
 851:Drivers/CMSIS/Include/core_cm4.h **** #define ITM_TPR_PRIVMASK_Msk               (0xFFFFFFFFUL /*<< ITM_TPR_PRIVMASK_Pos*/)     /*!< ITM 
 852:Drivers/CMSIS/Include/core_cm4.h **** 
 853:Drivers/CMSIS/Include/core_cm4.h **** /* ITM Trace Control Register Definitions */
 854:Drivers/CMSIS/Include/core_cm4.h **** #define ITM_TCR_BUSY_Pos                   23U                                            /*!< ITM 
 855:Drivers/CMSIS/Include/core_cm4.h **** #define ITM_TCR_BUSY_Msk                   (1UL << ITM_TCR_BUSY_Pos)                      /*!< ITM 
 856:Drivers/CMSIS/Include/core_cm4.h **** 
 857:Drivers/CMSIS/Include/core_cm4.h **** #define ITM_TCR_TraceBusID_Pos             16U                                            /*!< ITM 
 858:Drivers/CMSIS/Include/core_cm4.h **** #define ITM_TCR_TraceBusID_Msk             (0x7FUL << ITM_TCR_TraceBusID_Pos)             /*!< ITM 
 859:Drivers/CMSIS/Include/core_cm4.h **** 
 860:Drivers/CMSIS/Include/core_cm4.h **** #define ITM_TCR_GTSFREQ_Pos                10U                                            /*!< ITM 
 861:Drivers/CMSIS/Include/core_cm4.h **** #define ITM_TCR_GTSFREQ_Msk                (3UL << ITM_TCR_GTSFREQ_Pos)                   /*!< ITM 
 862:Drivers/CMSIS/Include/core_cm4.h **** 
 863:Drivers/CMSIS/Include/core_cm4.h **** #define ITM_TCR_TSPrescale_Pos              8U                                            /*!< ITM 
 864:Drivers/CMSIS/Include/core_cm4.h **** #define ITM_TCR_TSPrescale_Msk             (3UL << ITM_TCR_TSPrescale_Pos)                /*!< ITM 
 865:Drivers/CMSIS/Include/core_cm4.h **** 
 866:Drivers/CMSIS/Include/core_cm4.h **** #define ITM_TCR_SWOENA_Pos                  4U                                            /*!< ITM 
 867:Drivers/CMSIS/Include/core_cm4.h **** #define ITM_TCR_SWOENA_Msk                 (1UL << ITM_TCR_SWOENA_Pos)                    /*!< ITM 
 868:Drivers/CMSIS/Include/core_cm4.h **** 
 869:Drivers/CMSIS/Include/core_cm4.h **** #define ITM_TCR_DWTENA_Pos                  3U                                            /*!< ITM 
 870:Drivers/CMSIS/Include/core_cm4.h **** #define ITM_TCR_DWTENA_Msk                 (1UL << ITM_TCR_DWTENA_Pos)                    /*!< ITM 
 871:Drivers/CMSIS/Include/core_cm4.h **** 
 872:Drivers/CMSIS/Include/core_cm4.h **** #define ITM_TCR_SYNCENA_Pos                 2U                                            /*!< ITM 
 873:Drivers/CMSIS/Include/core_cm4.h **** #define ITM_TCR_SYNCENA_Msk                (1UL << ITM_TCR_SYNCENA_Pos)                   /*!< ITM 
 874:Drivers/CMSIS/Include/core_cm4.h **** 
 875:Drivers/CMSIS/Include/core_cm4.h **** #define ITM_TCR_TSENA_Pos                   1U                                            /*!< ITM 
 876:Drivers/CMSIS/Include/core_cm4.h **** #define ITM_TCR_TSENA_Msk                  (1UL << ITM_TCR_TSENA_Pos)                     /*!< ITM 
 877:Drivers/CMSIS/Include/core_cm4.h **** 
 878:Drivers/CMSIS/Include/core_cm4.h **** #define ITM_TCR_ITMENA_Pos                  0U                                            /*!< ITM 
 879:Drivers/CMSIS/Include/core_cm4.h **** #define ITM_TCR_ITMENA_Msk                 (1UL /*<< ITM_TCR_ITMENA_Pos*/)                /*!< ITM 
 880:Drivers/CMSIS/Include/core_cm4.h **** 
 881:Drivers/CMSIS/Include/core_cm4.h **** /* ITM Lock Status Register Definitions */
 882:Drivers/CMSIS/Include/core_cm4.h **** #define ITM_LSR_ByteAcc_Pos                 2U                                            /*!< ITM 
 883:Drivers/CMSIS/Include/core_cm4.h **** #define ITM_LSR_ByteAcc_Msk                (1UL << ITM_LSR_ByteAcc_Pos)                   /*!< ITM 
 884:Drivers/CMSIS/Include/core_cm4.h **** 
 885:Drivers/CMSIS/Include/core_cm4.h **** #define ITM_LSR_Access_Pos                  1U                                            /*!< ITM 
ARM GAS  /var/folders/_n/tsb0ql0x2w94bsblh62rdcfr0000gn/T//cceS2NYb.s 			page 17


 886:Drivers/CMSIS/Include/core_cm4.h **** #define ITM_LSR_Access_Msk                 (1UL << ITM_LSR_Access_Pos)                    /*!< ITM 
 887:Drivers/CMSIS/Include/core_cm4.h **** 
 888:Drivers/CMSIS/Include/core_cm4.h **** #define ITM_LSR_Present_Pos                 0U                                            /*!< ITM 
 889:Drivers/CMSIS/Include/core_cm4.h **** #define ITM_LSR_Present_Msk                (1UL /*<< ITM_LSR_Present_Pos*/)               /*!< ITM 
 890:Drivers/CMSIS/Include/core_cm4.h **** 
 891:Drivers/CMSIS/Include/core_cm4.h **** /*@}*/ /* end of group CMSIS_ITM */
 892:Drivers/CMSIS/Include/core_cm4.h **** 
 893:Drivers/CMSIS/Include/core_cm4.h **** 
 894:Drivers/CMSIS/Include/core_cm4.h **** /**
 895:Drivers/CMSIS/Include/core_cm4.h ****   \ingroup  CMSIS_core_register
 896:Drivers/CMSIS/Include/core_cm4.h ****   \defgroup CMSIS_DWT     Data Watchpoint and Trace (DWT)
 897:Drivers/CMSIS/Include/core_cm4.h ****   \brief    Type definitions for the Data Watchpoint and Trace (DWT)
 898:Drivers/CMSIS/Include/core_cm4.h ****   @{
 899:Drivers/CMSIS/Include/core_cm4.h ****  */
 900:Drivers/CMSIS/Include/core_cm4.h **** 
 901:Drivers/CMSIS/Include/core_cm4.h **** /**
 902:Drivers/CMSIS/Include/core_cm4.h ****   \brief  Structure type to access the Data Watchpoint and Trace Register (DWT).
 903:Drivers/CMSIS/Include/core_cm4.h ****  */
 904:Drivers/CMSIS/Include/core_cm4.h **** typedef struct
 905:Drivers/CMSIS/Include/core_cm4.h **** {
 906:Drivers/CMSIS/Include/core_cm4.h ****   __IOM uint32_t CTRL;                   /*!< Offset: 0x000 (R/W)  Control Register */
 907:Drivers/CMSIS/Include/core_cm4.h ****   __IOM uint32_t CYCCNT;                 /*!< Offset: 0x004 (R/W)  Cycle Count Register */
 908:Drivers/CMSIS/Include/core_cm4.h ****   __IOM uint32_t CPICNT;                 /*!< Offset: 0x008 (R/W)  CPI Count Register */
 909:Drivers/CMSIS/Include/core_cm4.h ****   __IOM uint32_t EXCCNT;                 /*!< Offset: 0x00C (R/W)  Exception Overhead Count Registe
 910:Drivers/CMSIS/Include/core_cm4.h ****   __IOM uint32_t SLEEPCNT;               /*!< Offset: 0x010 (R/W)  Sleep Count Register */
 911:Drivers/CMSIS/Include/core_cm4.h ****   __IOM uint32_t LSUCNT;                 /*!< Offset: 0x014 (R/W)  LSU Count Register */
 912:Drivers/CMSIS/Include/core_cm4.h ****   __IOM uint32_t FOLDCNT;                /*!< Offset: 0x018 (R/W)  Folded-instruction Count Registe
 913:Drivers/CMSIS/Include/core_cm4.h ****   __IM  uint32_t PCSR;                   /*!< Offset: 0x01C (R/ )  Program Counter Sample Register 
 914:Drivers/CMSIS/Include/core_cm4.h ****   __IOM uint32_t COMP0;                  /*!< Offset: 0x020 (R/W)  Comparator Register 0 */
 915:Drivers/CMSIS/Include/core_cm4.h ****   __IOM uint32_t MASK0;                  /*!< Offset: 0x024 (R/W)  Mask Register 0 */
 916:Drivers/CMSIS/Include/core_cm4.h ****   __IOM uint32_t FUNCTION0;              /*!< Offset: 0x028 (R/W)  Function Register 0 */
 917:Drivers/CMSIS/Include/core_cm4.h ****         uint32_t RESERVED0[1U];
 918:Drivers/CMSIS/Include/core_cm4.h ****   __IOM uint32_t COMP1;                  /*!< Offset: 0x030 (R/W)  Comparator Register 1 */
 919:Drivers/CMSIS/Include/core_cm4.h ****   __IOM uint32_t MASK1;                  /*!< Offset: 0x034 (R/W)  Mask Register 1 */
 920:Drivers/CMSIS/Include/core_cm4.h ****   __IOM uint32_t FUNCTION1;              /*!< Offset: 0x038 (R/W)  Function Register 1 */
 921:Drivers/CMSIS/Include/core_cm4.h ****         uint32_t RESERVED1[1U];
 922:Drivers/CMSIS/Include/core_cm4.h ****   __IOM uint32_t COMP2;                  /*!< Offset: 0x040 (R/W)  Comparator Register 2 */
 923:Drivers/CMSIS/Include/core_cm4.h ****   __IOM uint32_t MASK2;                  /*!< Offset: 0x044 (R/W)  Mask Register 2 */
 924:Drivers/CMSIS/Include/core_cm4.h ****   __IOM uint32_t FUNCTION2;              /*!< Offset: 0x048 (R/W)  Function Register 2 */
 925:Drivers/CMSIS/Include/core_cm4.h ****         uint32_t RESERVED2[1U];
 926:Drivers/CMSIS/Include/core_cm4.h ****   __IOM uint32_t COMP3;                  /*!< Offset: 0x050 (R/W)  Comparator Register 3 */
 927:Drivers/CMSIS/Include/core_cm4.h ****   __IOM uint32_t MASK3;                  /*!< Offset: 0x054 (R/W)  Mask Register 3 */
 928:Drivers/CMSIS/Include/core_cm4.h ****   __IOM uint32_t FUNCTION3;              /*!< Offset: 0x058 (R/W)  Function Register 3 */
 929:Drivers/CMSIS/Include/core_cm4.h **** } DWT_Type;
 930:Drivers/CMSIS/Include/core_cm4.h **** 
 931:Drivers/CMSIS/Include/core_cm4.h **** /* DWT Control Register Definitions */
 932:Drivers/CMSIS/Include/core_cm4.h **** #define DWT_CTRL_NUMCOMP_Pos               28U                                         /*!< DWT CTR
 933:Drivers/CMSIS/Include/core_cm4.h **** #define DWT_CTRL_NUMCOMP_Msk               (0xFUL << DWT_CTRL_NUMCOMP_Pos)             /*!< DWT CTR
 934:Drivers/CMSIS/Include/core_cm4.h **** 
 935:Drivers/CMSIS/Include/core_cm4.h **** #define DWT_CTRL_NOTRCPKT_Pos              27U                                         /*!< DWT CTR
 936:Drivers/CMSIS/Include/core_cm4.h **** #define DWT_CTRL_NOTRCPKT_Msk              (0x1UL << DWT_CTRL_NOTRCPKT_Pos)            /*!< DWT CTR
 937:Drivers/CMSIS/Include/core_cm4.h **** 
 938:Drivers/CMSIS/Include/core_cm4.h **** #define DWT_CTRL_NOEXTTRIG_Pos             26U                                         /*!< DWT CTR
 939:Drivers/CMSIS/Include/core_cm4.h **** #define DWT_CTRL_NOEXTTRIG_Msk             (0x1UL << DWT_CTRL_NOEXTTRIG_Pos)           /*!< DWT CTR
 940:Drivers/CMSIS/Include/core_cm4.h **** 
 941:Drivers/CMSIS/Include/core_cm4.h **** #define DWT_CTRL_NOCYCCNT_Pos              25U                                         /*!< DWT CTR
 942:Drivers/CMSIS/Include/core_cm4.h **** #define DWT_CTRL_NOCYCCNT_Msk              (0x1UL << DWT_CTRL_NOCYCCNT_Pos)            /*!< DWT CTR
ARM GAS  /var/folders/_n/tsb0ql0x2w94bsblh62rdcfr0000gn/T//cceS2NYb.s 			page 18


 943:Drivers/CMSIS/Include/core_cm4.h **** 
 944:Drivers/CMSIS/Include/core_cm4.h **** #define DWT_CTRL_NOPRFCNT_Pos              24U                                         /*!< DWT CTR
 945:Drivers/CMSIS/Include/core_cm4.h **** #define DWT_CTRL_NOPRFCNT_Msk              (0x1UL << DWT_CTRL_NOPRFCNT_Pos)            /*!< DWT CTR
 946:Drivers/CMSIS/Include/core_cm4.h **** 
 947:Drivers/CMSIS/Include/core_cm4.h **** #define DWT_CTRL_CYCEVTENA_Pos             22U                                         /*!< DWT CTR
 948:Drivers/CMSIS/Include/core_cm4.h **** #define DWT_CTRL_CYCEVTENA_Msk             (0x1UL << DWT_CTRL_CYCEVTENA_Pos)           /*!< DWT CTR
 949:Drivers/CMSIS/Include/core_cm4.h **** 
 950:Drivers/CMSIS/Include/core_cm4.h **** #define DWT_CTRL_FOLDEVTENA_Pos            21U                                         /*!< DWT CTR
 951:Drivers/CMSIS/Include/core_cm4.h **** #define DWT_CTRL_FOLDEVTENA_Msk            (0x1UL << DWT_CTRL_FOLDEVTENA_Pos)          /*!< DWT CTR
 952:Drivers/CMSIS/Include/core_cm4.h **** 
 953:Drivers/CMSIS/Include/core_cm4.h **** #define DWT_CTRL_LSUEVTENA_Pos             20U                                         /*!< DWT CTR
 954:Drivers/CMSIS/Include/core_cm4.h **** #define DWT_CTRL_LSUEVTENA_Msk             (0x1UL << DWT_CTRL_LSUEVTENA_Pos)           /*!< DWT CTR
 955:Drivers/CMSIS/Include/core_cm4.h **** 
 956:Drivers/CMSIS/Include/core_cm4.h **** #define DWT_CTRL_SLEEPEVTENA_Pos           19U                                         /*!< DWT CTR
 957:Drivers/CMSIS/Include/core_cm4.h **** #define DWT_CTRL_SLEEPEVTENA_Msk           (0x1UL << DWT_CTRL_SLEEPEVTENA_Pos)         /*!< DWT CTR
 958:Drivers/CMSIS/Include/core_cm4.h **** 
 959:Drivers/CMSIS/Include/core_cm4.h **** #define DWT_CTRL_EXCEVTENA_Pos             18U                                         /*!< DWT CTR
 960:Drivers/CMSIS/Include/core_cm4.h **** #define DWT_CTRL_EXCEVTENA_Msk             (0x1UL << DWT_CTRL_EXCEVTENA_Pos)           /*!< DWT CTR
 961:Drivers/CMSIS/Include/core_cm4.h **** 
 962:Drivers/CMSIS/Include/core_cm4.h **** #define DWT_CTRL_CPIEVTENA_Pos             17U                                         /*!< DWT CTR
 963:Drivers/CMSIS/Include/core_cm4.h **** #define DWT_CTRL_CPIEVTENA_Msk             (0x1UL << DWT_CTRL_CPIEVTENA_Pos)           /*!< DWT CTR
 964:Drivers/CMSIS/Include/core_cm4.h **** 
 965:Drivers/CMSIS/Include/core_cm4.h **** #define DWT_CTRL_EXCTRCENA_Pos             16U                                         /*!< DWT CTR
 966:Drivers/CMSIS/Include/core_cm4.h **** #define DWT_CTRL_EXCTRCENA_Msk             (0x1UL << DWT_CTRL_EXCTRCENA_Pos)           /*!< DWT CTR
 967:Drivers/CMSIS/Include/core_cm4.h **** 
 968:Drivers/CMSIS/Include/core_cm4.h **** #define DWT_CTRL_PCSAMPLENA_Pos            12U                                         /*!< DWT CTR
 969:Drivers/CMSIS/Include/core_cm4.h **** #define DWT_CTRL_PCSAMPLENA_Msk            (0x1UL << DWT_CTRL_PCSAMPLENA_Pos)          /*!< DWT CTR
 970:Drivers/CMSIS/Include/core_cm4.h **** 
 971:Drivers/CMSIS/Include/core_cm4.h **** #define DWT_CTRL_SYNCTAP_Pos               10U                                         /*!< DWT CTR
 972:Drivers/CMSIS/Include/core_cm4.h **** #define DWT_CTRL_SYNCTAP_Msk               (0x3UL << DWT_CTRL_SYNCTAP_Pos)             /*!< DWT CTR
 973:Drivers/CMSIS/Include/core_cm4.h **** 
 974:Drivers/CMSIS/Include/core_cm4.h **** #define DWT_CTRL_CYCTAP_Pos                 9U                                         /*!< DWT CTR
 975:Drivers/CMSIS/Include/core_cm4.h **** #define DWT_CTRL_CYCTAP_Msk                (0x1UL << DWT_CTRL_CYCTAP_Pos)              /*!< DWT CTR
 976:Drivers/CMSIS/Include/core_cm4.h **** 
 977:Drivers/CMSIS/Include/core_cm4.h **** #define DWT_CTRL_POSTINIT_Pos               5U                                         /*!< DWT CTR
 978:Drivers/CMSIS/Include/core_cm4.h **** #define DWT_CTRL_POSTINIT_Msk              (0xFUL << DWT_CTRL_POSTINIT_Pos)            /*!< DWT CTR
 979:Drivers/CMSIS/Include/core_cm4.h **** 
 980:Drivers/CMSIS/Include/core_cm4.h **** #define DWT_CTRL_POSTPRESET_Pos             1U                                         /*!< DWT CTR
 981:Drivers/CMSIS/Include/core_cm4.h **** #define DWT_CTRL_POSTPRESET_Msk            (0xFUL << DWT_CTRL_POSTPRESET_Pos)          /*!< DWT CTR
 982:Drivers/CMSIS/Include/core_cm4.h **** 
 983:Drivers/CMSIS/Include/core_cm4.h **** #define DWT_CTRL_CYCCNTENA_Pos              0U                                         /*!< DWT CTR
 984:Drivers/CMSIS/Include/core_cm4.h **** #define DWT_CTRL_CYCCNTENA_Msk             (0x1UL /*<< DWT_CTRL_CYCCNTENA_Pos*/)       /*!< DWT CTR
 985:Drivers/CMSIS/Include/core_cm4.h **** 
 986:Drivers/CMSIS/Include/core_cm4.h **** /* DWT CPI Count Register Definitions */
 987:Drivers/CMSIS/Include/core_cm4.h **** #define DWT_CPICNT_CPICNT_Pos               0U                                         /*!< DWT CPI
 988:Drivers/CMSIS/Include/core_cm4.h **** #define DWT_CPICNT_CPICNT_Msk              (0xFFUL /*<< DWT_CPICNT_CPICNT_Pos*/)       /*!< DWT CPI
 989:Drivers/CMSIS/Include/core_cm4.h **** 
 990:Drivers/CMSIS/Include/core_cm4.h **** /* DWT Exception Overhead Count Register Definitions */
 991:Drivers/CMSIS/Include/core_cm4.h **** #define DWT_EXCCNT_EXCCNT_Pos               0U                                         /*!< DWT EXC
 992:Drivers/CMSIS/Include/core_cm4.h **** #define DWT_EXCCNT_EXCCNT_Msk              (0xFFUL /*<< DWT_EXCCNT_EXCCNT_Pos*/)       /*!< DWT EXC
 993:Drivers/CMSIS/Include/core_cm4.h **** 
 994:Drivers/CMSIS/Include/core_cm4.h **** /* DWT Sleep Count Register Definitions */
 995:Drivers/CMSIS/Include/core_cm4.h **** #define DWT_SLEEPCNT_SLEEPCNT_Pos           0U                                         /*!< DWT SLE
 996:Drivers/CMSIS/Include/core_cm4.h **** #define DWT_SLEEPCNT_SLEEPCNT_Msk          (0xFFUL /*<< DWT_SLEEPCNT_SLEEPCNT_Pos*/)   /*!< DWT SLE
 997:Drivers/CMSIS/Include/core_cm4.h **** 
 998:Drivers/CMSIS/Include/core_cm4.h **** /* DWT LSU Count Register Definitions */
 999:Drivers/CMSIS/Include/core_cm4.h **** #define DWT_LSUCNT_LSUCNT_Pos               0U                                         /*!< DWT LSU
ARM GAS  /var/folders/_n/tsb0ql0x2w94bsblh62rdcfr0000gn/T//cceS2NYb.s 			page 19


1000:Drivers/CMSIS/Include/core_cm4.h **** #define DWT_LSUCNT_LSUCNT_Msk              (0xFFUL /*<< DWT_LSUCNT_LSUCNT_Pos*/)       /*!< DWT LSU
1001:Drivers/CMSIS/Include/core_cm4.h **** 
1002:Drivers/CMSIS/Include/core_cm4.h **** /* DWT Folded-instruction Count Register Definitions */
1003:Drivers/CMSIS/Include/core_cm4.h **** #define DWT_FOLDCNT_FOLDCNT_Pos             0U                                         /*!< DWT FOL
1004:Drivers/CMSIS/Include/core_cm4.h **** #define DWT_FOLDCNT_FOLDCNT_Msk            (0xFFUL /*<< DWT_FOLDCNT_FOLDCNT_Pos*/)     /*!< DWT FOL
1005:Drivers/CMSIS/Include/core_cm4.h **** 
1006:Drivers/CMSIS/Include/core_cm4.h **** /* DWT Comparator Mask Register Definitions */
1007:Drivers/CMSIS/Include/core_cm4.h **** #define DWT_MASK_MASK_Pos                   0U                                         /*!< DWT MAS
1008:Drivers/CMSIS/Include/core_cm4.h **** #define DWT_MASK_MASK_Msk                  (0x1FUL /*<< DWT_MASK_MASK_Pos*/)           /*!< DWT MAS
1009:Drivers/CMSIS/Include/core_cm4.h **** 
1010:Drivers/CMSIS/Include/core_cm4.h **** /* DWT Comparator Function Register Definitions */
1011:Drivers/CMSIS/Include/core_cm4.h **** #define DWT_FUNCTION_MATCHED_Pos           24U                                         /*!< DWT FUN
1012:Drivers/CMSIS/Include/core_cm4.h **** #define DWT_FUNCTION_MATCHED_Msk           (0x1UL << DWT_FUNCTION_MATCHED_Pos)         /*!< DWT FUN
1013:Drivers/CMSIS/Include/core_cm4.h **** 
1014:Drivers/CMSIS/Include/core_cm4.h **** #define DWT_FUNCTION_DATAVADDR1_Pos        16U                                         /*!< DWT FUN
1015:Drivers/CMSIS/Include/core_cm4.h **** #define DWT_FUNCTION_DATAVADDR1_Msk        (0xFUL << DWT_FUNCTION_DATAVADDR1_Pos)      /*!< DWT FUN
1016:Drivers/CMSIS/Include/core_cm4.h **** 
1017:Drivers/CMSIS/Include/core_cm4.h **** #define DWT_FUNCTION_DATAVADDR0_Pos        12U                                         /*!< DWT FUN
1018:Drivers/CMSIS/Include/core_cm4.h **** #define DWT_FUNCTION_DATAVADDR0_Msk        (0xFUL << DWT_FUNCTION_DATAVADDR0_Pos)      /*!< DWT FUN
1019:Drivers/CMSIS/Include/core_cm4.h **** 
1020:Drivers/CMSIS/Include/core_cm4.h **** #define DWT_FUNCTION_DATAVSIZE_Pos         10U                                         /*!< DWT FUN
1021:Drivers/CMSIS/Include/core_cm4.h **** #define DWT_FUNCTION_DATAVSIZE_Msk         (0x3UL << DWT_FUNCTION_DATAVSIZE_Pos)       /*!< DWT FUN
1022:Drivers/CMSIS/Include/core_cm4.h **** 
1023:Drivers/CMSIS/Include/core_cm4.h **** #define DWT_FUNCTION_LNK1ENA_Pos            9U                                         /*!< DWT FUN
1024:Drivers/CMSIS/Include/core_cm4.h **** #define DWT_FUNCTION_LNK1ENA_Msk           (0x1UL << DWT_FUNCTION_LNK1ENA_Pos)         /*!< DWT FUN
1025:Drivers/CMSIS/Include/core_cm4.h **** 
1026:Drivers/CMSIS/Include/core_cm4.h **** #define DWT_FUNCTION_DATAVMATCH_Pos         8U                                         /*!< DWT FUN
1027:Drivers/CMSIS/Include/core_cm4.h **** #define DWT_FUNCTION_DATAVMATCH_Msk        (0x1UL << DWT_FUNCTION_DATAVMATCH_Pos)      /*!< DWT FUN
1028:Drivers/CMSIS/Include/core_cm4.h **** 
1029:Drivers/CMSIS/Include/core_cm4.h **** #define DWT_FUNCTION_CYCMATCH_Pos           7U                                         /*!< DWT FUN
1030:Drivers/CMSIS/Include/core_cm4.h **** #define DWT_FUNCTION_CYCMATCH_Msk          (0x1UL << DWT_FUNCTION_CYCMATCH_Pos)        /*!< DWT FUN
1031:Drivers/CMSIS/Include/core_cm4.h **** 
1032:Drivers/CMSIS/Include/core_cm4.h **** #define DWT_FUNCTION_EMITRANGE_Pos          5U                                         /*!< DWT FUN
1033:Drivers/CMSIS/Include/core_cm4.h **** #define DWT_FUNCTION_EMITRANGE_Msk         (0x1UL << DWT_FUNCTION_EMITRANGE_Pos)       /*!< DWT FUN
1034:Drivers/CMSIS/Include/core_cm4.h **** 
1035:Drivers/CMSIS/Include/core_cm4.h **** #define DWT_FUNCTION_FUNCTION_Pos           0U                                         /*!< DWT FUN
1036:Drivers/CMSIS/Include/core_cm4.h **** #define DWT_FUNCTION_FUNCTION_Msk          (0xFUL /*<< DWT_FUNCTION_FUNCTION_Pos*/)    /*!< DWT FUN
1037:Drivers/CMSIS/Include/core_cm4.h **** 
1038:Drivers/CMSIS/Include/core_cm4.h **** /*@}*/ /* end of group CMSIS_DWT */
1039:Drivers/CMSIS/Include/core_cm4.h **** 
1040:Drivers/CMSIS/Include/core_cm4.h **** 
1041:Drivers/CMSIS/Include/core_cm4.h **** /**
1042:Drivers/CMSIS/Include/core_cm4.h ****   \ingroup  CMSIS_core_register
1043:Drivers/CMSIS/Include/core_cm4.h ****   \defgroup CMSIS_TPI     Trace Port Interface (TPI)
1044:Drivers/CMSIS/Include/core_cm4.h ****   \brief    Type definitions for the Trace Port Interface (TPI)
1045:Drivers/CMSIS/Include/core_cm4.h ****   @{
1046:Drivers/CMSIS/Include/core_cm4.h ****  */
1047:Drivers/CMSIS/Include/core_cm4.h **** 
1048:Drivers/CMSIS/Include/core_cm4.h **** /**
1049:Drivers/CMSIS/Include/core_cm4.h ****   \brief  Structure type to access the Trace Port Interface Register (TPI).
1050:Drivers/CMSIS/Include/core_cm4.h ****  */
1051:Drivers/CMSIS/Include/core_cm4.h **** typedef struct
1052:Drivers/CMSIS/Include/core_cm4.h **** {
1053:Drivers/CMSIS/Include/core_cm4.h ****   __IM  uint32_t SSPSR;                  /*!< Offset: 0x000 (R/ )  Supported Parallel Port Size Reg
1054:Drivers/CMSIS/Include/core_cm4.h ****   __IOM uint32_t CSPSR;                  /*!< Offset: 0x004 (R/W)  Current Parallel Port Size Regis
1055:Drivers/CMSIS/Include/core_cm4.h ****         uint32_t RESERVED0[2U];
1056:Drivers/CMSIS/Include/core_cm4.h ****   __IOM uint32_t ACPR;                   /*!< Offset: 0x010 (R/W)  Asynchronous Clock Prescaler Reg
ARM GAS  /var/folders/_n/tsb0ql0x2w94bsblh62rdcfr0000gn/T//cceS2NYb.s 			page 20


1057:Drivers/CMSIS/Include/core_cm4.h ****         uint32_t RESERVED1[55U];
1058:Drivers/CMSIS/Include/core_cm4.h ****   __IOM uint32_t SPPR;                   /*!< Offset: 0x0F0 (R/W)  Selected Pin Protocol Register *
1059:Drivers/CMSIS/Include/core_cm4.h ****         uint32_t RESERVED2[131U];
1060:Drivers/CMSIS/Include/core_cm4.h ****   __IM  uint32_t FFSR;                   /*!< Offset: 0x300 (R/ )  Formatter and Flush Status Regis
1061:Drivers/CMSIS/Include/core_cm4.h ****   __IOM uint32_t FFCR;                   /*!< Offset: 0x304 (R/W)  Formatter and Flush Control Regi
1062:Drivers/CMSIS/Include/core_cm4.h ****   __IM  uint32_t FSCR;                   /*!< Offset: 0x308 (R/ )  Formatter Synchronization Counte
1063:Drivers/CMSIS/Include/core_cm4.h ****         uint32_t RESERVED3[759U];
1064:Drivers/CMSIS/Include/core_cm4.h ****   __IM  uint32_t TRIGGER;                /*!< Offset: 0xEE8 (R/ )  TRIGGER Register */
1065:Drivers/CMSIS/Include/core_cm4.h ****   __IM  uint32_t FIFO0;                  /*!< Offset: 0xEEC (R/ )  Integration ETM Data */
1066:Drivers/CMSIS/Include/core_cm4.h ****   __IM  uint32_t ITATBCTR2;              /*!< Offset: 0xEF0 (R/ )  ITATBCTR2 */
1067:Drivers/CMSIS/Include/core_cm4.h ****         uint32_t RESERVED4[1U];
1068:Drivers/CMSIS/Include/core_cm4.h ****   __IM  uint32_t ITATBCTR0;              /*!< Offset: 0xEF8 (R/ )  ITATBCTR0 */
1069:Drivers/CMSIS/Include/core_cm4.h ****   __IM  uint32_t FIFO1;                  /*!< Offset: 0xEFC (R/ )  Integration ITM Data */
1070:Drivers/CMSIS/Include/core_cm4.h ****   __IOM uint32_t ITCTRL;                 /*!< Offset: 0xF00 (R/W)  Integration Mode Control */
1071:Drivers/CMSIS/Include/core_cm4.h ****         uint32_t RESERVED5[39U];
1072:Drivers/CMSIS/Include/core_cm4.h ****   __IOM uint32_t CLAIMSET;               /*!< Offset: 0xFA0 (R/W)  Claim tag set */
1073:Drivers/CMSIS/Include/core_cm4.h ****   __IOM uint32_t CLAIMCLR;               /*!< Offset: 0xFA4 (R/W)  Claim tag clear */
1074:Drivers/CMSIS/Include/core_cm4.h ****         uint32_t RESERVED7[8U];
1075:Drivers/CMSIS/Include/core_cm4.h ****   __IM  uint32_t DEVID;                  /*!< Offset: 0xFC8 (R/ )  TPIU_DEVID */
1076:Drivers/CMSIS/Include/core_cm4.h ****   __IM  uint32_t DEVTYPE;                /*!< Offset: 0xFCC (R/ )  TPIU_DEVTYPE */
1077:Drivers/CMSIS/Include/core_cm4.h **** } TPI_Type;
1078:Drivers/CMSIS/Include/core_cm4.h **** 
1079:Drivers/CMSIS/Include/core_cm4.h **** /* TPI Asynchronous Clock Prescaler Register Definitions */
1080:Drivers/CMSIS/Include/core_cm4.h **** #define TPI_ACPR_PRESCALER_Pos              0U                                         /*!< TPI ACP
1081:Drivers/CMSIS/Include/core_cm4.h **** #define TPI_ACPR_PRESCALER_Msk             (0x1FFFUL /*<< TPI_ACPR_PRESCALER_Pos*/)    /*!< TPI ACP
1082:Drivers/CMSIS/Include/core_cm4.h **** 
1083:Drivers/CMSIS/Include/core_cm4.h **** /* TPI Selected Pin Protocol Register Definitions */
1084:Drivers/CMSIS/Include/core_cm4.h **** #define TPI_SPPR_TXMODE_Pos                 0U                                         /*!< TPI SPP
1085:Drivers/CMSIS/Include/core_cm4.h **** #define TPI_SPPR_TXMODE_Msk                (0x3UL /*<< TPI_SPPR_TXMODE_Pos*/)          /*!< TPI SPP
1086:Drivers/CMSIS/Include/core_cm4.h **** 
1087:Drivers/CMSIS/Include/core_cm4.h **** /* TPI Formatter and Flush Status Register Definitions */
1088:Drivers/CMSIS/Include/core_cm4.h **** #define TPI_FFSR_FtNonStop_Pos              3U                                         /*!< TPI FFS
1089:Drivers/CMSIS/Include/core_cm4.h **** #define TPI_FFSR_FtNonStop_Msk             (0x1UL << TPI_FFSR_FtNonStop_Pos)           /*!< TPI FFS
1090:Drivers/CMSIS/Include/core_cm4.h **** 
1091:Drivers/CMSIS/Include/core_cm4.h **** #define TPI_FFSR_TCPresent_Pos              2U                                         /*!< TPI FFS
1092:Drivers/CMSIS/Include/core_cm4.h **** #define TPI_FFSR_TCPresent_Msk             (0x1UL << TPI_FFSR_TCPresent_Pos)           /*!< TPI FFS
1093:Drivers/CMSIS/Include/core_cm4.h **** 
1094:Drivers/CMSIS/Include/core_cm4.h **** #define TPI_FFSR_FtStopped_Pos              1U                                         /*!< TPI FFS
1095:Drivers/CMSIS/Include/core_cm4.h **** #define TPI_FFSR_FtStopped_Msk             (0x1UL << TPI_FFSR_FtStopped_Pos)           /*!< TPI FFS
1096:Drivers/CMSIS/Include/core_cm4.h **** 
1097:Drivers/CMSIS/Include/core_cm4.h **** #define TPI_FFSR_FlInProg_Pos               0U                                         /*!< TPI FFS
1098:Drivers/CMSIS/Include/core_cm4.h **** #define TPI_FFSR_FlInProg_Msk              (0x1UL /*<< TPI_FFSR_FlInProg_Pos*/)        /*!< TPI FFS
1099:Drivers/CMSIS/Include/core_cm4.h **** 
1100:Drivers/CMSIS/Include/core_cm4.h **** /* TPI Formatter and Flush Control Register Definitions */
1101:Drivers/CMSIS/Include/core_cm4.h **** #define TPI_FFCR_TrigIn_Pos                 8U                                         /*!< TPI FFC
1102:Drivers/CMSIS/Include/core_cm4.h **** #define TPI_FFCR_TrigIn_Msk                (0x1UL << TPI_FFCR_TrigIn_Pos)              /*!< TPI FFC
1103:Drivers/CMSIS/Include/core_cm4.h **** 
1104:Drivers/CMSIS/Include/core_cm4.h **** #define TPI_FFCR_EnFCont_Pos                1U                                         /*!< TPI FFC
1105:Drivers/CMSIS/Include/core_cm4.h **** #define TPI_FFCR_EnFCont_Msk               (0x1UL << TPI_FFCR_EnFCont_Pos)             /*!< TPI FFC
1106:Drivers/CMSIS/Include/core_cm4.h **** 
1107:Drivers/CMSIS/Include/core_cm4.h **** /* TPI TRIGGER Register Definitions */
1108:Drivers/CMSIS/Include/core_cm4.h **** #define TPI_TRIGGER_TRIGGER_Pos             0U                                         /*!< TPI TRI
1109:Drivers/CMSIS/Include/core_cm4.h **** #define TPI_TRIGGER_TRIGGER_Msk            (0x1UL /*<< TPI_TRIGGER_TRIGGER_Pos*/)      /*!< TPI TRI
1110:Drivers/CMSIS/Include/core_cm4.h **** 
1111:Drivers/CMSIS/Include/core_cm4.h **** /* TPI Integration ETM Data Register Definitions (FIFO0) */
1112:Drivers/CMSIS/Include/core_cm4.h **** #define TPI_FIFO0_ITM_ATVALID_Pos          29U                                         /*!< TPI FIF
1113:Drivers/CMSIS/Include/core_cm4.h **** #define TPI_FIFO0_ITM_ATVALID_Msk          (0x1UL << TPI_FIFO0_ITM_ATVALID_Pos)        /*!< TPI FIF
ARM GAS  /var/folders/_n/tsb0ql0x2w94bsblh62rdcfr0000gn/T//cceS2NYb.s 			page 21


1114:Drivers/CMSIS/Include/core_cm4.h **** 
1115:Drivers/CMSIS/Include/core_cm4.h **** #define TPI_FIFO0_ITM_bytecount_Pos        27U                                         /*!< TPI FIF
1116:Drivers/CMSIS/Include/core_cm4.h **** #define TPI_FIFO0_ITM_bytecount_Msk        (0x3UL << TPI_FIFO0_ITM_bytecount_Pos)      /*!< TPI FIF
1117:Drivers/CMSIS/Include/core_cm4.h **** 
1118:Drivers/CMSIS/Include/core_cm4.h **** #define TPI_FIFO0_ETM_ATVALID_Pos          26U                                         /*!< TPI FIF
1119:Drivers/CMSIS/Include/core_cm4.h **** #define TPI_FIFO0_ETM_ATVALID_Msk          (0x1UL << TPI_FIFO0_ETM_ATVALID_Pos)        /*!< TPI FIF
1120:Drivers/CMSIS/Include/core_cm4.h **** 
1121:Drivers/CMSIS/Include/core_cm4.h **** #define TPI_FIFO0_ETM_bytecount_Pos        24U                                         /*!< TPI FIF
1122:Drivers/CMSIS/Include/core_cm4.h **** #define TPI_FIFO0_ETM_bytecount_Msk        (0x3UL << TPI_FIFO0_ETM_bytecount_Pos)      /*!< TPI FIF
1123:Drivers/CMSIS/Include/core_cm4.h **** 
1124:Drivers/CMSIS/Include/core_cm4.h **** #define TPI_FIFO0_ETM2_Pos                 16U                                         /*!< TPI FIF
1125:Drivers/CMSIS/Include/core_cm4.h **** #define TPI_FIFO0_ETM2_Msk                 (0xFFUL << TPI_FIFO0_ETM2_Pos)              /*!< TPI FIF
1126:Drivers/CMSIS/Include/core_cm4.h **** 
1127:Drivers/CMSIS/Include/core_cm4.h **** #define TPI_FIFO0_ETM1_Pos                  8U                                         /*!< TPI FIF
1128:Drivers/CMSIS/Include/core_cm4.h **** #define TPI_FIFO0_ETM1_Msk                 (0xFFUL << TPI_FIFO0_ETM1_Pos)              /*!< TPI FIF
1129:Drivers/CMSIS/Include/core_cm4.h **** 
1130:Drivers/CMSIS/Include/core_cm4.h **** #define TPI_FIFO0_ETM0_Pos                  0U                                         /*!< TPI FIF
1131:Drivers/CMSIS/Include/core_cm4.h **** #define TPI_FIFO0_ETM0_Msk                 (0xFFUL /*<< TPI_FIFO0_ETM0_Pos*/)          /*!< TPI FIF
1132:Drivers/CMSIS/Include/core_cm4.h **** 
1133:Drivers/CMSIS/Include/core_cm4.h **** /* TPI ITATBCTR2 Register Definitions */
1134:Drivers/CMSIS/Include/core_cm4.h **** #define TPI_ITATBCTR2_ATREADY2_Pos          0U                                         /*!< TPI ITA
1135:Drivers/CMSIS/Include/core_cm4.h **** #define TPI_ITATBCTR2_ATREADY2_Msk         (0x1UL /*<< TPI_ITATBCTR2_ATREADY2_Pos*/)   /*!< TPI ITA
1136:Drivers/CMSIS/Include/core_cm4.h **** 
1137:Drivers/CMSIS/Include/core_cm4.h **** #define TPI_ITATBCTR2_ATREADY1_Pos          0U                                         /*!< TPI ITA
1138:Drivers/CMSIS/Include/core_cm4.h **** #define TPI_ITATBCTR2_ATREADY1_Msk         (0x1UL /*<< TPI_ITATBCTR2_ATREADY1_Pos*/)   /*!< TPI ITA
1139:Drivers/CMSIS/Include/core_cm4.h **** 
1140:Drivers/CMSIS/Include/core_cm4.h **** /* TPI Integration ITM Data Register Definitions (FIFO1) */
1141:Drivers/CMSIS/Include/core_cm4.h **** #define TPI_FIFO1_ITM_ATVALID_Pos          29U                                         /*!< TPI FIF
1142:Drivers/CMSIS/Include/core_cm4.h **** #define TPI_FIFO1_ITM_ATVALID_Msk          (0x1UL << TPI_FIFO1_ITM_ATVALID_Pos)        /*!< TPI FIF
1143:Drivers/CMSIS/Include/core_cm4.h **** 
1144:Drivers/CMSIS/Include/core_cm4.h **** #define TPI_FIFO1_ITM_bytecount_Pos        27U                                         /*!< TPI FIF
1145:Drivers/CMSIS/Include/core_cm4.h **** #define TPI_FIFO1_ITM_bytecount_Msk        (0x3UL << TPI_FIFO1_ITM_bytecount_Pos)      /*!< TPI FIF
1146:Drivers/CMSIS/Include/core_cm4.h **** 
1147:Drivers/CMSIS/Include/core_cm4.h **** #define TPI_FIFO1_ETM_ATVALID_Pos          26U                                         /*!< TPI FIF
1148:Drivers/CMSIS/Include/core_cm4.h **** #define TPI_FIFO1_ETM_ATVALID_Msk          (0x1UL << TPI_FIFO1_ETM_ATVALID_Pos)        /*!< TPI FIF
1149:Drivers/CMSIS/Include/core_cm4.h **** 
1150:Drivers/CMSIS/Include/core_cm4.h **** #define TPI_FIFO1_ETM_bytecount_Pos        24U                                         /*!< TPI FIF
1151:Drivers/CMSIS/Include/core_cm4.h **** #define TPI_FIFO1_ETM_bytecount_Msk        (0x3UL << TPI_FIFO1_ETM_bytecount_Pos)      /*!< TPI FIF
1152:Drivers/CMSIS/Include/core_cm4.h **** 
1153:Drivers/CMSIS/Include/core_cm4.h **** #define TPI_FIFO1_ITM2_Pos                 16U                                         /*!< TPI FIF
1154:Drivers/CMSIS/Include/core_cm4.h **** #define TPI_FIFO1_ITM2_Msk                 (0xFFUL << TPI_FIFO1_ITM2_Pos)              /*!< TPI FIF
1155:Drivers/CMSIS/Include/core_cm4.h **** 
1156:Drivers/CMSIS/Include/core_cm4.h **** #define TPI_FIFO1_ITM1_Pos                  8U                                         /*!< TPI FIF
1157:Drivers/CMSIS/Include/core_cm4.h **** #define TPI_FIFO1_ITM1_Msk                 (0xFFUL << TPI_FIFO1_ITM1_Pos)              /*!< TPI FIF
1158:Drivers/CMSIS/Include/core_cm4.h **** 
1159:Drivers/CMSIS/Include/core_cm4.h **** #define TPI_FIFO1_ITM0_Pos                  0U                                         /*!< TPI FIF
1160:Drivers/CMSIS/Include/core_cm4.h **** #define TPI_FIFO1_ITM0_Msk                 (0xFFUL /*<< TPI_FIFO1_ITM0_Pos*/)          /*!< TPI FIF
1161:Drivers/CMSIS/Include/core_cm4.h **** 
1162:Drivers/CMSIS/Include/core_cm4.h **** /* TPI ITATBCTR0 Register Definitions */
1163:Drivers/CMSIS/Include/core_cm4.h **** #define TPI_ITATBCTR0_ATREADY2_Pos          0U                                         /*!< TPI ITA
1164:Drivers/CMSIS/Include/core_cm4.h **** #define TPI_ITATBCTR0_ATREADY2_Msk         (0x1UL /*<< TPI_ITATBCTR0_ATREADY2_Pos*/)   /*!< TPI ITA
1165:Drivers/CMSIS/Include/core_cm4.h **** 
1166:Drivers/CMSIS/Include/core_cm4.h **** #define TPI_ITATBCTR0_ATREADY1_Pos          0U                                         /*!< TPI ITA
1167:Drivers/CMSIS/Include/core_cm4.h **** #define TPI_ITATBCTR0_ATREADY1_Msk         (0x1UL /*<< TPI_ITATBCTR0_ATREADY1_Pos*/)   /*!< TPI ITA
1168:Drivers/CMSIS/Include/core_cm4.h **** 
1169:Drivers/CMSIS/Include/core_cm4.h **** /* TPI Integration Mode Control Register Definitions */
1170:Drivers/CMSIS/Include/core_cm4.h **** #define TPI_ITCTRL_Mode_Pos                 0U                                         /*!< TPI ITC
ARM GAS  /var/folders/_n/tsb0ql0x2w94bsblh62rdcfr0000gn/T//cceS2NYb.s 			page 22


1171:Drivers/CMSIS/Include/core_cm4.h **** #define TPI_ITCTRL_Mode_Msk                (0x3UL /*<< TPI_ITCTRL_Mode_Pos*/)          /*!< TPI ITC
1172:Drivers/CMSIS/Include/core_cm4.h **** 
1173:Drivers/CMSIS/Include/core_cm4.h **** /* TPI DEVID Register Definitions */
1174:Drivers/CMSIS/Include/core_cm4.h **** #define TPI_DEVID_NRZVALID_Pos             11U                                         /*!< TPI DEV
1175:Drivers/CMSIS/Include/core_cm4.h **** #define TPI_DEVID_NRZVALID_Msk             (0x1UL << TPI_DEVID_NRZVALID_Pos)           /*!< TPI DEV
1176:Drivers/CMSIS/Include/core_cm4.h **** 
1177:Drivers/CMSIS/Include/core_cm4.h **** #define TPI_DEVID_MANCVALID_Pos            10U                                         /*!< TPI DEV
1178:Drivers/CMSIS/Include/core_cm4.h **** #define TPI_DEVID_MANCVALID_Msk            (0x1UL << TPI_DEVID_MANCVALID_Pos)          /*!< TPI DEV
1179:Drivers/CMSIS/Include/core_cm4.h **** 
1180:Drivers/CMSIS/Include/core_cm4.h **** #define TPI_DEVID_PTINVALID_Pos             9U                                         /*!< TPI DEV
1181:Drivers/CMSIS/Include/core_cm4.h **** #define TPI_DEVID_PTINVALID_Msk            (0x1UL << TPI_DEVID_PTINVALID_Pos)          /*!< TPI DEV
1182:Drivers/CMSIS/Include/core_cm4.h **** 
1183:Drivers/CMSIS/Include/core_cm4.h **** #define TPI_DEVID_MinBufSz_Pos              6U                                         /*!< TPI DEV
1184:Drivers/CMSIS/Include/core_cm4.h **** #define TPI_DEVID_MinBufSz_Msk             (0x7UL << TPI_DEVID_MinBufSz_Pos)           /*!< TPI DEV
1185:Drivers/CMSIS/Include/core_cm4.h **** 
1186:Drivers/CMSIS/Include/core_cm4.h **** #define TPI_DEVID_AsynClkIn_Pos             5U                                         /*!< TPI DEV
1187:Drivers/CMSIS/Include/core_cm4.h **** #define TPI_DEVID_AsynClkIn_Msk            (0x1UL << TPI_DEVID_AsynClkIn_Pos)          /*!< TPI DEV
1188:Drivers/CMSIS/Include/core_cm4.h **** 
1189:Drivers/CMSIS/Include/core_cm4.h **** #define TPI_DEVID_NrTraceInput_Pos          0U                                         /*!< TPI DEV
1190:Drivers/CMSIS/Include/core_cm4.h **** #define TPI_DEVID_NrTraceInput_Msk         (0x1FUL /*<< TPI_DEVID_NrTraceInput_Pos*/)  /*!< TPI DEV
1191:Drivers/CMSIS/Include/core_cm4.h **** 
1192:Drivers/CMSIS/Include/core_cm4.h **** /* TPI DEVTYPE Register Definitions */
1193:Drivers/CMSIS/Include/core_cm4.h **** #define TPI_DEVTYPE_SubType_Pos             4U                                         /*!< TPI DEV
1194:Drivers/CMSIS/Include/core_cm4.h **** #define TPI_DEVTYPE_SubType_Msk            (0xFUL /*<< TPI_DEVTYPE_SubType_Pos*/)      /*!< TPI DEV
1195:Drivers/CMSIS/Include/core_cm4.h **** 
1196:Drivers/CMSIS/Include/core_cm4.h **** #define TPI_DEVTYPE_MajorType_Pos           0U                                         /*!< TPI DEV
1197:Drivers/CMSIS/Include/core_cm4.h **** #define TPI_DEVTYPE_MajorType_Msk          (0xFUL << TPI_DEVTYPE_MajorType_Pos)        /*!< TPI DEV
1198:Drivers/CMSIS/Include/core_cm4.h **** 
1199:Drivers/CMSIS/Include/core_cm4.h **** /*@}*/ /* end of group CMSIS_TPI */
1200:Drivers/CMSIS/Include/core_cm4.h **** 
1201:Drivers/CMSIS/Include/core_cm4.h **** 
1202:Drivers/CMSIS/Include/core_cm4.h **** #if defined (__MPU_PRESENT) && (__MPU_PRESENT == 1U)
1203:Drivers/CMSIS/Include/core_cm4.h **** /**
1204:Drivers/CMSIS/Include/core_cm4.h ****   \ingroup  CMSIS_core_register
1205:Drivers/CMSIS/Include/core_cm4.h ****   \defgroup CMSIS_MPU     Memory Protection Unit (MPU)
1206:Drivers/CMSIS/Include/core_cm4.h ****   \brief    Type definitions for the Memory Protection Unit (MPU)
1207:Drivers/CMSIS/Include/core_cm4.h ****   @{
1208:Drivers/CMSIS/Include/core_cm4.h ****  */
1209:Drivers/CMSIS/Include/core_cm4.h **** 
1210:Drivers/CMSIS/Include/core_cm4.h **** /**
1211:Drivers/CMSIS/Include/core_cm4.h ****   \brief  Structure type to access the Memory Protection Unit (MPU).
1212:Drivers/CMSIS/Include/core_cm4.h ****  */
1213:Drivers/CMSIS/Include/core_cm4.h **** typedef struct
1214:Drivers/CMSIS/Include/core_cm4.h **** {
1215:Drivers/CMSIS/Include/core_cm4.h ****   __IM  uint32_t TYPE;                   /*!< Offset: 0x000 (R/ )  MPU Type Register */
1216:Drivers/CMSIS/Include/core_cm4.h ****   __IOM uint32_t CTRL;                   /*!< Offset: 0x004 (R/W)  MPU Control Register */
1217:Drivers/CMSIS/Include/core_cm4.h ****   __IOM uint32_t RNR;                    /*!< Offset: 0x008 (R/W)  MPU Region RNRber Register */
1218:Drivers/CMSIS/Include/core_cm4.h ****   __IOM uint32_t RBAR;                   /*!< Offset: 0x00C (R/W)  MPU Region Base Address Register
1219:Drivers/CMSIS/Include/core_cm4.h ****   __IOM uint32_t RASR;                   /*!< Offset: 0x010 (R/W)  MPU Region Attribute and Size Re
1220:Drivers/CMSIS/Include/core_cm4.h ****   __IOM uint32_t RBAR_A1;                /*!< Offset: 0x014 (R/W)  MPU Alias 1 Region Base Address 
1221:Drivers/CMSIS/Include/core_cm4.h ****   __IOM uint32_t RASR_A1;                /*!< Offset: 0x018 (R/W)  MPU Alias 1 Region Attribute and
1222:Drivers/CMSIS/Include/core_cm4.h ****   __IOM uint32_t RBAR_A2;                /*!< Offset: 0x01C (R/W)  MPU Alias 2 Region Base Address 
1223:Drivers/CMSIS/Include/core_cm4.h ****   __IOM uint32_t RASR_A2;                /*!< Offset: 0x020 (R/W)  MPU Alias 2 Region Attribute and
1224:Drivers/CMSIS/Include/core_cm4.h ****   __IOM uint32_t RBAR_A3;                /*!< Offset: 0x024 (R/W)  MPU Alias 3 Region Base Address 
1225:Drivers/CMSIS/Include/core_cm4.h ****   __IOM uint32_t RASR_A3;                /*!< Offset: 0x028 (R/W)  MPU Alias 3 Region Attribute and
1226:Drivers/CMSIS/Include/core_cm4.h **** } MPU_Type;
1227:Drivers/CMSIS/Include/core_cm4.h **** 
ARM GAS  /var/folders/_n/tsb0ql0x2w94bsblh62rdcfr0000gn/T//cceS2NYb.s 			page 23


1228:Drivers/CMSIS/Include/core_cm4.h **** #define MPU_TYPE_RALIASES                  4U
1229:Drivers/CMSIS/Include/core_cm4.h **** 
1230:Drivers/CMSIS/Include/core_cm4.h **** /* MPU Type Register Definitions */
1231:Drivers/CMSIS/Include/core_cm4.h **** #define MPU_TYPE_IREGION_Pos               16U                                            /*!< MPU 
1232:Drivers/CMSIS/Include/core_cm4.h **** #define MPU_TYPE_IREGION_Msk               (0xFFUL << MPU_TYPE_IREGION_Pos)               /*!< MPU 
1233:Drivers/CMSIS/Include/core_cm4.h **** 
1234:Drivers/CMSIS/Include/core_cm4.h **** #define MPU_TYPE_DREGION_Pos                8U                                            /*!< MPU 
1235:Drivers/CMSIS/Include/core_cm4.h **** #define MPU_TYPE_DREGION_Msk               (0xFFUL << MPU_TYPE_DREGION_Pos)               /*!< MPU 
1236:Drivers/CMSIS/Include/core_cm4.h **** 
1237:Drivers/CMSIS/Include/core_cm4.h **** #define MPU_TYPE_SEPARATE_Pos               0U                                            /*!< MPU 
1238:Drivers/CMSIS/Include/core_cm4.h **** #define MPU_TYPE_SEPARATE_Msk              (1UL /*<< MPU_TYPE_SEPARATE_Pos*/)             /*!< MPU 
1239:Drivers/CMSIS/Include/core_cm4.h **** 
1240:Drivers/CMSIS/Include/core_cm4.h **** /* MPU Control Register Definitions */
1241:Drivers/CMSIS/Include/core_cm4.h **** #define MPU_CTRL_PRIVDEFENA_Pos             2U                                            /*!< MPU 
1242:Drivers/CMSIS/Include/core_cm4.h **** #define MPU_CTRL_PRIVDEFENA_Msk            (1UL << MPU_CTRL_PRIVDEFENA_Pos)               /*!< MPU 
1243:Drivers/CMSIS/Include/core_cm4.h **** 
1244:Drivers/CMSIS/Include/core_cm4.h **** #define MPU_CTRL_HFNMIENA_Pos               1U                                            /*!< MPU 
1245:Drivers/CMSIS/Include/core_cm4.h **** #define MPU_CTRL_HFNMIENA_Msk              (1UL << MPU_CTRL_HFNMIENA_Pos)                 /*!< MPU 
1246:Drivers/CMSIS/Include/core_cm4.h **** 
1247:Drivers/CMSIS/Include/core_cm4.h **** #define MPU_CTRL_ENABLE_Pos                 0U                                            /*!< MPU 
1248:Drivers/CMSIS/Include/core_cm4.h **** #define MPU_CTRL_ENABLE_Msk                (1UL /*<< MPU_CTRL_ENABLE_Pos*/)               /*!< MPU 
1249:Drivers/CMSIS/Include/core_cm4.h **** 
1250:Drivers/CMSIS/Include/core_cm4.h **** /* MPU Region Number Register Definitions */
1251:Drivers/CMSIS/Include/core_cm4.h **** #define MPU_RNR_REGION_Pos                  0U                                            /*!< MPU 
1252:Drivers/CMSIS/Include/core_cm4.h **** #define MPU_RNR_REGION_Msk                 (0xFFUL /*<< MPU_RNR_REGION_Pos*/)             /*!< MPU 
1253:Drivers/CMSIS/Include/core_cm4.h **** 
1254:Drivers/CMSIS/Include/core_cm4.h **** /* MPU Region Base Address Register Definitions */
1255:Drivers/CMSIS/Include/core_cm4.h **** #define MPU_RBAR_ADDR_Pos                   5U                                            /*!< MPU 
1256:Drivers/CMSIS/Include/core_cm4.h **** #define MPU_RBAR_ADDR_Msk                  (0x7FFFFFFUL << MPU_RBAR_ADDR_Pos)             /*!< MPU 
1257:Drivers/CMSIS/Include/core_cm4.h **** 
1258:Drivers/CMSIS/Include/core_cm4.h **** #define MPU_RBAR_VALID_Pos                  4U                                            /*!< MPU 
1259:Drivers/CMSIS/Include/core_cm4.h **** #define MPU_RBAR_VALID_Msk                 (1UL << MPU_RBAR_VALID_Pos)                    /*!< MPU 
1260:Drivers/CMSIS/Include/core_cm4.h **** 
1261:Drivers/CMSIS/Include/core_cm4.h **** #define MPU_RBAR_REGION_Pos                 0U                                            /*!< MPU 
1262:Drivers/CMSIS/Include/core_cm4.h **** #define MPU_RBAR_REGION_Msk                (0xFUL /*<< MPU_RBAR_REGION_Pos*/)             /*!< MPU 
1263:Drivers/CMSIS/Include/core_cm4.h **** 
1264:Drivers/CMSIS/Include/core_cm4.h **** /* MPU Region Attribute and Size Register Definitions */
1265:Drivers/CMSIS/Include/core_cm4.h **** #define MPU_RASR_ATTRS_Pos                 16U                                            /*!< MPU 
1266:Drivers/CMSIS/Include/core_cm4.h **** #define MPU_RASR_ATTRS_Msk                 (0xFFFFUL << MPU_RASR_ATTRS_Pos)               /*!< MPU 
1267:Drivers/CMSIS/Include/core_cm4.h **** 
1268:Drivers/CMSIS/Include/core_cm4.h **** #define MPU_RASR_XN_Pos                    28U                                            /*!< MPU 
1269:Drivers/CMSIS/Include/core_cm4.h **** #define MPU_RASR_XN_Msk                    (1UL << MPU_RASR_XN_Pos)                       /*!< MPU 
1270:Drivers/CMSIS/Include/core_cm4.h **** 
1271:Drivers/CMSIS/Include/core_cm4.h **** #define MPU_RASR_AP_Pos                    24U                                            /*!< MPU 
1272:Drivers/CMSIS/Include/core_cm4.h **** #define MPU_RASR_AP_Msk                    (0x7UL << MPU_RASR_AP_Pos)                     /*!< MPU 
1273:Drivers/CMSIS/Include/core_cm4.h **** 
1274:Drivers/CMSIS/Include/core_cm4.h **** #define MPU_RASR_TEX_Pos                   19U                                            /*!< MPU 
1275:Drivers/CMSIS/Include/core_cm4.h **** #define MPU_RASR_TEX_Msk                   (0x7UL << MPU_RASR_TEX_Pos)                    /*!< MPU 
1276:Drivers/CMSIS/Include/core_cm4.h **** 
1277:Drivers/CMSIS/Include/core_cm4.h **** #define MPU_RASR_S_Pos                     18U                                            /*!< MPU 
1278:Drivers/CMSIS/Include/core_cm4.h **** #define MPU_RASR_S_Msk                     (1UL << MPU_RASR_S_Pos)                        /*!< MPU 
1279:Drivers/CMSIS/Include/core_cm4.h **** 
1280:Drivers/CMSIS/Include/core_cm4.h **** #define MPU_RASR_C_Pos                     17U                                            /*!< MPU 
1281:Drivers/CMSIS/Include/core_cm4.h **** #define MPU_RASR_C_Msk                     (1UL << MPU_RASR_C_Pos)                        /*!< MPU 
1282:Drivers/CMSIS/Include/core_cm4.h **** 
1283:Drivers/CMSIS/Include/core_cm4.h **** #define MPU_RASR_B_Pos                     16U                                            /*!< MPU 
1284:Drivers/CMSIS/Include/core_cm4.h **** #define MPU_RASR_B_Msk                     (1UL << MPU_RASR_B_Pos)                        /*!< MPU 
ARM GAS  /var/folders/_n/tsb0ql0x2w94bsblh62rdcfr0000gn/T//cceS2NYb.s 			page 24


1285:Drivers/CMSIS/Include/core_cm4.h **** 
1286:Drivers/CMSIS/Include/core_cm4.h **** #define MPU_RASR_SRD_Pos                    8U                                            /*!< MPU 
1287:Drivers/CMSIS/Include/core_cm4.h **** #define MPU_RASR_SRD_Msk                   (0xFFUL << MPU_RASR_SRD_Pos)                   /*!< MPU 
1288:Drivers/CMSIS/Include/core_cm4.h **** 
1289:Drivers/CMSIS/Include/core_cm4.h **** #define MPU_RASR_SIZE_Pos                   1U                                            /*!< MPU 
1290:Drivers/CMSIS/Include/core_cm4.h **** #define MPU_RASR_SIZE_Msk                  (0x1FUL << MPU_RASR_SIZE_Pos)                  /*!< MPU 
1291:Drivers/CMSIS/Include/core_cm4.h **** 
1292:Drivers/CMSIS/Include/core_cm4.h **** #define MPU_RASR_ENABLE_Pos                 0U                                            /*!< MPU 
1293:Drivers/CMSIS/Include/core_cm4.h **** #define MPU_RASR_ENABLE_Msk                (1UL /*<< MPU_RASR_ENABLE_Pos*/)               /*!< MPU 
1294:Drivers/CMSIS/Include/core_cm4.h **** 
1295:Drivers/CMSIS/Include/core_cm4.h **** /*@} end of group CMSIS_MPU */
1296:Drivers/CMSIS/Include/core_cm4.h **** #endif /* defined (__MPU_PRESENT) && (__MPU_PRESENT == 1U) */
1297:Drivers/CMSIS/Include/core_cm4.h **** 
1298:Drivers/CMSIS/Include/core_cm4.h **** 
1299:Drivers/CMSIS/Include/core_cm4.h **** /**
1300:Drivers/CMSIS/Include/core_cm4.h ****   \ingroup  CMSIS_core_register
1301:Drivers/CMSIS/Include/core_cm4.h ****   \defgroup CMSIS_FPU     Floating Point Unit (FPU)
1302:Drivers/CMSIS/Include/core_cm4.h ****   \brief    Type definitions for the Floating Point Unit (FPU)
1303:Drivers/CMSIS/Include/core_cm4.h ****   @{
1304:Drivers/CMSIS/Include/core_cm4.h ****  */
1305:Drivers/CMSIS/Include/core_cm4.h **** 
1306:Drivers/CMSIS/Include/core_cm4.h **** /**
1307:Drivers/CMSIS/Include/core_cm4.h ****   \brief  Structure type to access the Floating Point Unit (FPU).
1308:Drivers/CMSIS/Include/core_cm4.h ****  */
1309:Drivers/CMSIS/Include/core_cm4.h **** typedef struct
1310:Drivers/CMSIS/Include/core_cm4.h **** {
1311:Drivers/CMSIS/Include/core_cm4.h ****         uint32_t RESERVED0[1U];
1312:Drivers/CMSIS/Include/core_cm4.h ****   __IOM uint32_t FPCCR;                  /*!< Offset: 0x004 (R/W)  Floating-Point Context Control R
1313:Drivers/CMSIS/Include/core_cm4.h ****   __IOM uint32_t FPCAR;                  /*!< Offset: 0x008 (R/W)  Floating-Point Context Address R
1314:Drivers/CMSIS/Include/core_cm4.h ****   __IOM uint32_t FPDSCR;                 /*!< Offset: 0x00C (R/W)  Floating-Point Default Status Co
1315:Drivers/CMSIS/Include/core_cm4.h ****   __IM  uint32_t MVFR0;                  /*!< Offset: 0x010 (R/ )  Media and FP Feature Register 0 
1316:Drivers/CMSIS/Include/core_cm4.h ****   __IM  uint32_t MVFR1;                  /*!< Offset: 0x014 (R/ )  Media and FP Feature Register 1 
1317:Drivers/CMSIS/Include/core_cm4.h ****   __IM  uint32_t MVFR2;                  /*!< Offset: 0x018 (R/ )  Media and FP Feature Register 2 
1318:Drivers/CMSIS/Include/core_cm4.h **** } FPU_Type;
1319:Drivers/CMSIS/Include/core_cm4.h **** 
1320:Drivers/CMSIS/Include/core_cm4.h **** /* Floating-Point Context Control Register Definitions */
1321:Drivers/CMSIS/Include/core_cm4.h **** #define FPU_FPCCR_ASPEN_Pos                31U                                            /*!< FPCC
1322:Drivers/CMSIS/Include/core_cm4.h **** #define FPU_FPCCR_ASPEN_Msk                (1UL << FPU_FPCCR_ASPEN_Pos)                   /*!< FPCC
1323:Drivers/CMSIS/Include/core_cm4.h **** 
1324:Drivers/CMSIS/Include/core_cm4.h **** #define FPU_FPCCR_LSPEN_Pos                30U                                            /*!< FPCC
1325:Drivers/CMSIS/Include/core_cm4.h **** #define FPU_FPCCR_LSPEN_Msk                (1UL << FPU_FPCCR_LSPEN_Pos)                   /*!< FPCC
1326:Drivers/CMSIS/Include/core_cm4.h **** 
1327:Drivers/CMSIS/Include/core_cm4.h **** #define FPU_FPCCR_MONRDY_Pos                8U                                            /*!< FPCC
1328:Drivers/CMSIS/Include/core_cm4.h **** #define FPU_FPCCR_MONRDY_Msk               (1UL << FPU_FPCCR_MONRDY_Pos)                  /*!< FPCC
1329:Drivers/CMSIS/Include/core_cm4.h **** 
1330:Drivers/CMSIS/Include/core_cm4.h **** #define FPU_FPCCR_BFRDY_Pos                 6U                                            /*!< FPCC
1331:Drivers/CMSIS/Include/core_cm4.h **** #define FPU_FPCCR_BFRDY_Msk                (1UL << FPU_FPCCR_BFRDY_Pos)                   /*!< FPCC
1332:Drivers/CMSIS/Include/core_cm4.h **** 
1333:Drivers/CMSIS/Include/core_cm4.h **** #define FPU_FPCCR_MMRDY_Pos                 5U                                            /*!< FPCC
1334:Drivers/CMSIS/Include/core_cm4.h **** #define FPU_FPCCR_MMRDY_Msk                (1UL << FPU_FPCCR_MMRDY_Pos)                   /*!< FPCC
1335:Drivers/CMSIS/Include/core_cm4.h **** 
1336:Drivers/CMSIS/Include/core_cm4.h **** #define FPU_FPCCR_HFRDY_Pos                 4U                                            /*!< FPCC
1337:Drivers/CMSIS/Include/core_cm4.h **** #define FPU_FPCCR_HFRDY_Msk                (1UL << FPU_FPCCR_HFRDY_Pos)                   /*!< FPCC
1338:Drivers/CMSIS/Include/core_cm4.h **** 
1339:Drivers/CMSIS/Include/core_cm4.h **** #define FPU_FPCCR_THREAD_Pos                3U                                            /*!< FPCC
1340:Drivers/CMSIS/Include/core_cm4.h **** #define FPU_FPCCR_THREAD_Msk               (1UL << FPU_FPCCR_THREAD_Pos)                  /*!< FPCC
1341:Drivers/CMSIS/Include/core_cm4.h **** 
ARM GAS  /var/folders/_n/tsb0ql0x2w94bsblh62rdcfr0000gn/T//cceS2NYb.s 			page 25


1342:Drivers/CMSIS/Include/core_cm4.h **** #define FPU_FPCCR_USER_Pos                  1U                                            /*!< FPCC
1343:Drivers/CMSIS/Include/core_cm4.h **** #define FPU_FPCCR_USER_Msk                 (1UL << FPU_FPCCR_USER_Pos)                    /*!< FPCC
1344:Drivers/CMSIS/Include/core_cm4.h **** 
1345:Drivers/CMSIS/Include/core_cm4.h **** #define FPU_FPCCR_LSPACT_Pos                0U                                            /*!< FPCC
1346:Drivers/CMSIS/Include/core_cm4.h **** #define FPU_FPCCR_LSPACT_Msk               (1UL /*<< FPU_FPCCR_LSPACT_Pos*/)              /*!< FPCC
1347:Drivers/CMSIS/Include/core_cm4.h **** 
1348:Drivers/CMSIS/Include/core_cm4.h **** /* Floating-Point Context Address Register Definitions */
1349:Drivers/CMSIS/Include/core_cm4.h **** #define FPU_FPCAR_ADDRESS_Pos               3U                                            /*!< FPCA
1350:Drivers/CMSIS/Include/core_cm4.h **** #define FPU_FPCAR_ADDRESS_Msk              (0x1FFFFFFFUL << FPU_FPCAR_ADDRESS_Pos)        /*!< FPCA
1351:Drivers/CMSIS/Include/core_cm4.h **** 
1352:Drivers/CMSIS/Include/core_cm4.h **** /* Floating-Point Default Status Control Register Definitions */
1353:Drivers/CMSIS/Include/core_cm4.h **** #define FPU_FPDSCR_AHP_Pos                 26U                                            /*!< FPDS
1354:Drivers/CMSIS/Include/core_cm4.h **** #define FPU_FPDSCR_AHP_Msk                 (1UL << FPU_FPDSCR_AHP_Pos)                    /*!< FPDS
1355:Drivers/CMSIS/Include/core_cm4.h **** 
1356:Drivers/CMSIS/Include/core_cm4.h **** #define FPU_FPDSCR_DN_Pos                  25U                                            /*!< FPDS
1357:Drivers/CMSIS/Include/core_cm4.h **** #define FPU_FPDSCR_DN_Msk                  (1UL << FPU_FPDSCR_DN_Pos)                     /*!< FPDS
1358:Drivers/CMSIS/Include/core_cm4.h **** 
1359:Drivers/CMSIS/Include/core_cm4.h **** #define FPU_FPDSCR_FZ_Pos                  24U                                            /*!< FPDS
1360:Drivers/CMSIS/Include/core_cm4.h **** #define FPU_FPDSCR_FZ_Msk                  (1UL << FPU_FPDSCR_FZ_Pos)                     /*!< FPDS
1361:Drivers/CMSIS/Include/core_cm4.h **** 
1362:Drivers/CMSIS/Include/core_cm4.h **** #define FPU_FPDSCR_RMode_Pos               22U                                            /*!< FPDS
1363:Drivers/CMSIS/Include/core_cm4.h **** #define FPU_FPDSCR_RMode_Msk               (3UL << FPU_FPDSCR_RMode_Pos)                  /*!< FPDS
1364:Drivers/CMSIS/Include/core_cm4.h **** 
1365:Drivers/CMSIS/Include/core_cm4.h **** /* Media and FP Feature Register 0 Definitions */
1366:Drivers/CMSIS/Include/core_cm4.h **** #define FPU_MVFR0_FP_rounding_modes_Pos    28U                                            /*!< MVFR
1367:Drivers/CMSIS/Include/core_cm4.h **** #define FPU_MVFR0_FP_rounding_modes_Msk    (0xFUL << FPU_MVFR0_FP_rounding_modes_Pos)     /*!< MVFR
1368:Drivers/CMSIS/Include/core_cm4.h **** 
1369:Drivers/CMSIS/Include/core_cm4.h **** #define FPU_MVFR0_Short_vectors_Pos        24U                                            /*!< MVFR
1370:Drivers/CMSIS/Include/core_cm4.h **** #define FPU_MVFR0_Short_vectors_Msk        (0xFUL << FPU_MVFR0_Short_vectors_Pos)         /*!< MVFR
1371:Drivers/CMSIS/Include/core_cm4.h **** 
1372:Drivers/CMSIS/Include/core_cm4.h **** #define FPU_MVFR0_Square_root_Pos          20U                                            /*!< MVFR
1373:Drivers/CMSIS/Include/core_cm4.h **** #define FPU_MVFR0_Square_root_Msk          (0xFUL << FPU_MVFR0_Square_root_Pos)           /*!< MVFR
1374:Drivers/CMSIS/Include/core_cm4.h **** 
1375:Drivers/CMSIS/Include/core_cm4.h **** #define FPU_MVFR0_Divide_Pos               16U                                            /*!< MVFR
1376:Drivers/CMSIS/Include/core_cm4.h **** #define FPU_MVFR0_Divide_Msk               (0xFUL << FPU_MVFR0_Divide_Pos)                /*!< MVFR
1377:Drivers/CMSIS/Include/core_cm4.h **** 
1378:Drivers/CMSIS/Include/core_cm4.h **** #define FPU_MVFR0_FP_excep_trapping_Pos    12U                                            /*!< MVFR
1379:Drivers/CMSIS/Include/core_cm4.h **** #define FPU_MVFR0_FP_excep_trapping_Msk    (0xFUL << FPU_MVFR0_FP_excep_trapping_Pos)     /*!< MVFR
1380:Drivers/CMSIS/Include/core_cm4.h **** 
1381:Drivers/CMSIS/Include/core_cm4.h **** #define FPU_MVFR0_Double_precision_Pos      8U                                            /*!< MVFR
1382:Drivers/CMSIS/Include/core_cm4.h **** #define FPU_MVFR0_Double_precision_Msk     (0xFUL << FPU_MVFR0_Double_precision_Pos)      /*!< MVFR
1383:Drivers/CMSIS/Include/core_cm4.h **** 
1384:Drivers/CMSIS/Include/core_cm4.h **** #define FPU_MVFR0_Single_precision_Pos      4U                                            /*!< MVFR
1385:Drivers/CMSIS/Include/core_cm4.h **** #define FPU_MVFR0_Single_precision_Msk     (0xFUL << FPU_MVFR0_Single_precision_Pos)      /*!< MVFR
1386:Drivers/CMSIS/Include/core_cm4.h **** 
1387:Drivers/CMSIS/Include/core_cm4.h **** #define FPU_MVFR0_A_SIMD_registers_Pos      0U                                            /*!< MVFR
1388:Drivers/CMSIS/Include/core_cm4.h **** #define FPU_MVFR0_A_SIMD_registers_Msk     (0xFUL /*<< FPU_MVFR0_A_SIMD_registers_Pos*/)  /*!< MVFR
1389:Drivers/CMSIS/Include/core_cm4.h **** 
1390:Drivers/CMSIS/Include/core_cm4.h **** /* Media and FP Feature Register 1 Definitions */
1391:Drivers/CMSIS/Include/core_cm4.h **** #define FPU_MVFR1_FP_fused_MAC_Pos         28U                                            /*!< MVFR
1392:Drivers/CMSIS/Include/core_cm4.h **** #define FPU_MVFR1_FP_fused_MAC_Msk         (0xFUL << FPU_MVFR1_FP_fused_MAC_Pos)          /*!< MVFR
1393:Drivers/CMSIS/Include/core_cm4.h **** 
1394:Drivers/CMSIS/Include/core_cm4.h **** #define FPU_MVFR1_FP_HPFP_Pos              24U                                            /*!< MVFR
1395:Drivers/CMSIS/Include/core_cm4.h **** #define FPU_MVFR1_FP_HPFP_Msk              (0xFUL << FPU_MVFR1_FP_HPFP_Pos)               /*!< MVFR
1396:Drivers/CMSIS/Include/core_cm4.h **** 
1397:Drivers/CMSIS/Include/core_cm4.h **** #define FPU_MVFR1_D_NaN_mode_Pos            4U                                            /*!< MVFR
1398:Drivers/CMSIS/Include/core_cm4.h **** #define FPU_MVFR1_D_NaN_mode_Msk           (0xFUL << FPU_MVFR1_D_NaN_mode_Pos)            /*!< MVFR
ARM GAS  /var/folders/_n/tsb0ql0x2w94bsblh62rdcfr0000gn/T//cceS2NYb.s 			page 26


1399:Drivers/CMSIS/Include/core_cm4.h **** 
1400:Drivers/CMSIS/Include/core_cm4.h **** #define FPU_MVFR1_FtZ_mode_Pos              0U                                            /*!< MVFR
1401:Drivers/CMSIS/Include/core_cm4.h **** #define FPU_MVFR1_FtZ_mode_Msk             (0xFUL /*<< FPU_MVFR1_FtZ_mode_Pos*/)          /*!< MVFR
1402:Drivers/CMSIS/Include/core_cm4.h **** 
1403:Drivers/CMSIS/Include/core_cm4.h **** /* Media and FP Feature Register 2 Definitions */
1404:Drivers/CMSIS/Include/core_cm4.h **** 
1405:Drivers/CMSIS/Include/core_cm4.h **** #define FPU_MVFR2_VFP_Misc_Pos              4U                                            /*!< MVFR
1406:Drivers/CMSIS/Include/core_cm4.h **** #define FPU_MVFR2_VFP_Misc_Msk             (0xFUL << FPU_MVFR2_VFP_Misc_Pos)              /*!< MVFR
1407:Drivers/CMSIS/Include/core_cm4.h **** 
1408:Drivers/CMSIS/Include/core_cm4.h **** /*@} end of group CMSIS_FPU */
1409:Drivers/CMSIS/Include/core_cm4.h **** 
1410:Drivers/CMSIS/Include/core_cm4.h **** 
1411:Drivers/CMSIS/Include/core_cm4.h **** /**
1412:Drivers/CMSIS/Include/core_cm4.h ****   \ingroup  CMSIS_core_register
1413:Drivers/CMSIS/Include/core_cm4.h ****   \defgroup CMSIS_CoreDebug       Core Debug Registers (CoreDebug)
1414:Drivers/CMSIS/Include/core_cm4.h ****   \brief    Type definitions for the Core Debug Registers
1415:Drivers/CMSIS/Include/core_cm4.h ****   @{
1416:Drivers/CMSIS/Include/core_cm4.h ****  */
1417:Drivers/CMSIS/Include/core_cm4.h **** 
1418:Drivers/CMSIS/Include/core_cm4.h **** /**
1419:Drivers/CMSIS/Include/core_cm4.h ****   \brief  Structure type to access the Core Debug Register (CoreDebug).
1420:Drivers/CMSIS/Include/core_cm4.h ****  */
1421:Drivers/CMSIS/Include/core_cm4.h **** typedef struct
1422:Drivers/CMSIS/Include/core_cm4.h **** {
1423:Drivers/CMSIS/Include/core_cm4.h ****   __IOM uint32_t DHCSR;                  /*!< Offset: 0x000 (R/W)  Debug Halting Control and Status
1424:Drivers/CMSIS/Include/core_cm4.h ****   __OM  uint32_t DCRSR;                  /*!< Offset: 0x004 ( /W)  Debug Core Register Selector Reg
1425:Drivers/CMSIS/Include/core_cm4.h ****   __IOM uint32_t DCRDR;                  /*!< Offset: 0x008 (R/W)  Debug Core Register Data Registe
1426:Drivers/CMSIS/Include/core_cm4.h ****   __IOM uint32_t DEMCR;                  /*!< Offset: 0x00C (R/W)  Debug Exception and Monitor Cont
1427:Drivers/CMSIS/Include/core_cm4.h **** } CoreDebug_Type;
1428:Drivers/CMSIS/Include/core_cm4.h **** 
1429:Drivers/CMSIS/Include/core_cm4.h **** /* Debug Halting Control and Status Register Definitions */
1430:Drivers/CMSIS/Include/core_cm4.h **** #define CoreDebug_DHCSR_DBGKEY_Pos         16U                                            /*!< Core
1431:Drivers/CMSIS/Include/core_cm4.h **** #define CoreDebug_DHCSR_DBGKEY_Msk         (0xFFFFUL << CoreDebug_DHCSR_DBGKEY_Pos)       /*!< Core
1432:Drivers/CMSIS/Include/core_cm4.h **** 
1433:Drivers/CMSIS/Include/core_cm4.h **** #define CoreDebug_DHCSR_S_RESET_ST_Pos     25U                                            /*!< Core
1434:Drivers/CMSIS/Include/core_cm4.h **** #define CoreDebug_DHCSR_S_RESET_ST_Msk     (1UL << CoreDebug_DHCSR_S_RESET_ST_Pos)        /*!< Core
1435:Drivers/CMSIS/Include/core_cm4.h **** 
1436:Drivers/CMSIS/Include/core_cm4.h **** #define CoreDebug_DHCSR_S_RETIRE_ST_Pos    24U                                            /*!< Core
1437:Drivers/CMSIS/Include/core_cm4.h **** #define CoreDebug_DHCSR_S_RETIRE_ST_Msk    (1UL << CoreDebug_DHCSR_S_RETIRE_ST_Pos)       /*!< Core
1438:Drivers/CMSIS/Include/core_cm4.h **** 
1439:Drivers/CMSIS/Include/core_cm4.h **** #define CoreDebug_DHCSR_S_LOCKUP_Pos       19U                                            /*!< Core
1440:Drivers/CMSIS/Include/core_cm4.h **** #define CoreDebug_DHCSR_S_LOCKUP_Msk       (1UL << CoreDebug_DHCSR_S_LOCKUP_Pos)          /*!< Core
1441:Drivers/CMSIS/Include/core_cm4.h **** 
1442:Drivers/CMSIS/Include/core_cm4.h **** #define CoreDebug_DHCSR_S_SLEEP_Pos        18U                                            /*!< Core
1443:Drivers/CMSIS/Include/core_cm4.h **** #define CoreDebug_DHCSR_S_SLEEP_Msk        (1UL << CoreDebug_DHCSR_S_SLEEP_Pos)           /*!< Core
1444:Drivers/CMSIS/Include/core_cm4.h **** 
1445:Drivers/CMSIS/Include/core_cm4.h **** #define CoreDebug_DHCSR_S_HALT_Pos         17U                                            /*!< Core
1446:Drivers/CMSIS/Include/core_cm4.h **** #define CoreDebug_DHCSR_S_HALT_Msk         (1UL << CoreDebug_DHCSR_S_HALT_Pos)            /*!< Core
1447:Drivers/CMSIS/Include/core_cm4.h **** 
1448:Drivers/CMSIS/Include/core_cm4.h **** #define CoreDebug_DHCSR_S_REGRDY_Pos       16U                                            /*!< Core
1449:Drivers/CMSIS/Include/core_cm4.h **** #define CoreDebug_DHCSR_S_REGRDY_Msk       (1UL << CoreDebug_DHCSR_S_REGRDY_Pos)          /*!< Core
1450:Drivers/CMSIS/Include/core_cm4.h **** 
1451:Drivers/CMSIS/Include/core_cm4.h **** #define CoreDebug_DHCSR_C_SNAPSTALL_Pos     5U                                            /*!< Core
1452:Drivers/CMSIS/Include/core_cm4.h **** #define CoreDebug_DHCSR_C_SNAPSTALL_Msk    (1UL << CoreDebug_DHCSR_C_SNAPSTALL_Pos)       /*!< Core
1453:Drivers/CMSIS/Include/core_cm4.h **** 
1454:Drivers/CMSIS/Include/core_cm4.h **** #define CoreDebug_DHCSR_C_MASKINTS_Pos      3U                                            /*!< Core
1455:Drivers/CMSIS/Include/core_cm4.h **** #define CoreDebug_DHCSR_C_MASKINTS_Msk     (1UL << CoreDebug_DHCSR_C_MASKINTS_Pos)        /*!< Core
ARM GAS  /var/folders/_n/tsb0ql0x2w94bsblh62rdcfr0000gn/T//cceS2NYb.s 			page 27


1456:Drivers/CMSIS/Include/core_cm4.h **** 
1457:Drivers/CMSIS/Include/core_cm4.h **** #define CoreDebug_DHCSR_C_STEP_Pos          2U                                            /*!< Core
1458:Drivers/CMSIS/Include/core_cm4.h **** #define CoreDebug_DHCSR_C_STEP_Msk         (1UL << CoreDebug_DHCSR_C_STEP_Pos)            /*!< Core
1459:Drivers/CMSIS/Include/core_cm4.h **** 
1460:Drivers/CMSIS/Include/core_cm4.h **** #define CoreDebug_DHCSR_C_HALT_Pos          1U                                            /*!< Core
1461:Drivers/CMSIS/Include/core_cm4.h **** #define CoreDebug_DHCSR_C_HALT_Msk         (1UL << CoreDebug_DHCSR_C_HALT_Pos)            /*!< Core
1462:Drivers/CMSIS/Include/core_cm4.h **** 
1463:Drivers/CMSIS/Include/core_cm4.h **** #define CoreDebug_DHCSR_C_DEBUGEN_Pos       0U                                            /*!< Core
1464:Drivers/CMSIS/Include/core_cm4.h **** #define CoreDebug_DHCSR_C_DEBUGEN_Msk      (1UL /*<< CoreDebug_DHCSR_C_DEBUGEN_Pos*/)     /*!< Core
1465:Drivers/CMSIS/Include/core_cm4.h **** 
1466:Drivers/CMSIS/Include/core_cm4.h **** /* Debug Core Register Selector Register Definitions */
1467:Drivers/CMSIS/Include/core_cm4.h **** #define CoreDebug_DCRSR_REGWnR_Pos         16U                                            /*!< Core
1468:Drivers/CMSIS/Include/core_cm4.h **** #define CoreDebug_DCRSR_REGWnR_Msk         (1UL << CoreDebug_DCRSR_REGWnR_Pos)            /*!< Core
1469:Drivers/CMSIS/Include/core_cm4.h **** 
1470:Drivers/CMSIS/Include/core_cm4.h **** #define CoreDebug_DCRSR_REGSEL_Pos          0U                                            /*!< Core
1471:Drivers/CMSIS/Include/core_cm4.h **** #define CoreDebug_DCRSR_REGSEL_Msk         (0x1FUL /*<< CoreDebug_DCRSR_REGSEL_Pos*/)     /*!< Core
1472:Drivers/CMSIS/Include/core_cm4.h **** 
1473:Drivers/CMSIS/Include/core_cm4.h **** /* Debug Exception and Monitor Control Register Definitions */
1474:Drivers/CMSIS/Include/core_cm4.h **** #define CoreDebug_DEMCR_TRCENA_Pos         24U                                            /*!< Core
1475:Drivers/CMSIS/Include/core_cm4.h **** #define CoreDebug_DEMCR_TRCENA_Msk         (1UL << CoreDebug_DEMCR_TRCENA_Pos)            /*!< Core
1476:Drivers/CMSIS/Include/core_cm4.h **** 
1477:Drivers/CMSIS/Include/core_cm4.h **** #define CoreDebug_DEMCR_MON_REQ_Pos        19U                                            /*!< Core
1478:Drivers/CMSIS/Include/core_cm4.h **** #define CoreDebug_DEMCR_MON_REQ_Msk        (1UL << CoreDebug_DEMCR_MON_REQ_Pos)           /*!< Core
1479:Drivers/CMSIS/Include/core_cm4.h **** 
1480:Drivers/CMSIS/Include/core_cm4.h **** #define CoreDebug_DEMCR_MON_STEP_Pos       18U                                            /*!< Core
1481:Drivers/CMSIS/Include/core_cm4.h **** #define CoreDebug_DEMCR_MON_STEP_Msk       (1UL << CoreDebug_DEMCR_MON_STEP_Pos)          /*!< Core
1482:Drivers/CMSIS/Include/core_cm4.h **** 
1483:Drivers/CMSIS/Include/core_cm4.h **** #define CoreDebug_DEMCR_MON_PEND_Pos       17U                                            /*!< Core
1484:Drivers/CMSIS/Include/core_cm4.h **** #define CoreDebug_DEMCR_MON_PEND_Msk       (1UL << CoreDebug_DEMCR_MON_PEND_Pos)          /*!< Core
1485:Drivers/CMSIS/Include/core_cm4.h **** 
1486:Drivers/CMSIS/Include/core_cm4.h **** #define CoreDebug_DEMCR_MON_EN_Pos         16U                                            /*!< Core
1487:Drivers/CMSIS/Include/core_cm4.h **** #define CoreDebug_DEMCR_MON_EN_Msk         (1UL << CoreDebug_DEMCR_MON_EN_Pos)            /*!< Core
1488:Drivers/CMSIS/Include/core_cm4.h **** 
1489:Drivers/CMSIS/Include/core_cm4.h **** #define CoreDebug_DEMCR_VC_HARDERR_Pos     10U                                            /*!< Core
1490:Drivers/CMSIS/Include/core_cm4.h **** #define CoreDebug_DEMCR_VC_HARDERR_Msk     (1UL << CoreDebug_DEMCR_VC_HARDERR_Pos)        /*!< Core
1491:Drivers/CMSIS/Include/core_cm4.h **** 
1492:Drivers/CMSIS/Include/core_cm4.h **** #define CoreDebug_DEMCR_VC_INTERR_Pos       9U                                            /*!< Core
1493:Drivers/CMSIS/Include/core_cm4.h **** #define CoreDebug_DEMCR_VC_INTERR_Msk      (1UL << CoreDebug_DEMCR_VC_INTERR_Pos)         /*!< Core
1494:Drivers/CMSIS/Include/core_cm4.h **** 
1495:Drivers/CMSIS/Include/core_cm4.h **** #define CoreDebug_DEMCR_VC_BUSERR_Pos       8U                                            /*!< Core
1496:Drivers/CMSIS/Include/core_cm4.h **** #define CoreDebug_DEMCR_VC_BUSERR_Msk      (1UL << CoreDebug_DEMCR_VC_BUSERR_Pos)         /*!< Core
1497:Drivers/CMSIS/Include/core_cm4.h **** 
1498:Drivers/CMSIS/Include/core_cm4.h **** #define CoreDebug_DEMCR_VC_STATERR_Pos      7U                                            /*!< Core
1499:Drivers/CMSIS/Include/core_cm4.h **** #define CoreDebug_DEMCR_VC_STATERR_Msk     (1UL << CoreDebug_DEMCR_VC_STATERR_Pos)        /*!< Core
1500:Drivers/CMSIS/Include/core_cm4.h **** 
1501:Drivers/CMSIS/Include/core_cm4.h **** #define CoreDebug_DEMCR_VC_CHKERR_Pos       6U                                            /*!< Core
1502:Drivers/CMSIS/Include/core_cm4.h **** #define CoreDebug_DEMCR_VC_CHKERR_Msk      (1UL << CoreDebug_DEMCR_VC_CHKERR_Pos)         /*!< Core
1503:Drivers/CMSIS/Include/core_cm4.h **** 
1504:Drivers/CMSIS/Include/core_cm4.h **** #define CoreDebug_DEMCR_VC_NOCPERR_Pos      5U                                            /*!< Core
1505:Drivers/CMSIS/Include/core_cm4.h **** #define CoreDebug_DEMCR_VC_NOCPERR_Msk     (1UL << CoreDebug_DEMCR_VC_NOCPERR_Pos)        /*!< Core
1506:Drivers/CMSIS/Include/core_cm4.h **** 
1507:Drivers/CMSIS/Include/core_cm4.h **** #define CoreDebug_DEMCR_VC_MMERR_Pos        4U                                            /*!< Core
1508:Drivers/CMSIS/Include/core_cm4.h **** #define CoreDebug_DEMCR_VC_MMERR_Msk       (1UL << CoreDebug_DEMCR_VC_MMERR_Pos)          /*!< Core
1509:Drivers/CMSIS/Include/core_cm4.h **** 
1510:Drivers/CMSIS/Include/core_cm4.h **** #define CoreDebug_DEMCR_VC_CORERESET_Pos    0U                                            /*!< Core
1511:Drivers/CMSIS/Include/core_cm4.h **** #define CoreDebug_DEMCR_VC_CORERESET_Msk   (1UL /*<< CoreDebug_DEMCR_VC_CORERESET_Pos*/)  /*!< Core
1512:Drivers/CMSIS/Include/core_cm4.h **** 
ARM GAS  /var/folders/_n/tsb0ql0x2w94bsblh62rdcfr0000gn/T//cceS2NYb.s 			page 28


1513:Drivers/CMSIS/Include/core_cm4.h **** /*@} end of group CMSIS_CoreDebug */
1514:Drivers/CMSIS/Include/core_cm4.h **** 
1515:Drivers/CMSIS/Include/core_cm4.h **** 
1516:Drivers/CMSIS/Include/core_cm4.h **** /**
1517:Drivers/CMSIS/Include/core_cm4.h ****   \ingroup    CMSIS_core_register
1518:Drivers/CMSIS/Include/core_cm4.h ****   \defgroup   CMSIS_core_bitfield     Core register bit field macros
1519:Drivers/CMSIS/Include/core_cm4.h ****   \brief      Macros for use with bit field definitions (xxx_Pos, xxx_Msk).
1520:Drivers/CMSIS/Include/core_cm4.h ****   @{
1521:Drivers/CMSIS/Include/core_cm4.h ****  */
1522:Drivers/CMSIS/Include/core_cm4.h **** 
1523:Drivers/CMSIS/Include/core_cm4.h **** /**
1524:Drivers/CMSIS/Include/core_cm4.h ****   \brief   Mask and shift a bit field value for use in a register bit range.
1525:Drivers/CMSIS/Include/core_cm4.h ****   \param[in] field  Name of the register bit field.
1526:Drivers/CMSIS/Include/core_cm4.h ****   \param[in] value  Value of the bit field. This parameter is interpreted as an uint32_t type.
1527:Drivers/CMSIS/Include/core_cm4.h ****   \return           Masked and shifted value.
1528:Drivers/CMSIS/Include/core_cm4.h **** */
1529:Drivers/CMSIS/Include/core_cm4.h **** #define _VAL2FLD(field, value)    (((uint32_t)(value) << field ## _Pos) & field ## _Msk)
1530:Drivers/CMSIS/Include/core_cm4.h **** 
1531:Drivers/CMSIS/Include/core_cm4.h **** /**
1532:Drivers/CMSIS/Include/core_cm4.h ****   \brief     Mask and shift a register value to extract a bit filed value.
1533:Drivers/CMSIS/Include/core_cm4.h ****   \param[in] field  Name of the register bit field.
1534:Drivers/CMSIS/Include/core_cm4.h ****   \param[in] value  Value of register. This parameter is interpreted as an uint32_t type.
1535:Drivers/CMSIS/Include/core_cm4.h ****   \return           Masked and shifted bit field value.
1536:Drivers/CMSIS/Include/core_cm4.h **** */
1537:Drivers/CMSIS/Include/core_cm4.h **** #define _FLD2VAL(field, value)    (((uint32_t)(value) & field ## _Msk) >> field ## _Pos)
1538:Drivers/CMSIS/Include/core_cm4.h **** 
1539:Drivers/CMSIS/Include/core_cm4.h **** /*@} end of group CMSIS_core_bitfield */
1540:Drivers/CMSIS/Include/core_cm4.h **** 
1541:Drivers/CMSIS/Include/core_cm4.h **** 
1542:Drivers/CMSIS/Include/core_cm4.h **** /**
1543:Drivers/CMSIS/Include/core_cm4.h ****   \ingroup    CMSIS_core_register
1544:Drivers/CMSIS/Include/core_cm4.h ****   \defgroup   CMSIS_core_base     Core Definitions
1545:Drivers/CMSIS/Include/core_cm4.h ****   \brief      Definitions for base addresses, unions, and structures.
1546:Drivers/CMSIS/Include/core_cm4.h ****   @{
1547:Drivers/CMSIS/Include/core_cm4.h ****  */
1548:Drivers/CMSIS/Include/core_cm4.h **** 
1549:Drivers/CMSIS/Include/core_cm4.h **** /* Memory mapping of Core Hardware */
1550:Drivers/CMSIS/Include/core_cm4.h **** #define SCS_BASE            (0xE000E000UL)                            /*!< System Control Space Bas
1551:Drivers/CMSIS/Include/core_cm4.h **** #define ITM_BASE            (0xE0000000UL)                            /*!< ITM Base Address */
1552:Drivers/CMSIS/Include/core_cm4.h **** #define DWT_BASE            (0xE0001000UL)                            /*!< DWT Base Address */
1553:Drivers/CMSIS/Include/core_cm4.h **** #define TPI_BASE            (0xE0040000UL)                            /*!< TPI Base Address */
1554:Drivers/CMSIS/Include/core_cm4.h **** #define CoreDebug_BASE      (0xE000EDF0UL)                            /*!< Core Debug Base Address 
1555:Drivers/CMSIS/Include/core_cm4.h **** #define SysTick_BASE        (SCS_BASE +  0x0010UL)                    /*!< SysTick Base Address */
1556:Drivers/CMSIS/Include/core_cm4.h **** #define NVIC_BASE           (SCS_BASE +  0x0100UL)                    /*!< NVIC Base Address */
1557:Drivers/CMSIS/Include/core_cm4.h **** #define SCB_BASE            (SCS_BASE +  0x0D00UL)                    /*!< System Control Block Bas
1558:Drivers/CMSIS/Include/core_cm4.h **** 
1559:Drivers/CMSIS/Include/core_cm4.h **** #define SCnSCB              ((SCnSCB_Type    *)     SCS_BASE      )   /*!< System control Register 
1560:Drivers/CMSIS/Include/core_cm4.h **** #define SCB                 ((SCB_Type       *)     SCB_BASE      )   /*!< SCB configuration struct
1561:Drivers/CMSIS/Include/core_cm4.h **** #define SysTick             ((SysTick_Type   *)     SysTick_BASE  )   /*!< SysTick configuration st
1562:Drivers/CMSIS/Include/core_cm4.h **** #define NVIC                ((NVIC_Type      *)     NVIC_BASE     )   /*!< NVIC configuration struc
1563:Drivers/CMSIS/Include/core_cm4.h **** #define ITM                 ((ITM_Type       *)     ITM_BASE      )   /*!< ITM configuration struct
1564:Drivers/CMSIS/Include/core_cm4.h **** #define DWT                 ((DWT_Type       *)     DWT_BASE      )   /*!< DWT configuration struct
1565:Drivers/CMSIS/Include/core_cm4.h **** #define TPI                 ((TPI_Type       *)     TPI_BASE      )   /*!< TPI configuration struct
1566:Drivers/CMSIS/Include/core_cm4.h **** #define CoreDebug           ((CoreDebug_Type *)     CoreDebug_BASE)   /*!< Core Debug configuration
1567:Drivers/CMSIS/Include/core_cm4.h **** 
1568:Drivers/CMSIS/Include/core_cm4.h **** #if defined (__MPU_PRESENT) && (__MPU_PRESENT == 1U)
1569:Drivers/CMSIS/Include/core_cm4.h ****   #define MPU_BASE          (SCS_BASE +  0x0D90UL)                    /*!< Memory Protection Unit *
ARM GAS  /var/folders/_n/tsb0ql0x2w94bsblh62rdcfr0000gn/T//cceS2NYb.s 			page 29


1570:Drivers/CMSIS/Include/core_cm4.h ****   #define MPU               ((MPU_Type       *)     MPU_BASE      )   /*!< Memory Protection Unit *
1571:Drivers/CMSIS/Include/core_cm4.h **** #endif
1572:Drivers/CMSIS/Include/core_cm4.h **** 
1573:Drivers/CMSIS/Include/core_cm4.h **** #define FPU_BASE            (SCS_BASE +  0x0F30UL)                    /*!< Floating Point Unit */
1574:Drivers/CMSIS/Include/core_cm4.h **** #define FPU                 ((FPU_Type       *)     FPU_BASE      )   /*!< Floating Point Unit */
1575:Drivers/CMSIS/Include/core_cm4.h **** 
1576:Drivers/CMSIS/Include/core_cm4.h **** /*@} */
1577:Drivers/CMSIS/Include/core_cm4.h **** 
1578:Drivers/CMSIS/Include/core_cm4.h **** 
1579:Drivers/CMSIS/Include/core_cm4.h **** 
1580:Drivers/CMSIS/Include/core_cm4.h **** /*******************************************************************************
1581:Drivers/CMSIS/Include/core_cm4.h ****  *                Hardware Abstraction Layer
1582:Drivers/CMSIS/Include/core_cm4.h ****   Core Function Interface contains:
1583:Drivers/CMSIS/Include/core_cm4.h ****   - Core NVIC Functions
1584:Drivers/CMSIS/Include/core_cm4.h ****   - Core SysTick Functions
1585:Drivers/CMSIS/Include/core_cm4.h ****   - Core Debug Functions
1586:Drivers/CMSIS/Include/core_cm4.h ****   - Core Register Access Functions
1587:Drivers/CMSIS/Include/core_cm4.h ****  ******************************************************************************/
1588:Drivers/CMSIS/Include/core_cm4.h **** /**
1589:Drivers/CMSIS/Include/core_cm4.h ****   \defgroup CMSIS_Core_FunctionInterface Functions and Instructions Reference
1590:Drivers/CMSIS/Include/core_cm4.h **** */
1591:Drivers/CMSIS/Include/core_cm4.h **** 
1592:Drivers/CMSIS/Include/core_cm4.h **** 
1593:Drivers/CMSIS/Include/core_cm4.h **** 
1594:Drivers/CMSIS/Include/core_cm4.h **** /* ##########################   NVIC functions  #################################### */
1595:Drivers/CMSIS/Include/core_cm4.h **** /**
1596:Drivers/CMSIS/Include/core_cm4.h ****   \ingroup  CMSIS_Core_FunctionInterface
1597:Drivers/CMSIS/Include/core_cm4.h ****   \defgroup CMSIS_Core_NVICFunctions NVIC Functions
1598:Drivers/CMSIS/Include/core_cm4.h ****   \brief    Functions that manage interrupts and exceptions via the NVIC.
1599:Drivers/CMSIS/Include/core_cm4.h ****   @{
1600:Drivers/CMSIS/Include/core_cm4.h ****  */
1601:Drivers/CMSIS/Include/core_cm4.h **** 
1602:Drivers/CMSIS/Include/core_cm4.h **** #ifdef CMSIS_NVIC_VIRTUAL
1603:Drivers/CMSIS/Include/core_cm4.h ****   #ifndef CMSIS_NVIC_VIRTUAL_HEADER_FILE
1604:Drivers/CMSIS/Include/core_cm4.h ****     #define CMSIS_NVIC_VIRTUAL_HEADER_FILE "cmsis_nvic_virtual.h"
1605:Drivers/CMSIS/Include/core_cm4.h ****   #endif
1606:Drivers/CMSIS/Include/core_cm4.h ****   #include CMSIS_NVIC_VIRTUAL_HEADER_FILE
1607:Drivers/CMSIS/Include/core_cm4.h **** #else
1608:Drivers/CMSIS/Include/core_cm4.h ****   #define NVIC_SetPriorityGrouping    __NVIC_SetPriorityGrouping
1609:Drivers/CMSIS/Include/core_cm4.h ****   #define NVIC_GetPriorityGrouping    __NVIC_GetPriorityGrouping
1610:Drivers/CMSIS/Include/core_cm4.h ****   #define NVIC_EnableIRQ              __NVIC_EnableIRQ
1611:Drivers/CMSIS/Include/core_cm4.h ****   #define NVIC_GetEnableIRQ           __NVIC_GetEnableIRQ
1612:Drivers/CMSIS/Include/core_cm4.h ****   #define NVIC_DisableIRQ             __NVIC_DisableIRQ
1613:Drivers/CMSIS/Include/core_cm4.h ****   #define NVIC_GetPendingIRQ          __NVIC_GetPendingIRQ
1614:Drivers/CMSIS/Include/core_cm4.h ****   #define NVIC_SetPendingIRQ          __NVIC_SetPendingIRQ
1615:Drivers/CMSIS/Include/core_cm4.h ****   #define NVIC_ClearPendingIRQ        __NVIC_ClearPendingIRQ
1616:Drivers/CMSIS/Include/core_cm4.h ****   #define NVIC_GetActive              __NVIC_GetActive
1617:Drivers/CMSIS/Include/core_cm4.h ****   #define NVIC_SetPriority            __NVIC_SetPriority
1618:Drivers/CMSIS/Include/core_cm4.h ****   #define NVIC_GetPriority            __NVIC_GetPriority
1619:Drivers/CMSIS/Include/core_cm4.h ****   #define NVIC_SystemReset            __NVIC_SystemReset
1620:Drivers/CMSIS/Include/core_cm4.h **** #endif /* CMSIS_NVIC_VIRTUAL */
1621:Drivers/CMSIS/Include/core_cm4.h **** 
1622:Drivers/CMSIS/Include/core_cm4.h **** #ifdef CMSIS_VECTAB_VIRTUAL
1623:Drivers/CMSIS/Include/core_cm4.h ****   #ifndef CMSIS_VECTAB_VIRTUAL_HEADER_FILE
1624:Drivers/CMSIS/Include/core_cm4.h ****     #define CMSIS_VECTAB_VIRTUAL_HEADER_FILE "cmsis_vectab_virtual.h"
1625:Drivers/CMSIS/Include/core_cm4.h ****   #endif
1626:Drivers/CMSIS/Include/core_cm4.h ****   #include CMSIS_VECTAB_VIRTUAL_HEADER_FILE
ARM GAS  /var/folders/_n/tsb0ql0x2w94bsblh62rdcfr0000gn/T//cceS2NYb.s 			page 30


1627:Drivers/CMSIS/Include/core_cm4.h **** #else
1628:Drivers/CMSIS/Include/core_cm4.h ****   #define NVIC_SetVector              __NVIC_SetVector
1629:Drivers/CMSIS/Include/core_cm4.h ****   #define NVIC_GetVector              __NVIC_GetVector
1630:Drivers/CMSIS/Include/core_cm4.h **** #endif  /* (CMSIS_VECTAB_VIRTUAL) */
1631:Drivers/CMSIS/Include/core_cm4.h **** 
1632:Drivers/CMSIS/Include/core_cm4.h **** #define NVIC_USER_IRQ_OFFSET          16
1633:Drivers/CMSIS/Include/core_cm4.h **** 
1634:Drivers/CMSIS/Include/core_cm4.h **** 
1635:Drivers/CMSIS/Include/core_cm4.h **** /* The following EXC_RETURN values are saved the LR on exception entry */
1636:Drivers/CMSIS/Include/core_cm4.h **** #define EXC_RETURN_HANDLER         (0xFFFFFFF1UL)     /* return to Handler mode, uses MSP after ret
1637:Drivers/CMSIS/Include/core_cm4.h **** #define EXC_RETURN_THREAD_MSP      (0xFFFFFFF9UL)     /* return to Thread mode, uses MSP after retu
1638:Drivers/CMSIS/Include/core_cm4.h **** #define EXC_RETURN_THREAD_PSP      (0xFFFFFFFDUL)     /* return to Thread mode, uses PSP after retu
1639:Drivers/CMSIS/Include/core_cm4.h **** #define EXC_RETURN_HANDLER_FPU     (0xFFFFFFE1UL)     /* return to Handler mode, uses MSP after ret
1640:Drivers/CMSIS/Include/core_cm4.h **** #define EXC_RETURN_THREAD_MSP_FPU  (0xFFFFFFE9UL)     /* return to Thread mode, uses MSP after retu
1641:Drivers/CMSIS/Include/core_cm4.h **** #define EXC_RETURN_THREAD_PSP_FPU  (0xFFFFFFEDUL)     /* return to Thread mode, uses PSP after retu
1642:Drivers/CMSIS/Include/core_cm4.h **** 
1643:Drivers/CMSIS/Include/core_cm4.h **** 
1644:Drivers/CMSIS/Include/core_cm4.h **** /**
1645:Drivers/CMSIS/Include/core_cm4.h ****   \brief   Set Priority Grouping
1646:Drivers/CMSIS/Include/core_cm4.h ****   \details Sets the priority grouping field using the required unlock sequence.
1647:Drivers/CMSIS/Include/core_cm4.h ****            The parameter PriorityGroup is assigned to the field SCB->AIRCR [10:8] PRIGROUP field.
1648:Drivers/CMSIS/Include/core_cm4.h ****            Only values from 0..7 are used.
1649:Drivers/CMSIS/Include/core_cm4.h ****            In case of a conflict between priority grouping and available
1650:Drivers/CMSIS/Include/core_cm4.h ****            priority bits (__NVIC_PRIO_BITS), the smallest possible priority group is set.
1651:Drivers/CMSIS/Include/core_cm4.h ****   \param [in]      PriorityGroup  Priority grouping field.
1652:Drivers/CMSIS/Include/core_cm4.h ****  */
1653:Drivers/CMSIS/Include/core_cm4.h **** __STATIC_INLINE void __NVIC_SetPriorityGrouping(uint32_t PriorityGroup)
1654:Drivers/CMSIS/Include/core_cm4.h **** {
1655:Drivers/CMSIS/Include/core_cm4.h ****   uint32_t reg_value;
1656:Drivers/CMSIS/Include/core_cm4.h ****   uint32_t PriorityGroupTmp = (PriorityGroup & (uint32_t)0x07UL);             /* only values 0..7 a
1657:Drivers/CMSIS/Include/core_cm4.h **** 
1658:Drivers/CMSIS/Include/core_cm4.h ****   reg_value  =  SCB->AIRCR;                                                   /* read old register 
1659:Drivers/CMSIS/Include/core_cm4.h ****   reg_value &= ~((uint32_t)(SCB_AIRCR_VECTKEY_Msk | SCB_AIRCR_PRIGROUP_Msk)); /* clear bits to chan
1660:Drivers/CMSIS/Include/core_cm4.h ****   reg_value  =  (reg_value                                   |
1661:Drivers/CMSIS/Include/core_cm4.h ****                 ((uint32_t)0x5FAUL << SCB_AIRCR_VECTKEY_Pos) |
1662:Drivers/CMSIS/Include/core_cm4.h ****                 (PriorityGroupTmp << SCB_AIRCR_PRIGROUP_Pos)  );              /* Insert write key a
1663:Drivers/CMSIS/Include/core_cm4.h ****   SCB->AIRCR =  reg_value;
1664:Drivers/CMSIS/Include/core_cm4.h **** }
1665:Drivers/CMSIS/Include/core_cm4.h **** 
1666:Drivers/CMSIS/Include/core_cm4.h **** 
1667:Drivers/CMSIS/Include/core_cm4.h **** /**
1668:Drivers/CMSIS/Include/core_cm4.h ****   \brief   Get Priority Grouping
1669:Drivers/CMSIS/Include/core_cm4.h ****   \details Reads the priority grouping field from the NVIC Interrupt Controller.
1670:Drivers/CMSIS/Include/core_cm4.h ****   \return                Priority grouping field (SCB->AIRCR [10:8] PRIGROUP field).
1671:Drivers/CMSIS/Include/core_cm4.h ****  */
1672:Drivers/CMSIS/Include/core_cm4.h **** __STATIC_INLINE uint32_t __NVIC_GetPriorityGrouping(void)
1673:Drivers/CMSIS/Include/core_cm4.h **** {
1674:Drivers/CMSIS/Include/core_cm4.h ****   return ((uint32_t)((SCB->AIRCR & SCB_AIRCR_PRIGROUP_Msk) >> SCB_AIRCR_PRIGROUP_Pos));
1675:Drivers/CMSIS/Include/core_cm4.h **** }
1676:Drivers/CMSIS/Include/core_cm4.h **** 
1677:Drivers/CMSIS/Include/core_cm4.h **** 
1678:Drivers/CMSIS/Include/core_cm4.h **** /**
1679:Drivers/CMSIS/Include/core_cm4.h ****   \brief   Enable Interrupt
1680:Drivers/CMSIS/Include/core_cm4.h ****   \details Enables a device specific interrupt in the NVIC interrupt controller.
1681:Drivers/CMSIS/Include/core_cm4.h ****   \param [in]      IRQn  Device specific interrupt number.
1682:Drivers/CMSIS/Include/core_cm4.h ****   \note    IRQn must not be negative.
1683:Drivers/CMSIS/Include/core_cm4.h ****  */
ARM GAS  /var/folders/_n/tsb0ql0x2w94bsblh62rdcfr0000gn/T//cceS2NYb.s 			page 31


1684:Drivers/CMSIS/Include/core_cm4.h **** __STATIC_INLINE void __NVIC_EnableIRQ(IRQn_Type IRQn)
1685:Drivers/CMSIS/Include/core_cm4.h **** {
1686:Drivers/CMSIS/Include/core_cm4.h ****   if ((int32_t)(IRQn) >= 0)
1687:Drivers/CMSIS/Include/core_cm4.h ****   {
1688:Drivers/CMSIS/Include/core_cm4.h ****     __COMPILER_BARRIER();
1689:Drivers/CMSIS/Include/core_cm4.h ****     NVIC->ISER[(((uint32_t)IRQn) >> 5UL)] = (uint32_t)(1UL << (((uint32_t)IRQn) & 0x1FUL));
1690:Drivers/CMSIS/Include/core_cm4.h ****     __COMPILER_BARRIER();
1691:Drivers/CMSIS/Include/core_cm4.h ****   }
1692:Drivers/CMSIS/Include/core_cm4.h **** }
1693:Drivers/CMSIS/Include/core_cm4.h **** 
1694:Drivers/CMSIS/Include/core_cm4.h **** 
1695:Drivers/CMSIS/Include/core_cm4.h **** /**
1696:Drivers/CMSIS/Include/core_cm4.h ****   \brief   Get Interrupt Enable status
1697:Drivers/CMSIS/Include/core_cm4.h ****   \details Returns a device specific interrupt enable status from the NVIC interrupt controller.
1698:Drivers/CMSIS/Include/core_cm4.h ****   \param [in]      IRQn  Device specific interrupt number.
1699:Drivers/CMSIS/Include/core_cm4.h ****   \return             0  Interrupt is not enabled.
1700:Drivers/CMSIS/Include/core_cm4.h ****   \return             1  Interrupt is enabled.
1701:Drivers/CMSIS/Include/core_cm4.h ****   \note    IRQn must not be negative.
1702:Drivers/CMSIS/Include/core_cm4.h ****  */
1703:Drivers/CMSIS/Include/core_cm4.h **** __STATIC_INLINE uint32_t __NVIC_GetEnableIRQ(IRQn_Type IRQn)
1704:Drivers/CMSIS/Include/core_cm4.h **** {
1705:Drivers/CMSIS/Include/core_cm4.h ****   if ((int32_t)(IRQn) >= 0)
1706:Drivers/CMSIS/Include/core_cm4.h ****   {
1707:Drivers/CMSIS/Include/core_cm4.h ****     return((uint32_t)(((NVIC->ISER[(((uint32_t)IRQn) >> 5UL)] & (1UL << (((uint32_t)IRQn) & 0x1FUL)
1708:Drivers/CMSIS/Include/core_cm4.h ****   }
1709:Drivers/CMSIS/Include/core_cm4.h ****   else
1710:Drivers/CMSIS/Include/core_cm4.h ****   {
1711:Drivers/CMSIS/Include/core_cm4.h ****     return(0U);
1712:Drivers/CMSIS/Include/core_cm4.h ****   }
1713:Drivers/CMSIS/Include/core_cm4.h **** }
1714:Drivers/CMSIS/Include/core_cm4.h **** 
1715:Drivers/CMSIS/Include/core_cm4.h **** 
1716:Drivers/CMSIS/Include/core_cm4.h **** /**
1717:Drivers/CMSIS/Include/core_cm4.h ****   \brief   Disable Interrupt
1718:Drivers/CMSIS/Include/core_cm4.h ****   \details Disables a device specific interrupt in the NVIC interrupt controller.
1719:Drivers/CMSIS/Include/core_cm4.h ****   \param [in]      IRQn  Device specific interrupt number.
1720:Drivers/CMSIS/Include/core_cm4.h ****   \note    IRQn must not be negative.
1721:Drivers/CMSIS/Include/core_cm4.h ****  */
1722:Drivers/CMSIS/Include/core_cm4.h **** __STATIC_INLINE void __NVIC_DisableIRQ(IRQn_Type IRQn)
1723:Drivers/CMSIS/Include/core_cm4.h **** {
1724:Drivers/CMSIS/Include/core_cm4.h ****   if ((int32_t)(IRQn) >= 0)
1725:Drivers/CMSIS/Include/core_cm4.h ****   {
1726:Drivers/CMSIS/Include/core_cm4.h ****     NVIC->ICER[(((uint32_t)IRQn) >> 5UL)] = (uint32_t)(1UL << (((uint32_t)IRQn) & 0x1FUL));
1727:Drivers/CMSIS/Include/core_cm4.h ****     __DSB();
1728:Drivers/CMSIS/Include/core_cm4.h ****     __ISB();
1729:Drivers/CMSIS/Include/core_cm4.h ****   }
1730:Drivers/CMSIS/Include/core_cm4.h **** }
1731:Drivers/CMSIS/Include/core_cm4.h **** 
1732:Drivers/CMSIS/Include/core_cm4.h **** 
1733:Drivers/CMSIS/Include/core_cm4.h **** /**
1734:Drivers/CMSIS/Include/core_cm4.h ****   \brief   Get Pending Interrupt
1735:Drivers/CMSIS/Include/core_cm4.h ****   \details Reads the NVIC pending register and returns the pending bit for the specified device spe
1736:Drivers/CMSIS/Include/core_cm4.h ****   \param [in]      IRQn  Device specific interrupt number.
1737:Drivers/CMSIS/Include/core_cm4.h ****   \return             0  Interrupt status is not pending.
1738:Drivers/CMSIS/Include/core_cm4.h ****   \return             1  Interrupt status is pending.
1739:Drivers/CMSIS/Include/core_cm4.h ****   \note    IRQn must not be negative.
1740:Drivers/CMSIS/Include/core_cm4.h ****  */
ARM GAS  /var/folders/_n/tsb0ql0x2w94bsblh62rdcfr0000gn/T//cceS2NYb.s 			page 32


1741:Drivers/CMSIS/Include/core_cm4.h **** __STATIC_INLINE uint32_t __NVIC_GetPendingIRQ(IRQn_Type IRQn)
1742:Drivers/CMSIS/Include/core_cm4.h **** {
1743:Drivers/CMSIS/Include/core_cm4.h ****   if ((int32_t)(IRQn) >= 0)
1744:Drivers/CMSIS/Include/core_cm4.h ****   {
1745:Drivers/CMSIS/Include/core_cm4.h ****     return((uint32_t)(((NVIC->ISPR[(((uint32_t)IRQn) >> 5UL)] & (1UL << (((uint32_t)IRQn) & 0x1FUL)
1746:Drivers/CMSIS/Include/core_cm4.h ****   }
1747:Drivers/CMSIS/Include/core_cm4.h ****   else
1748:Drivers/CMSIS/Include/core_cm4.h ****   {
1749:Drivers/CMSIS/Include/core_cm4.h ****     return(0U);
1750:Drivers/CMSIS/Include/core_cm4.h ****   }
1751:Drivers/CMSIS/Include/core_cm4.h **** }
1752:Drivers/CMSIS/Include/core_cm4.h **** 
1753:Drivers/CMSIS/Include/core_cm4.h **** 
1754:Drivers/CMSIS/Include/core_cm4.h **** /**
1755:Drivers/CMSIS/Include/core_cm4.h ****   \brief   Set Pending Interrupt
1756:Drivers/CMSIS/Include/core_cm4.h ****   \details Sets the pending bit of a device specific interrupt in the NVIC pending register.
1757:Drivers/CMSIS/Include/core_cm4.h ****   \param [in]      IRQn  Device specific interrupt number.
1758:Drivers/CMSIS/Include/core_cm4.h ****   \note    IRQn must not be negative.
1759:Drivers/CMSIS/Include/core_cm4.h ****  */
1760:Drivers/CMSIS/Include/core_cm4.h **** __STATIC_INLINE void __NVIC_SetPendingIRQ(IRQn_Type IRQn)
1761:Drivers/CMSIS/Include/core_cm4.h **** {
1762:Drivers/CMSIS/Include/core_cm4.h ****   if ((int32_t)(IRQn) >= 0)
1763:Drivers/CMSIS/Include/core_cm4.h ****   {
1764:Drivers/CMSIS/Include/core_cm4.h ****     NVIC->ISPR[(((uint32_t)IRQn) >> 5UL)] = (uint32_t)(1UL << (((uint32_t)IRQn) & 0x1FUL));
1765:Drivers/CMSIS/Include/core_cm4.h ****   }
1766:Drivers/CMSIS/Include/core_cm4.h **** }
1767:Drivers/CMSIS/Include/core_cm4.h **** 
1768:Drivers/CMSIS/Include/core_cm4.h **** 
1769:Drivers/CMSIS/Include/core_cm4.h **** /**
1770:Drivers/CMSIS/Include/core_cm4.h ****   \brief   Clear Pending Interrupt
1771:Drivers/CMSIS/Include/core_cm4.h ****   \details Clears the pending bit of a device specific interrupt in the NVIC pending register.
1772:Drivers/CMSIS/Include/core_cm4.h ****   \param [in]      IRQn  Device specific interrupt number.
1773:Drivers/CMSIS/Include/core_cm4.h ****   \note    IRQn must not be negative.
1774:Drivers/CMSIS/Include/core_cm4.h ****  */
1775:Drivers/CMSIS/Include/core_cm4.h **** __STATIC_INLINE void __NVIC_ClearPendingIRQ(IRQn_Type IRQn)
1776:Drivers/CMSIS/Include/core_cm4.h **** {
1777:Drivers/CMSIS/Include/core_cm4.h ****   if ((int32_t)(IRQn) >= 0)
1778:Drivers/CMSIS/Include/core_cm4.h ****   {
1779:Drivers/CMSIS/Include/core_cm4.h ****     NVIC->ICPR[(((uint32_t)IRQn) >> 5UL)] = (uint32_t)(1UL << (((uint32_t)IRQn) & 0x1FUL));
1780:Drivers/CMSIS/Include/core_cm4.h ****   }
1781:Drivers/CMSIS/Include/core_cm4.h **** }
1782:Drivers/CMSIS/Include/core_cm4.h **** 
1783:Drivers/CMSIS/Include/core_cm4.h **** 
1784:Drivers/CMSIS/Include/core_cm4.h **** /**
1785:Drivers/CMSIS/Include/core_cm4.h ****   \brief   Get Active Interrupt
1786:Drivers/CMSIS/Include/core_cm4.h ****   \details Reads the active register in the NVIC and returns the active bit for the device specific
1787:Drivers/CMSIS/Include/core_cm4.h ****   \param [in]      IRQn  Device specific interrupt number.
1788:Drivers/CMSIS/Include/core_cm4.h ****   \return             0  Interrupt status is not active.
1789:Drivers/CMSIS/Include/core_cm4.h ****   \return             1  Interrupt status is active.
1790:Drivers/CMSIS/Include/core_cm4.h ****   \note    IRQn must not be negative.
1791:Drivers/CMSIS/Include/core_cm4.h ****  */
1792:Drivers/CMSIS/Include/core_cm4.h **** __STATIC_INLINE uint32_t __NVIC_GetActive(IRQn_Type IRQn)
1793:Drivers/CMSIS/Include/core_cm4.h **** {
1794:Drivers/CMSIS/Include/core_cm4.h ****   if ((int32_t)(IRQn) >= 0)
1795:Drivers/CMSIS/Include/core_cm4.h ****   {
1796:Drivers/CMSIS/Include/core_cm4.h ****     return((uint32_t)(((NVIC->IABR[(((uint32_t)IRQn) >> 5UL)] & (1UL << (((uint32_t)IRQn) & 0x1FUL)
1797:Drivers/CMSIS/Include/core_cm4.h ****   }
ARM GAS  /var/folders/_n/tsb0ql0x2w94bsblh62rdcfr0000gn/T//cceS2NYb.s 			page 33


1798:Drivers/CMSIS/Include/core_cm4.h ****   else
1799:Drivers/CMSIS/Include/core_cm4.h ****   {
1800:Drivers/CMSIS/Include/core_cm4.h ****     return(0U);
1801:Drivers/CMSIS/Include/core_cm4.h ****   }
1802:Drivers/CMSIS/Include/core_cm4.h **** }
1803:Drivers/CMSIS/Include/core_cm4.h **** 
1804:Drivers/CMSIS/Include/core_cm4.h **** 
1805:Drivers/CMSIS/Include/core_cm4.h **** /**
1806:Drivers/CMSIS/Include/core_cm4.h ****   \brief   Set Interrupt Priority
1807:Drivers/CMSIS/Include/core_cm4.h ****   \details Sets the priority of a device specific interrupt or a processor exception.
1808:Drivers/CMSIS/Include/core_cm4.h ****            The interrupt number can be positive to specify a device specific interrupt,
1809:Drivers/CMSIS/Include/core_cm4.h ****            or negative to specify a processor exception.
1810:Drivers/CMSIS/Include/core_cm4.h ****   \param [in]      IRQn  Interrupt number.
1811:Drivers/CMSIS/Include/core_cm4.h ****   \param [in]  priority  Priority to set.
1812:Drivers/CMSIS/Include/core_cm4.h ****   \note    The priority cannot be set for every processor exception.
1813:Drivers/CMSIS/Include/core_cm4.h ****  */
1814:Drivers/CMSIS/Include/core_cm4.h **** __STATIC_INLINE void __NVIC_SetPriority(IRQn_Type IRQn, uint32_t priority)
1815:Drivers/CMSIS/Include/core_cm4.h **** {
1816:Drivers/CMSIS/Include/core_cm4.h ****   if ((int32_t)(IRQn) >= 0)
1817:Drivers/CMSIS/Include/core_cm4.h ****   {
1818:Drivers/CMSIS/Include/core_cm4.h ****     NVIC->IP[((uint32_t)IRQn)]               = (uint8_t)((priority << (8U - __NVIC_PRIO_BITS)) & (u
1819:Drivers/CMSIS/Include/core_cm4.h ****   }
1820:Drivers/CMSIS/Include/core_cm4.h ****   else
1821:Drivers/CMSIS/Include/core_cm4.h ****   {
1822:Drivers/CMSIS/Include/core_cm4.h ****     SCB->SHP[(((uint32_t)IRQn) & 0xFUL)-4UL] = (uint8_t)((priority << (8U - __NVIC_PRIO_BITS)) & (u
1823:Drivers/CMSIS/Include/core_cm4.h ****   }
1824:Drivers/CMSIS/Include/core_cm4.h **** }
1825:Drivers/CMSIS/Include/core_cm4.h **** 
1826:Drivers/CMSIS/Include/core_cm4.h **** 
1827:Drivers/CMSIS/Include/core_cm4.h **** /**
1828:Drivers/CMSIS/Include/core_cm4.h ****   \brief   Get Interrupt Priority
1829:Drivers/CMSIS/Include/core_cm4.h ****   \details Reads the priority of a device specific interrupt or a processor exception.
1830:Drivers/CMSIS/Include/core_cm4.h ****            The interrupt number can be positive to specify a device specific interrupt,
1831:Drivers/CMSIS/Include/core_cm4.h ****            or negative to specify a processor exception.
1832:Drivers/CMSIS/Include/core_cm4.h ****   \param [in]   IRQn  Interrupt number.
1833:Drivers/CMSIS/Include/core_cm4.h ****   \return             Interrupt Priority.
1834:Drivers/CMSIS/Include/core_cm4.h ****                       Value is aligned automatically to the implemented priority bits of the microc
1835:Drivers/CMSIS/Include/core_cm4.h ****  */
1836:Drivers/CMSIS/Include/core_cm4.h **** __STATIC_INLINE uint32_t __NVIC_GetPriority(IRQn_Type IRQn)
1837:Drivers/CMSIS/Include/core_cm4.h **** {
1838:Drivers/CMSIS/Include/core_cm4.h **** 
1839:Drivers/CMSIS/Include/core_cm4.h ****   if ((int32_t)(IRQn) >= 0)
1840:Drivers/CMSIS/Include/core_cm4.h ****   {
1841:Drivers/CMSIS/Include/core_cm4.h ****     return(((uint32_t)NVIC->IP[((uint32_t)IRQn)]               >> (8U - __NVIC_PRIO_BITS)));
1842:Drivers/CMSIS/Include/core_cm4.h ****   }
1843:Drivers/CMSIS/Include/core_cm4.h ****   else
1844:Drivers/CMSIS/Include/core_cm4.h ****   {
1845:Drivers/CMSIS/Include/core_cm4.h ****     return(((uint32_t)SCB->SHP[(((uint32_t)IRQn) & 0xFUL)-4UL] >> (8U - __NVIC_PRIO_BITS)));
1846:Drivers/CMSIS/Include/core_cm4.h ****   }
1847:Drivers/CMSIS/Include/core_cm4.h **** }
1848:Drivers/CMSIS/Include/core_cm4.h **** 
1849:Drivers/CMSIS/Include/core_cm4.h **** 
1850:Drivers/CMSIS/Include/core_cm4.h **** /**
1851:Drivers/CMSIS/Include/core_cm4.h ****   \brief   Encode Priority
1852:Drivers/CMSIS/Include/core_cm4.h ****   \details Encodes the priority for an interrupt with the given priority group,
1853:Drivers/CMSIS/Include/core_cm4.h ****            preemptive priority value, and subpriority value.
1854:Drivers/CMSIS/Include/core_cm4.h ****            In case of a conflict between priority grouping and available
ARM GAS  /var/folders/_n/tsb0ql0x2w94bsblh62rdcfr0000gn/T//cceS2NYb.s 			page 34


1855:Drivers/CMSIS/Include/core_cm4.h ****            priority bits (__NVIC_PRIO_BITS), the smallest possible priority group is set.
1856:Drivers/CMSIS/Include/core_cm4.h ****   \param [in]     PriorityGroup  Used priority group.
1857:Drivers/CMSIS/Include/core_cm4.h ****   \param [in]   PreemptPriority  Preemptive priority value (starting from 0).
1858:Drivers/CMSIS/Include/core_cm4.h ****   \param [in]       SubPriority  Subpriority value (starting from 0).
1859:Drivers/CMSIS/Include/core_cm4.h ****   \return                        Encoded priority. Value can be used in the function \ref NVIC_SetP
1860:Drivers/CMSIS/Include/core_cm4.h ****  */
1861:Drivers/CMSIS/Include/core_cm4.h **** __STATIC_INLINE uint32_t NVIC_EncodePriority (uint32_t PriorityGroup, uint32_t PreemptPriority, uin
1862:Drivers/CMSIS/Include/core_cm4.h **** {
1863:Drivers/CMSIS/Include/core_cm4.h ****   uint32_t PriorityGroupTmp = (PriorityGroup & (uint32_t)0x07UL);   /* only values 0..7 are used   
1864:Drivers/CMSIS/Include/core_cm4.h ****   uint32_t PreemptPriorityBits;
1865:Drivers/CMSIS/Include/core_cm4.h ****   uint32_t SubPriorityBits;
1866:Drivers/CMSIS/Include/core_cm4.h **** 
1867:Drivers/CMSIS/Include/core_cm4.h ****   PreemptPriorityBits = ((7UL - PriorityGroupTmp) > (uint32_t)(__NVIC_PRIO_BITS)) ? (uint32_t)(__NV
1868:Drivers/CMSIS/Include/core_cm4.h ****   SubPriorityBits     = ((PriorityGroupTmp + (uint32_t)(__NVIC_PRIO_BITS)) < (uint32_t)7UL) ? (uint
1869:Drivers/CMSIS/Include/core_cm4.h **** 
1870:Drivers/CMSIS/Include/core_cm4.h ****   return (
1871:Drivers/CMSIS/Include/core_cm4.h ****            ((PreemptPriority & (uint32_t)((1UL << (PreemptPriorityBits)) - 1UL)) << SubPriorityBits
1872:Drivers/CMSIS/Include/core_cm4.h ****            ((SubPriority     & (uint32_t)((1UL << (SubPriorityBits    )) - 1UL)))
1873:Drivers/CMSIS/Include/core_cm4.h ****          );
1874:Drivers/CMSIS/Include/core_cm4.h **** }
1875:Drivers/CMSIS/Include/core_cm4.h **** 
1876:Drivers/CMSIS/Include/core_cm4.h **** 
1877:Drivers/CMSIS/Include/core_cm4.h **** /**
1878:Drivers/CMSIS/Include/core_cm4.h ****   \brief   Decode Priority
1879:Drivers/CMSIS/Include/core_cm4.h ****   \details Decodes an interrupt priority value with a given priority group to
1880:Drivers/CMSIS/Include/core_cm4.h ****            preemptive priority value and subpriority value.
1881:Drivers/CMSIS/Include/core_cm4.h ****            In case of a conflict between priority grouping and available
1882:Drivers/CMSIS/Include/core_cm4.h ****            priority bits (__NVIC_PRIO_BITS) the smallest possible priority group is set.
1883:Drivers/CMSIS/Include/core_cm4.h ****   \param [in]         Priority   Priority value, which can be retrieved with the function \ref NVIC
1884:Drivers/CMSIS/Include/core_cm4.h ****   \param [in]     PriorityGroup  Used priority group.
1885:Drivers/CMSIS/Include/core_cm4.h ****   \param [out] pPreemptPriority  Preemptive priority value (starting from 0).
1886:Drivers/CMSIS/Include/core_cm4.h ****   \param [out]     pSubPriority  Subpriority value (starting from 0).
1887:Drivers/CMSIS/Include/core_cm4.h ****  */
1888:Drivers/CMSIS/Include/core_cm4.h **** __STATIC_INLINE void NVIC_DecodePriority (uint32_t Priority, uint32_t PriorityGroup, uint32_t* cons
1889:Drivers/CMSIS/Include/core_cm4.h **** {
1890:Drivers/CMSIS/Include/core_cm4.h ****   uint32_t PriorityGroupTmp = (PriorityGroup & (uint32_t)0x07UL);   /* only values 0..7 are used   
1891:Drivers/CMSIS/Include/core_cm4.h ****   uint32_t PreemptPriorityBits;
1892:Drivers/CMSIS/Include/core_cm4.h ****   uint32_t SubPriorityBits;
1893:Drivers/CMSIS/Include/core_cm4.h **** 
1894:Drivers/CMSIS/Include/core_cm4.h ****   PreemptPriorityBits = ((7UL - PriorityGroupTmp) > (uint32_t)(__NVIC_PRIO_BITS)) ? (uint32_t)(__NV
1895:Drivers/CMSIS/Include/core_cm4.h ****   SubPriorityBits     = ((PriorityGroupTmp + (uint32_t)(__NVIC_PRIO_BITS)) < (uint32_t)7UL) ? (uint
1896:Drivers/CMSIS/Include/core_cm4.h **** 
1897:Drivers/CMSIS/Include/core_cm4.h ****   *pPreemptPriority = (Priority >> SubPriorityBits) & (uint32_t)((1UL << (PreemptPriorityBits)) - 1
1898:Drivers/CMSIS/Include/core_cm4.h ****   *pSubPriority     = (Priority                   ) & (uint32_t)((1UL << (SubPriorityBits    )) - 1
1899:Drivers/CMSIS/Include/core_cm4.h **** }
1900:Drivers/CMSIS/Include/core_cm4.h **** 
1901:Drivers/CMSIS/Include/core_cm4.h **** 
1902:Drivers/CMSIS/Include/core_cm4.h **** /**
1903:Drivers/CMSIS/Include/core_cm4.h ****   \brief   Set Interrupt Vector
1904:Drivers/CMSIS/Include/core_cm4.h ****   \details Sets an interrupt vector in SRAM based interrupt vector table.
1905:Drivers/CMSIS/Include/core_cm4.h ****            The interrupt number can be positive to specify a device specific interrupt,
1906:Drivers/CMSIS/Include/core_cm4.h ****            or negative to specify a processor exception.
1907:Drivers/CMSIS/Include/core_cm4.h ****            VTOR must been relocated to SRAM before.
1908:Drivers/CMSIS/Include/core_cm4.h ****   \param [in]   IRQn      Interrupt number
1909:Drivers/CMSIS/Include/core_cm4.h ****   \param [in]   vector    Address of interrupt handler function
1910:Drivers/CMSIS/Include/core_cm4.h ****  */
1911:Drivers/CMSIS/Include/core_cm4.h **** __STATIC_INLINE void __NVIC_SetVector(IRQn_Type IRQn, uint32_t vector)
ARM GAS  /var/folders/_n/tsb0ql0x2w94bsblh62rdcfr0000gn/T//cceS2NYb.s 			page 35


1912:Drivers/CMSIS/Include/core_cm4.h **** {
1913:Drivers/CMSIS/Include/core_cm4.h ****   uint32_t *vectors = (uint32_t *)SCB->VTOR;
1914:Drivers/CMSIS/Include/core_cm4.h ****   vectors[(int32_t)IRQn + NVIC_USER_IRQ_OFFSET] = vector;
1915:Drivers/CMSIS/Include/core_cm4.h ****   /* ARM Application Note 321 states that the M4 does not require the architectural barrier */
1916:Drivers/CMSIS/Include/core_cm4.h **** }
1917:Drivers/CMSIS/Include/core_cm4.h **** 
1918:Drivers/CMSIS/Include/core_cm4.h **** 
1919:Drivers/CMSIS/Include/core_cm4.h **** /**
1920:Drivers/CMSIS/Include/core_cm4.h ****   \brief   Get Interrupt Vector
1921:Drivers/CMSIS/Include/core_cm4.h ****   \details Reads an interrupt vector from interrupt vector table.
1922:Drivers/CMSIS/Include/core_cm4.h ****            The interrupt number can be positive to specify a device specific interrupt,
1923:Drivers/CMSIS/Include/core_cm4.h ****            or negative to specify a processor exception.
1924:Drivers/CMSIS/Include/core_cm4.h ****   \param [in]   IRQn      Interrupt number.
1925:Drivers/CMSIS/Include/core_cm4.h ****   \return                 Address of interrupt handler function
1926:Drivers/CMSIS/Include/core_cm4.h ****  */
1927:Drivers/CMSIS/Include/core_cm4.h **** __STATIC_INLINE uint32_t __NVIC_GetVector(IRQn_Type IRQn)
1928:Drivers/CMSIS/Include/core_cm4.h **** {
1929:Drivers/CMSIS/Include/core_cm4.h ****   uint32_t *vectors = (uint32_t *)SCB->VTOR;
1930:Drivers/CMSIS/Include/core_cm4.h ****   return vectors[(int32_t)IRQn + NVIC_USER_IRQ_OFFSET];
1931:Drivers/CMSIS/Include/core_cm4.h **** }
1932:Drivers/CMSIS/Include/core_cm4.h **** 
1933:Drivers/CMSIS/Include/core_cm4.h **** 
1934:Drivers/CMSIS/Include/core_cm4.h **** /**
1935:Drivers/CMSIS/Include/core_cm4.h ****   \brief   System Reset
1936:Drivers/CMSIS/Include/core_cm4.h ****   \details Initiates a system reset request to reset the MCU.
1937:Drivers/CMSIS/Include/core_cm4.h ****  */
1938:Drivers/CMSIS/Include/core_cm4.h **** __NO_RETURN __STATIC_INLINE void __NVIC_SystemReset(void)
1939:Drivers/CMSIS/Include/core_cm4.h **** {
  29              		.loc 2 1939 1 view -0
  30              		.cfi_startproc
  31              		@ Volatile: function does not return.
  32              		@ args = 0, pretend = 0, frame = 0
  33              		@ frame_needed = 0, uses_anonymous_args = 0
  34              		@ link register save eliminated.
1940:Drivers/CMSIS/Include/core_cm4.h ****   __DSB();                                                          /* Ensure all outstanding memor
  35              		.loc 2 1940 3 view .LVU1
  36              	.LBB8:
  37              	.LBI8:
  38              		.file 3 "Drivers/CMSIS/Include/cmsis_gcc.h"
   1:Drivers/CMSIS/Include/cmsis_gcc.h **** /**************************************************************************//**
   2:Drivers/CMSIS/Include/cmsis_gcc.h ****  * @file     cmsis_gcc.h
   3:Drivers/CMSIS/Include/cmsis_gcc.h ****  * @brief    CMSIS compiler GCC header file
   4:Drivers/CMSIS/Include/cmsis_gcc.h ****  * @version  V5.4.1
   5:Drivers/CMSIS/Include/cmsis_gcc.h ****  * @date     27. May 2021
   6:Drivers/CMSIS/Include/cmsis_gcc.h ****  ******************************************************************************/
   7:Drivers/CMSIS/Include/cmsis_gcc.h **** /*
   8:Drivers/CMSIS/Include/cmsis_gcc.h ****  * Copyright (c) 2009-2021 Arm Limited. All rights reserved.
   9:Drivers/CMSIS/Include/cmsis_gcc.h ****  *
  10:Drivers/CMSIS/Include/cmsis_gcc.h ****  * SPDX-License-Identifier: Apache-2.0
  11:Drivers/CMSIS/Include/cmsis_gcc.h ****  *
  12:Drivers/CMSIS/Include/cmsis_gcc.h ****  * Licensed under the Apache License, Version 2.0 (the License); you may
  13:Drivers/CMSIS/Include/cmsis_gcc.h ****  * not use this file except in compliance with the License.
  14:Drivers/CMSIS/Include/cmsis_gcc.h ****  * You may obtain a copy of the License at
  15:Drivers/CMSIS/Include/cmsis_gcc.h ****  *
  16:Drivers/CMSIS/Include/cmsis_gcc.h ****  * www.apache.org/licenses/LICENSE-2.0
  17:Drivers/CMSIS/Include/cmsis_gcc.h ****  *
  18:Drivers/CMSIS/Include/cmsis_gcc.h ****  * Unless required by applicable law or agreed to in writing, software
ARM GAS  /var/folders/_n/tsb0ql0x2w94bsblh62rdcfr0000gn/T//cceS2NYb.s 			page 36


  19:Drivers/CMSIS/Include/cmsis_gcc.h ****  * distributed under the License is distributed on an AS IS BASIS, WITHOUT
  20:Drivers/CMSIS/Include/cmsis_gcc.h ****  * WARRANTIES OR CONDITIONS OF ANY KIND, either express or implied.
  21:Drivers/CMSIS/Include/cmsis_gcc.h ****  * See the License for the specific language governing permissions and
  22:Drivers/CMSIS/Include/cmsis_gcc.h ****  * limitations under the License.
  23:Drivers/CMSIS/Include/cmsis_gcc.h ****  */
  24:Drivers/CMSIS/Include/cmsis_gcc.h **** 
  25:Drivers/CMSIS/Include/cmsis_gcc.h **** #ifndef __CMSIS_GCC_H
  26:Drivers/CMSIS/Include/cmsis_gcc.h **** #define __CMSIS_GCC_H
  27:Drivers/CMSIS/Include/cmsis_gcc.h **** 
  28:Drivers/CMSIS/Include/cmsis_gcc.h **** /* ignore some GCC warnings */
  29:Drivers/CMSIS/Include/cmsis_gcc.h **** #pragma GCC diagnostic push
  30:Drivers/CMSIS/Include/cmsis_gcc.h **** #pragma GCC diagnostic ignored "-Wsign-conversion"
  31:Drivers/CMSIS/Include/cmsis_gcc.h **** #pragma GCC diagnostic ignored "-Wconversion"
  32:Drivers/CMSIS/Include/cmsis_gcc.h **** #pragma GCC diagnostic ignored "-Wunused-parameter"
  33:Drivers/CMSIS/Include/cmsis_gcc.h **** 
  34:Drivers/CMSIS/Include/cmsis_gcc.h **** /* Fallback for __has_builtin */
  35:Drivers/CMSIS/Include/cmsis_gcc.h **** #ifndef __has_builtin
  36:Drivers/CMSIS/Include/cmsis_gcc.h ****   #define __has_builtin(x) (0)
  37:Drivers/CMSIS/Include/cmsis_gcc.h **** #endif
  38:Drivers/CMSIS/Include/cmsis_gcc.h **** 
  39:Drivers/CMSIS/Include/cmsis_gcc.h **** /* CMSIS compiler specific defines */
  40:Drivers/CMSIS/Include/cmsis_gcc.h **** #ifndef   __ASM
  41:Drivers/CMSIS/Include/cmsis_gcc.h ****   #define __ASM                                  __asm
  42:Drivers/CMSIS/Include/cmsis_gcc.h **** #endif
  43:Drivers/CMSIS/Include/cmsis_gcc.h **** #ifndef   __INLINE
  44:Drivers/CMSIS/Include/cmsis_gcc.h ****   #define __INLINE                               inline
  45:Drivers/CMSIS/Include/cmsis_gcc.h **** #endif
  46:Drivers/CMSIS/Include/cmsis_gcc.h **** #ifndef   __STATIC_INLINE
  47:Drivers/CMSIS/Include/cmsis_gcc.h ****   #define __STATIC_INLINE                        static inline
  48:Drivers/CMSIS/Include/cmsis_gcc.h **** #endif
  49:Drivers/CMSIS/Include/cmsis_gcc.h **** #ifndef   __STATIC_FORCEINLINE
  50:Drivers/CMSIS/Include/cmsis_gcc.h ****   #define __STATIC_FORCEINLINE                   __attribute__((always_inline)) static inline
  51:Drivers/CMSIS/Include/cmsis_gcc.h **** #endif
  52:Drivers/CMSIS/Include/cmsis_gcc.h **** #ifndef   __NO_RETURN
  53:Drivers/CMSIS/Include/cmsis_gcc.h ****   #define __NO_RETURN                            __attribute__((__noreturn__))
  54:Drivers/CMSIS/Include/cmsis_gcc.h **** #endif
  55:Drivers/CMSIS/Include/cmsis_gcc.h **** #ifndef   __USED
  56:Drivers/CMSIS/Include/cmsis_gcc.h ****   #define __USED                                 __attribute__((used))
  57:Drivers/CMSIS/Include/cmsis_gcc.h **** #endif
  58:Drivers/CMSIS/Include/cmsis_gcc.h **** #ifndef   __WEAK
  59:Drivers/CMSIS/Include/cmsis_gcc.h ****   #define __WEAK                                 __attribute__((weak))
  60:Drivers/CMSIS/Include/cmsis_gcc.h **** #endif
  61:Drivers/CMSIS/Include/cmsis_gcc.h **** #ifndef   __PACKED
  62:Drivers/CMSIS/Include/cmsis_gcc.h ****   #define __PACKED                               __attribute__((packed, aligned(1)))
  63:Drivers/CMSIS/Include/cmsis_gcc.h **** #endif
  64:Drivers/CMSIS/Include/cmsis_gcc.h **** #ifndef   __PACKED_STRUCT
  65:Drivers/CMSIS/Include/cmsis_gcc.h ****   #define __PACKED_STRUCT                        struct __attribute__((packed, aligned(1)))
  66:Drivers/CMSIS/Include/cmsis_gcc.h **** #endif
  67:Drivers/CMSIS/Include/cmsis_gcc.h **** #ifndef   __PACKED_UNION
  68:Drivers/CMSIS/Include/cmsis_gcc.h ****   #define __PACKED_UNION                         union __attribute__((packed, aligned(1)))
  69:Drivers/CMSIS/Include/cmsis_gcc.h **** #endif
  70:Drivers/CMSIS/Include/cmsis_gcc.h **** #ifndef   __UNALIGNED_UINT32        /* deprecated */
  71:Drivers/CMSIS/Include/cmsis_gcc.h ****   #pragma GCC diagnostic push
  72:Drivers/CMSIS/Include/cmsis_gcc.h ****   #pragma GCC diagnostic ignored "-Wpacked"
  73:Drivers/CMSIS/Include/cmsis_gcc.h ****   #pragma GCC diagnostic ignored "-Wattributes"
  74:Drivers/CMSIS/Include/cmsis_gcc.h ****   struct __attribute__((packed)) T_UINT32 { uint32_t v; };
  75:Drivers/CMSIS/Include/cmsis_gcc.h ****   #pragma GCC diagnostic pop
ARM GAS  /var/folders/_n/tsb0ql0x2w94bsblh62rdcfr0000gn/T//cceS2NYb.s 			page 37


  76:Drivers/CMSIS/Include/cmsis_gcc.h ****   #define __UNALIGNED_UINT32(x)                  (((struct T_UINT32 *)(x))->v)
  77:Drivers/CMSIS/Include/cmsis_gcc.h **** #endif
  78:Drivers/CMSIS/Include/cmsis_gcc.h **** #ifndef   __UNALIGNED_UINT16_WRITE
  79:Drivers/CMSIS/Include/cmsis_gcc.h ****   #pragma GCC diagnostic push
  80:Drivers/CMSIS/Include/cmsis_gcc.h ****   #pragma GCC diagnostic ignored "-Wpacked"
  81:Drivers/CMSIS/Include/cmsis_gcc.h ****   #pragma GCC diagnostic ignored "-Wattributes"
  82:Drivers/CMSIS/Include/cmsis_gcc.h ****   __PACKED_STRUCT T_UINT16_WRITE { uint16_t v; };
  83:Drivers/CMSIS/Include/cmsis_gcc.h ****   #pragma GCC diagnostic pop
  84:Drivers/CMSIS/Include/cmsis_gcc.h ****   #define __UNALIGNED_UINT16_WRITE(addr, val)    (void)((((struct T_UINT16_WRITE *)(void *)(addr))-
  85:Drivers/CMSIS/Include/cmsis_gcc.h **** #endif
  86:Drivers/CMSIS/Include/cmsis_gcc.h **** #ifndef   __UNALIGNED_UINT16_READ
  87:Drivers/CMSIS/Include/cmsis_gcc.h ****   #pragma GCC diagnostic push
  88:Drivers/CMSIS/Include/cmsis_gcc.h ****   #pragma GCC diagnostic ignored "-Wpacked"
  89:Drivers/CMSIS/Include/cmsis_gcc.h ****   #pragma GCC diagnostic ignored "-Wattributes"
  90:Drivers/CMSIS/Include/cmsis_gcc.h ****   __PACKED_STRUCT T_UINT16_READ { uint16_t v; };
  91:Drivers/CMSIS/Include/cmsis_gcc.h ****   #pragma GCC diagnostic pop
  92:Drivers/CMSIS/Include/cmsis_gcc.h ****   #define __UNALIGNED_UINT16_READ(addr)          (((const struct T_UINT16_READ *)(const void *)(add
  93:Drivers/CMSIS/Include/cmsis_gcc.h **** #endif
  94:Drivers/CMSIS/Include/cmsis_gcc.h **** #ifndef   __UNALIGNED_UINT32_WRITE
  95:Drivers/CMSIS/Include/cmsis_gcc.h ****   #pragma GCC diagnostic push
  96:Drivers/CMSIS/Include/cmsis_gcc.h ****   #pragma GCC diagnostic ignored "-Wpacked"
  97:Drivers/CMSIS/Include/cmsis_gcc.h ****   #pragma GCC diagnostic ignored "-Wattributes"
  98:Drivers/CMSIS/Include/cmsis_gcc.h ****   __PACKED_STRUCT T_UINT32_WRITE { uint32_t v; };
  99:Drivers/CMSIS/Include/cmsis_gcc.h ****   #pragma GCC diagnostic pop
 100:Drivers/CMSIS/Include/cmsis_gcc.h ****   #define __UNALIGNED_UINT32_WRITE(addr, val)    (void)((((struct T_UINT32_WRITE *)(void *)(addr))-
 101:Drivers/CMSIS/Include/cmsis_gcc.h **** #endif
 102:Drivers/CMSIS/Include/cmsis_gcc.h **** #ifndef   __UNALIGNED_UINT32_READ
 103:Drivers/CMSIS/Include/cmsis_gcc.h ****   #pragma GCC diagnostic push
 104:Drivers/CMSIS/Include/cmsis_gcc.h ****   #pragma GCC diagnostic ignored "-Wpacked"
 105:Drivers/CMSIS/Include/cmsis_gcc.h ****   #pragma GCC diagnostic ignored "-Wattributes"
 106:Drivers/CMSIS/Include/cmsis_gcc.h ****   __PACKED_STRUCT T_UINT32_READ { uint32_t v; };
 107:Drivers/CMSIS/Include/cmsis_gcc.h ****   #pragma GCC diagnostic pop
 108:Drivers/CMSIS/Include/cmsis_gcc.h ****   #define __UNALIGNED_UINT32_READ(addr)          (((const struct T_UINT32_READ *)(const void *)(add
 109:Drivers/CMSIS/Include/cmsis_gcc.h **** #endif
 110:Drivers/CMSIS/Include/cmsis_gcc.h **** #ifndef   __ALIGNED
 111:Drivers/CMSIS/Include/cmsis_gcc.h ****   #define __ALIGNED(x)                           __attribute__((aligned(x)))
 112:Drivers/CMSIS/Include/cmsis_gcc.h **** #endif
 113:Drivers/CMSIS/Include/cmsis_gcc.h **** #ifndef   __RESTRICT
 114:Drivers/CMSIS/Include/cmsis_gcc.h ****   #define __RESTRICT                             __restrict
 115:Drivers/CMSIS/Include/cmsis_gcc.h **** #endif
 116:Drivers/CMSIS/Include/cmsis_gcc.h **** #ifndef   __COMPILER_BARRIER
 117:Drivers/CMSIS/Include/cmsis_gcc.h ****   #define __COMPILER_BARRIER()                   __ASM volatile("":::"memory")
 118:Drivers/CMSIS/Include/cmsis_gcc.h **** #endif
 119:Drivers/CMSIS/Include/cmsis_gcc.h **** 
 120:Drivers/CMSIS/Include/cmsis_gcc.h **** /* #########################  Startup and Lowlevel Init  ######################## */
 121:Drivers/CMSIS/Include/cmsis_gcc.h **** 
 122:Drivers/CMSIS/Include/cmsis_gcc.h **** #ifndef __PROGRAM_START
 123:Drivers/CMSIS/Include/cmsis_gcc.h **** 
 124:Drivers/CMSIS/Include/cmsis_gcc.h **** /**
 125:Drivers/CMSIS/Include/cmsis_gcc.h ****   \brief   Initializes data and bss sections
 126:Drivers/CMSIS/Include/cmsis_gcc.h ****   \details This default implementations initialized all data and additional bss
 127:Drivers/CMSIS/Include/cmsis_gcc.h ****            sections relying on .copy.table and .zero.table specified properly
 128:Drivers/CMSIS/Include/cmsis_gcc.h ****            in the used linker script.
 129:Drivers/CMSIS/Include/cmsis_gcc.h **** 
 130:Drivers/CMSIS/Include/cmsis_gcc.h ****  */
 131:Drivers/CMSIS/Include/cmsis_gcc.h **** __STATIC_FORCEINLINE __NO_RETURN void __cmsis_start(void)
 132:Drivers/CMSIS/Include/cmsis_gcc.h **** {
ARM GAS  /var/folders/_n/tsb0ql0x2w94bsblh62rdcfr0000gn/T//cceS2NYb.s 			page 38


 133:Drivers/CMSIS/Include/cmsis_gcc.h ****   extern void _start(void) __NO_RETURN;
 134:Drivers/CMSIS/Include/cmsis_gcc.h **** 
 135:Drivers/CMSIS/Include/cmsis_gcc.h ****   typedef struct {
 136:Drivers/CMSIS/Include/cmsis_gcc.h ****     uint32_t const* src;
 137:Drivers/CMSIS/Include/cmsis_gcc.h ****     uint32_t* dest;
 138:Drivers/CMSIS/Include/cmsis_gcc.h ****     uint32_t  wlen;
 139:Drivers/CMSIS/Include/cmsis_gcc.h ****   } __copy_table_t;
 140:Drivers/CMSIS/Include/cmsis_gcc.h **** 
 141:Drivers/CMSIS/Include/cmsis_gcc.h ****   typedef struct {
 142:Drivers/CMSIS/Include/cmsis_gcc.h ****     uint32_t* dest;
 143:Drivers/CMSIS/Include/cmsis_gcc.h ****     uint32_t  wlen;
 144:Drivers/CMSIS/Include/cmsis_gcc.h ****   } __zero_table_t;
 145:Drivers/CMSIS/Include/cmsis_gcc.h **** 
 146:Drivers/CMSIS/Include/cmsis_gcc.h ****   extern const __copy_table_t __copy_table_start__;
 147:Drivers/CMSIS/Include/cmsis_gcc.h ****   extern const __copy_table_t __copy_table_end__;
 148:Drivers/CMSIS/Include/cmsis_gcc.h ****   extern const __zero_table_t __zero_table_start__;
 149:Drivers/CMSIS/Include/cmsis_gcc.h ****   extern const __zero_table_t __zero_table_end__;
 150:Drivers/CMSIS/Include/cmsis_gcc.h **** 
 151:Drivers/CMSIS/Include/cmsis_gcc.h ****   for (__copy_table_t const* pTable = &__copy_table_start__; pTable < &__copy_table_end__; ++pTable
 152:Drivers/CMSIS/Include/cmsis_gcc.h ****     for(uint32_t i=0u; i<pTable->wlen; ++i) {
 153:Drivers/CMSIS/Include/cmsis_gcc.h ****       pTable->dest[i] = pTable->src[i];
 154:Drivers/CMSIS/Include/cmsis_gcc.h ****     }
 155:Drivers/CMSIS/Include/cmsis_gcc.h ****   }
 156:Drivers/CMSIS/Include/cmsis_gcc.h **** 
 157:Drivers/CMSIS/Include/cmsis_gcc.h ****   for (__zero_table_t const* pTable = &__zero_table_start__; pTable < &__zero_table_end__; ++pTable
 158:Drivers/CMSIS/Include/cmsis_gcc.h ****     for(uint32_t i=0u; i<pTable->wlen; ++i) {
 159:Drivers/CMSIS/Include/cmsis_gcc.h ****       pTable->dest[i] = 0u;
 160:Drivers/CMSIS/Include/cmsis_gcc.h ****     }
 161:Drivers/CMSIS/Include/cmsis_gcc.h ****   }
 162:Drivers/CMSIS/Include/cmsis_gcc.h **** 
 163:Drivers/CMSIS/Include/cmsis_gcc.h ****   _start();
 164:Drivers/CMSIS/Include/cmsis_gcc.h **** }
 165:Drivers/CMSIS/Include/cmsis_gcc.h **** 
 166:Drivers/CMSIS/Include/cmsis_gcc.h **** #define __PROGRAM_START           __cmsis_start
 167:Drivers/CMSIS/Include/cmsis_gcc.h **** #endif
 168:Drivers/CMSIS/Include/cmsis_gcc.h **** 
 169:Drivers/CMSIS/Include/cmsis_gcc.h **** #ifndef __INITIAL_SP
 170:Drivers/CMSIS/Include/cmsis_gcc.h **** #define __INITIAL_SP              __StackTop
 171:Drivers/CMSIS/Include/cmsis_gcc.h **** #endif
 172:Drivers/CMSIS/Include/cmsis_gcc.h **** 
 173:Drivers/CMSIS/Include/cmsis_gcc.h **** #ifndef __STACK_LIMIT
 174:Drivers/CMSIS/Include/cmsis_gcc.h **** #define __STACK_LIMIT             __StackLimit
 175:Drivers/CMSIS/Include/cmsis_gcc.h **** #endif
 176:Drivers/CMSIS/Include/cmsis_gcc.h **** 
 177:Drivers/CMSIS/Include/cmsis_gcc.h **** #ifndef __VECTOR_TABLE
 178:Drivers/CMSIS/Include/cmsis_gcc.h **** #define __VECTOR_TABLE            __Vectors
 179:Drivers/CMSIS/Include/cmsis_gcc.h **** #endif
 180:Drivers/CMSIS/Include/cmsis_gcc.h **** 
 181:Drivers/CMSIS/Include/cmsis_gcc.h **** #ifndef __VECTOR_TABLE_ATTRIBUTE
 182:Drivers/CMSIS/Include/cmsis_gcc.h **** #define __VECTOR_TABLE_ATTRIBUTE  __attribute__((used, section(".vectors")))
 183:Drivers/CMSIS/Include/cmsis_gcc.h **** #endif
 184:Drivers/CMSIS/Include/cmsis_gcc.h **** 
 185:Drivers/CMSIS/Include/cmsis_gcc.h **** #if defined (__ARM_FEATURE_CMSE) && (__ARM_FEATURE_CMSE == 3U)
 186:Drivers/CMSIS/Include/cmsis_gcc.h **** #ifndef __STACK_SEAL
 187:Drivers/CMSIS/Include/cmsis_gcc.h **** #define __STACK_SEAL              __StackSeal
 188:Drivers/CMSIS/Include/cmsis_gcc.h **** #endif
 189:Drivers/CMSIS/Include/cmsis_gcc.h **** 
ARM GAS  /var/folders/_n/tsb0ql0x2w94bsblh62rdcfr0000gn/T//cceS2NYb.s 			page 39


 190:Drivers/CMSIS/Include/cmsis_gcc.h **** #ifndef __TZ_STACK_SEAL_SIZE
 191:Drivers/CMSIS/Include/cmsis_gcc.h **** #define __TZ_STACK_SEAL_SIZE      8U
 192:Drivers/CMSIS/Include/cmsis_gcc.h **** #endif
 193:Drivers/CMSIS/Include/cmsis_gcc.h **** 
 194:Drivers/CMSIS/Include/cmsis_gcc.h **** #ifndef __TZ_STACK_SEAL_VALUE
 195:Drivers/CMSIS/Include/cmsis_gcc.h **** #define __TZ_STACK_SEAL_VALUE     0xFEF5EDA5FEF5EDA5ULL
 196:Drivers/CMSIS/Include/cmsis_gcc.h **** #endif
 197:Drivers/CMSIS/Include/cmsis_gcc.h **** 
 198:Drivers/CMSIS/Include/cmsis_gcc.h **** 
 199:Drivers/CMSIS/Include/cmsis_gcc.h **** __STATIC_FORCEINLINE void __TZ_set_STACKSEAL_S (uint32_t* stackTop) {
 200:Drivers/CMSIS/Include/cmsis_gcc.h ****   *((uint64_t *)stackTop) = __TZ_STACK_SEAL_VALUE;
 201:Drivers/CMSIS/Include/cmsis_gcc.h **** }
 202:Drivers/CMSIS/Include/cmsis_gcc.h **** #endif
 203:Drivers/CMSIS/Include/cmsis_gcc.h **** 
 204:Drivers/CMSIS/Include/cmsis_gcc.h **** 
 205:Drivers/CMSIS/Include/cmsis_gcc.h **** /* ##########################  Core Instruction Access  ######################### */
 206:Drivers/CMSIS/Include/cmsis_gcc.h **** /** \defgroup CMSIS_Core_InstructionInterface CMSIS Core Instruction Interface
 207:Drivers/CMSIS/Include/cmsis_gcc.h ****   Access to dedicated instructions
 208:Drivers/CMSIS/Include/cmsis_gcc.h ****   @{
 209:Drivers/CMSIS/Include/cmsis_gcc.h **** */
 210:Drivers/CMSIS/Include/cmsis_gcc.h **** 
 211:Drivers/CMSIS/Include/cmsis_gcc.h **** /* Define macros for porting to both thumb1 and thumb2.
 212:Drivers/CMSIS/Include/cmsis_gcc.h ****  * For thumb1, use low register (r0-r7), specified by constraint "l"
 213:Drivers/CMSIS/Include/cmsis_gcc.h ****  * Otherwise, use general registers, specified by constraint "r" */
 214:Drivers/CMSIS/Include/cmsis_gcc.h **** #if defined (__thumb__) && !defined (__thumb2__)
 215:Drivers/CMSIS/Include/cmsis_gcc.h **** #define __CMSIS_GCC_OUT_REG(r) "=l" (r)
 216:Drivers/CMSIS/Include/cmsis_gcc.h **** #define __CMSIS_GCC_RW_REG(r) "+l" (r)
 217:Drivers/CMSIS/Include/cmsis_gcc.h **** #define __CMSIS_GCC_USE_REG(r) "l" (r)
 218:Drivers/CMSIS/Include/cmsis_gcc.h **** #else
 219:Drivers/CMSIS/Include/cmsis_gcc.h **** #define __CMSIS_GCC_OUT_REG(r) "=r" (r)
 220:Drivers/CMSIS/Include/cmsis_gcc.h **** #define __CMSIS_GCC_RW_REG(r) "+r" (r)
 221:Drivers/CMSIS/Include/cmsis_gcc.h **** #define __CMSIS_GCC_USE_REG(r) "r" (r)
 222:Drivers/CMSIS/Include/cmsis_gcc.h **** #endif
 223:Drivers/CMSIS/Include/cmsis_gcc.h **** 
 224:Drivers/CMSIS/Include/cmsis_gcc.h **** /**
 225:Drivers/CMSIS/Include/cmsis_gcc.h ****   \brief   No Operation
 226:Drivers/CMSIS/Include/cmsis_gcc.h ****   \details No Operation does nothing. This instruction can be used for code alignment purposes.
 227:Drivers/CMSIS/Include/cmsis_gcc.h ****  */
 228:Drivers/CMSIS/Include/cmsis_gcc.h **** #define __NOP()                             __ASM volatile ("nop")
 229:Drivers/CMSIS/Include/cmsis_gcc.h **** 
 230:Drivers/CMSIS/Include/cmsis_gcc.h **** /**
 231:Drivers/CMSIS/Include/cmsis_gcc.h ****   \brief   Wait For Interrupt
 232:Drivers/CMSIS/Include/cmsis_gcc.h ****   \details Wait For Interrupt is a hint instruction that suspends execution until one of a number o
 233:Drivers/CMSIS/Include/cmsis_gcc.h ****  */
 234:Drivers/CMSIS/Include/cmsis_gcc.h **** #define __WFI()                             __ASM volatile ("wfi":::"memory")
 235:Drivers/CMSIS/Include/cmsis_gcc.h **** 
 236:Drivers/CMSIS/Include/cmsis_gcc.h **** 
 237:Drivers/CMSIS/Include/cmsis_gcc.h **** /**
 238:Drivers/CMSIS/Include/cmsis_gcc.h ****   \brief   Wait For Event
 239:Drivers/CMSIS/Include/cmsis_gcc.h ****   \details Wait For Event is a hint instruction that permits the processor to enter
 240:Drivers/CMSIS/Include/cmsis_gcc.h ****            a low-power state until one of a number of events occurs.
 241:Drivers/CMSIS/Include/cmsis_gcc.h ****  */
 242:Drivers/CMSIS/Include/cmsis_gcc.h **** #define __WFE()                             __ASM volatile ("wfe":::"memory")
 243:Drivers/CMSIS/Include/cmsis_gcc.h **** 
 244:Drivers/CMSIS/Include/cmsis_gcc.h **** 
 245:Drivers/CMSIS/Include/cmsis_gcc.h **** /**
 246:Drivers/CMSIS/Include/cmsis_gcc.h ****   \brief   Send Event
ARM GAS  /var/folders/_n/tsb0ql0x2w94bsblh62rdcfr0000gn/T//cceS2NYb.s 			page 40


 247:Drivers/CMSIS/Include/cmsis_gcc.h ****   \details Send Event is a hint instruction. It causes an event to be signaled to the CPU.
 248:Drivers/CMSIS/Include/cmsis_gcc.h ****  */
 249:Drivers/CMSIS/Include/cmsis_gcc.h **** #define __SEV()                             __ASM volatile ("sev")
 250:Drivers/CMSIS/Include/cmsis_gcc.h **** 
 251:Drivers/CMSIS/Include/cmsis_gcc.h **** 
 252:Drivers/CMSIS/Include/cmsis_gcc.h **** /**
 253:Drivers/CMSIS/Include/cmsis_gcc.h ****   \brief   Instruction Synchronization Barrier
 254:Drivers/CMSIS/Include/cmsis_gcc.h ****   \details Instruction Synchronization Barrier flushes the pipeline in the processor,
 255:Drivers/CMSIS/Include/cmsis_gcc.h ****            so that all instructions following the ISB are fetched from cache or memory,
 256:Drivers/CMSIS/Include/cmsis_gcc.h ****            after the instruction has been completed.
 257:Drivers/CMSIS/Include/cmsis_gcc.h ****  */
 258:Drivers/CMSIS/Include/cmsis_gcc.h **** __STATIC_FORCEINLINE void __ISB(void)
 259:Drivers/CMSIS/Include/cmsis_gcc.h **** {
 260:Drivers/CMSIS/Include/cmsis_gcc.h ****   __ASM volatile ("isb 0xF":::"memory");
 261:Drivers/CMSIS/Include/cmsis_gcc.h **** }
 262:Drivers/CMSIS/Include/cmsis_gcc.h **** 
 263:Drivers/CMSIS/Include/cmsis_gcc.h **** 
 264:Drivers/CMSIS/Include/cmsis_gcc.h **** /**
 265:Drivers/CMSIS/Include/cmsis_gcc.h ****   \brief   Data Synchronization Barrier
 266:Drivers/CMSIS/Include/cmsis_gcc.h ****   \details Acts as a special kind of Data Memory Barrier.
 267:Drivers/CMSIS/Include/cmsis_gcc.h ****            It completes when all explicit memory accesses before this instruction complete.
 268:Drivers/CMSIS/Include/cmsis_gcc.h ****  */
 269:Drivers/CMSIS/Include/cmsis_gcc.h **** __STATIC_FORCEINLINE void __DSB(void)
  39              		.loc 3 269 27 view .LVU2
  40              	.LBB9:
 270:Drivers/CMSIS/Include/cmsis_gcc.h **** {
 271:Drivers/CMSIS/Include/cmsis_gcc.h ****   __ASM volatile ("dsb 0xF":::"memory");
  41              		.loc 3 271 3 view .LVU3
  42              		.syntax unified
  43              	@ 271 "Drivers/CMSIS/Include/cmsis_gcc.h" 1
  44 0000 BFF34F8F 		dsb 0xF
  45              	@ 0 "" 2
  46              		.thumb
  47              		.syntax unified
  48              	.LBE9:
  49              	.LBE8:
1941:Drivers/CMSIS/Include/core_cm4.h ****                                                                        buffered write are completed
1942:Drivers/CMSIS/Include/core_cm4.h ****   SCB->AIRCR  = (uint32_t)((0x5FAUL << SCB_AIRCR_VECTKEY_Pos)    |
  50              		.loc 2 1942 3 view .LVU4
1943:Drivers/CMSIS/Include/core_cm4.h ****                            (SCB->AIRCR & SCB_AIRCR_PRIGROUP_Msk) |
  51              		.loc 2 1943 32 is_stmt 0 view .LVU5
  52 0004 0549     		ldr	r1, .L3
  53 0006 CA68     		ldr	r2, [r1, #12]
  54              		.loc 2 1943 40 view .LVU6
  55 0008 02F4E062 		and	r2, r2, #1792
1942:Drivers/CMSIS/Include/core_cm4.h ****                            (SCB->AIRCR & SCB_AIRCR_PRIGROUP_Msk) |
  56              		.loc 2 1942 17 view .LVU7
  57 000c 044B     		ldr	r3, .L3+4
  58 000e 1343     		orrs	r3, r3, r2
1942:Drivers/CMSIS/Include/core_cm4.h ****                            (SCB->AIRCR & SCB_AIRCR_PRIGROUP_Msk) |
  59              		.loc 2 1942 15 view .LVU8
  60 0010 CB60     		str	r3, [r1, #12]
1944:Drivers/CMSIS/Include/core_cm4.h ****                             SCB_AIRCR_SYSRESETREQ_Msk    );         /* Keep priority group unchange
1945:Drivers/CMSIS/Include/core_cm4.h ****   __DSB();                                                          /* Ensure completion of memory 
  61              		.loc 2 1945 3 is_stmt 1 view .LVU9
  62              	.LBB10:
  63              	.LBI10:
ARM GAS  /var/folders/_n/tsb0ql0x2w94bsblh62rdcfr0000gn/T//cceS2NYb.s 			page 41


 269:Drivers/CMSIS/Include/cmsis_gcc.h **** {
  64              		.loc 3 269 27 view .LVU10
  65              	.LBB11:
  66              		.loc 3 271 3 view .LVU11
  67              		.syntax unified
  68              	@ 271 "Drivers/CMSIS/Include/cmsis_gcc.h" 1
  69 0012 BFF34F8F 		dsb 0xF
  70              	@ 0 "" 2
  71              		.thumb
  72              		.syntax unified
  73              	.L2:
  74              	.LBE11:
  75              	.LBE10:
1946:Drivers/CMSIS/Include/core_cm4.h **** 
1947:Drivers/CMSIS/Include/core_cm4.h ****   for(;;)                                                           /* wait until reset */
  76              		.loc 2 1947 3 view .LVU12
1948:Drivers/CMSIS/Include/core_cm4.h ****   {
1949:Drivers/CMSIS/Include/core_cm4.h ****     __NOP();
  77              		.loc 2 1949 5 discriminator 1 view .LVU13
  78              		.syntax unified
  79              	@ 1949 "Drivers/CMSIS/Include/core_cm4.h" 1
  80 0016 00BF     		nop
  81              	@ 0 "" 2
1947:Drivers/CMSIS/Include/core_cm4.h ****   {
  82              		.loc 2 1947 3 view .LVU14
  83              		.thumb
  84              		.syntax unified
  85 0018 FDE7     		b	.L2
  86              	.L4:
  87 001a 00BF     		.align	2
  88              	.L3:
  89 001c 00ED00E0 		.word	-536810240
  90 0020 0400FA05 		.word	100270084
  91              		.cfi_endproc
  92              	.LFE121:
  94              		.section	.text.MX_GPIO_Init,"ax",%progbits
  95              		.align	1
  96              		.syntax unified
  97              		.thumb
  98              		.thumb_func
 100              	MX_GPIO_Init:
 101              	.LFB254:
   1:Core/Src/main.c **** /* USER CODE BEGIN Header */
   2:Core/Src/main.c **** /**
   3:Core/Src/main.c ****   ******************************************************************************
   4:Core/Src/main.c ****   * @file           : main.c
   5:Core/Src/main.c ****   * @brief          : Main program body
   6:Core/Src/main.c ****   ******************************************************************************
   7:Core/Src/main.c ****   * @attention
   8:Core/Src/main.c ****   *
   9:Core/Src/main.c ****   * Copyright (c) 2024 STMicroelectronics.
  10:Core/Src/main.c ****   * All rights reserved.
  11:Core/Src/main.c ****   *
  12:Core/Src/main.c ****   * This software is licensed under terms that can be found in the LICENSE file
  13:Core/Src/main.c ****   * in the root directory of this software component.
  14:Core/Src/main.c ****   * If no LICENSE file comes with this software, it is provided AS-IS.
  15:Core/Src/main.c ****   *
ARM GAS  /var/folders/_n/tsb0ql0x2w94bsblh62rdcfr0000gn/T//cceS2NYb.s 			page 42


  16:Core/Src/main.c ****   ******************************************************************************
  17:Core/Src/main.c ****   */
  18:Core/Src/main.c **** /* USER CODE END Header */
  19:Core/Src/main.c **** /* Includes ------------------------------------------------------------------*/
  20:Core/Src/main.c **** #include "main.h"
  21:Core/Src/main.c **** #include <string.h>
  22:Core/Src/main.c **** #include <stdio.h>
  23:Core/Src/main.c **** 
  24:Core/Src/main.c **** /* Private includes ----------------------------------------------------------*/
  25:Core/Src/main.c **** /* USER CODE BEGIN Includes */
  26:Core/Src/main.c **** 
  27:Core/Src/main.c **** /* USER CODE END Includes */
  28:Core/Src/main.c **** 
  29:Core/Src/main.c **** /* Private typedef -----------------------------------------------------------*/
  30:Core/Src/main.c **** /* USER CODE BEGIN PTD */
  31:Core/Src/main.c **** 
  32:Core/Src/main.c **** /* USER CODE END PTD */
  33:Core/Src/main.c **** 
  34:Core/Src/main.c **** /* Private define ------------------------------------------------------------*/
  35:Core/Src/main.c **** /* USER CODE BEGIN PD */
  36:Core/Src/main.c **** 
  37:Core/Src/main.c **** /* USER CODE END PD */
  38:Core/Src/main.c **** 
  39:Core/Src/main.c **** /* Private macro -------------------------------------------------------------*/
  40:Core/Src/main.c **** /* USER CODE BEGIN PM */
  41:Core/Src/main.c **** 
  42:Core/Src/main.c **** /* USER CODE END PM */
  43:Core/Src/main.c **** 
  44:Core/Src/main.c **** /* Private variables ---------------------------------------------------------*/
  45:Core/Src/main.c **** ADC_HandleTypeDef hadc1;
  46:Core/Src/main.c **** 
  47:Core/Src/main.c **** TIM_HandleTypeDef htim2;
  48:Core/Src/main.c **** 
  49:Core/Src/main.c **** UART_HandleTypeDef huart2;
  50:Core/Src/main.c **** DMA_HandleTypeDef hdma_usart2_tx;
  51:Core/Src/main.c **** 
  52:Core/Src/main.c **** /* USER CODE BEGIN PV */
  53:Core/Src/main.c **** 
  54:Core/Src/main.c **** uint16_t vin=0;
  55:Core/Src/main.c **** char msg[20];
  56:Core/Src/main.c **** char input[20];
  57:Core/Src/main.c **** uint8_t rxdata[20];
  58:Core/Src/main.c **** uint8_t final_data[20];
  59:Core/Src/main.c **** uint8_t temp[2];
  60:Core/Src/main.c **** uint32_t timer_counter;
  61:Core/Src/main.c **** int cont;
  62:Core/Src/main.c **** 
  63:Core/Src/main.c **** /* USER CODE END PV */
  64:Core/Src/main.c **** 
  65:Core/Src/main.c **** /* Private function prototypes -----------------------------------------------*/
  66:Core/Src/main.c **** void SystemClock_Config(void);
  67:Core/Src/main.c **** static void MX_GPIO_Init(void);
  68:Core/Src/main.c **** static void MX_DMA_Init(void);
  69:Core/Src/main.c **** static void MX_USART2_UART_Init(void);
  70:Core/Src/main.c **** static void MX_ADC1_Init(void);
  71:Core/Src/main.c **** static void MX_TIM2_Init(void);
  72:Core/Src/main.c **** /* USER CODE BEGIN PFP */
ARM GAS  /var/folders/_n/tsb0ql0x2w94bsblh62rdcfr0000gn/T//cceS2NYb.s 			page 43


  73:Core/Src/main.c **** 
  74:Core/Src/main.c **** void wait_request();
  75:Core/Src/main.c **** void pause();
  76:Core/Src/main.c **** void warning();
  77:Core/Src/main.c **** void error();
  78:Core/Src/main.c **** void sensor_error();
  79:Core/Src/main.c **** void read_sensor();
  80:Core/Src/main.c **** /* USER CODE END PFP */
  81:Core/Src/main.c **** 
  82:Core/Src/main.c **** /* Private user code ---------------------------------------------------------*/
  83:Core/Src/main.c **** /* USER CODE BEGIN 0 */
  84:Core/Src/main.c **** 
  85:Core/Src/main.c **** // void HAL_UART_RxCpltCallback(UART_HandleTypeDef *huart2)
  86:Core/Src/main.c **** // {
  87:Core/Src/main.c **** //   memcpy(rxdata+cont, temp, 1);
  88:Core/Src/main.c **** //   if(++cont>=20) cont=0;
  89:Core/Src/main.c **** //   HAL_UART_Receive_IT(&huart2, temp, 2);
  90:Core/Src/main.c **** // }
  91:Core/Src/main.c **** 
  92:Core/Src/main.c **** /* USER CODE END 0 */
  93:Core/Src/main.c **** 
  94:Core/Src/main.c **** /**
  95:Core/Src/main.c ****   * @brief  The application entry point.
  96:Core/Src/main.c ****   * @retval int
  97:Core/Src/main.c ****   */
  98:Core/Src/main.c **** int main(void)
  99:Core/Src/main.c **** {
 100:Core/Src/main.c **** 
 101:Core/Src/main.c ****   /* USER CODE BEGIN 1 */
 102:Core/Src/main.c **** 
 103:Core/Src/main.c ****   /* USER CODE END 1 */
 104:Core/Src/main.c **** 
 105:Core/Src/main.c ****   /* MCU Configuration--------------------------------------------------------*/
 106:Core/Src/main.c **** 
 107:Core/Src/main.c ****   /* Reset of all peripherals, Initializes the Flash interface and the Systick. */
 108:Core/Src/main.c ****   HAL_Init();
 109:Core/Src/main.c **** 
 110:Core/Src/main.c ****   /* USER CODE BEGIN Init */
 111:Core/Src/main.c **** 
 112:Core/Src/main.c ****   /* USER CODE END Init */
 113:Core/Src/main.c **** 
 114:Core/Src/main.c ****   /* Configure the system clock */
 115:Core/Src/main.c ****   SystemClock_Config();
 116:Core/Src/main.c **** 
 117:Core/Src/main.c ****   /* USER CODE BEGIN SysInit */
 118:Core/Src/main.c **** 
 119:Core/Src/main.c ****   /* USER CODE END SysInit */
 120:Core/Src/main.c **** 
 121:Core/Src/main.c ****   /* Initialize all configured peripherals */
 122:Core/Src/main.c ****   MX_GPIO_Init();
 123:Core/Src/main.c ****   MX_DMA_Init();
 124:Core/Src/main.c ****   MX_USART2_UART_Init();
 125:Core/Src/main.c ****   MX_ADC1_Init();
 126:Core/Src/main.c ****   MX_TIM2_Init();
 127:Core/Src/main.c ****   /* USER CODE BEGIN 2 */
 128:Core/Src/main.c ****   wait_request();
 129:Core/Src/main.c **** 
ARM GAS  /var/folders/_n/tsb0ql0x2w94bsblh62rdcfr0000gn/T//cceS2NYb.s 			page 44


 130:Core/Src/main.c ****  
 131:Core/Src/main.c **** 
 132:Core/Src/main.c ****   /* USER CODE END 2 */
 133:Core/Src/main.c **** 
 134:Core/Src/main.c ****   /* Infinite loop */
 135:Core/Src/main.c ****   /* USER CODE BEGIN WHILE */
 136:Core/Src/main.c ****   while (1)
 137:Core/Src/main.c ****   {
 138:Core/Src/main.c ****     /* USER CODE END WHILE */
 139:Core/Src/main.c ****     
 140:Core/Src/main.c **** 
 141:Core/Src/main.c ****     // HAL_GPIO_WritePin(led_GPIO_Port, led_Pin, GPIO_PIN_SET);
 142:Core/Src/main.c ****     // HAL_Delay(200);
 143:Core/Src/main.c ****     // HAL_GPIO_WritePin(led_GPIO_Port, led_Pin, GPIO_PIN_RESET);
 144:Core/Src/main.c ****     // HAL_Delay(200);
 145:Core/Src/main.c **** 
 146:Core/Src/main.c ****     // if(temp[0] == '\n')
 147:Core/Src/main.c ****     // {
 148:Core/Src/main.c ****     //   memcpy(final_data, rxdata, cont);
 149:Core/Src/main.c ****     //   cont = 0;
 150:Core/Src/main.c ****     // }
 151:Core/Src/main.c **** 
 152:Core/Src/main.c ****     // HAL_UART_Receive(&huart2, (uint8_t*)&input, 20, 1000);
 153:Core/Src/main.c ****     // if(input[0]=='L')
 154:Core/Src/main.c ****     // {
 155:Core/Src/main.c ****     //   HAL_GPIO_WritePin(led_GPIO_Port, led_Pin, GPIO_PIN_SET);
 156:Core/Src/main.c ****     //   HAL_Delay(200);
 157:Core/Src/main.c ****     //   HAL_GPIO_WritePin(led_GPIO_Port, led_Pin, GPIO_PIN_RESET);
 158:Core/Src/main.c ****     // }
 159:Core/Src/main.c **** 
 160:Core/Src/main.c ****     HAL_GPIO_WritePin(led_GPIO_Port, led_Pin, GPIO_PIN_SET);
 161:Core/Src/main.c ****     sensor_error();
 162:Core/Src/main.c ****     //read_sensor();
 163:Core/Src/main.c ****     
 164:Core/Src/main.c ****     /* USER CODE BEGIN 3 */
 165:Core/Src/main.c ****   }
 166:Core/Src/main.c ****   /* USER CODE END 3 */
 167:Core/Src/main.c **** }
 168:Core/Src/main.c **** 
 169:Core/Src/main.c **** void wait_request()
 170:Core/Src/main.c **** {
 171:Core/Src/main.c ****   while(HAL_GPIO_ReadPin(bottone_GPIO_Port, bottone_Pin)==GPIO_PIN_SET)
 172:Core/Src/main.c ****   {
 173:Core/Src/main.c **** 
 174:Core/Src/main.c ****   }
 175:Core/Src/main.c ****   char data[]="programma iniziato\n ";
 176:Core/Src/main.c ****   HAL_UART_Transmit(&huart2, (uint8_t*)&data, strlen(data), HAL_MAX_DELAY);
 177:Core/Src/main.c ****   HAL_Delay(100);
 178:Core/Src/main.c **** }
 179:Core/Src/main.c **** 
 180:Core/Src/main.c **** void pause()
 181:Core/Src/main.c **** {
 182:Core/Src/main.c ****   while(HAL_GPIO_ReadPin(bottone_GPIO_Port, bottone_Pin)==GPIO_PIN_SET)
 183:Core/Src/main.c ****   {
 184:Core/Src/main.c ****     char data[20]="Stato Pause\n ";
 185:Core/Src/main.c ****     HAL_UART_Transmit(&huart2, (uint8_t*)&data, strlen(data), HAL_MAX_DELAY);
 186:Core/Src/main.c **** 
ARM GAS  /var/folders/_n/tsb0ql0x2w94bsblh62rdcfr0000gn/T//cceS2NYb.s 			page 45


 187:Core/Src/main.c ****     HAL_GPIO_WritePin(led_GPIO_Port, led_Pin, GPIO_PIN_SET);
 188:Core/Src/main.c ****     HAL_Delay(1000);
 189:Core/Src/main.c ****     HAL_GPIO_WritePin(led_GPIO_Port, led_Pin, GPIO_PIN_RESET);
 190:Core/Src/main.c ****     HAL_Delay(1000);
 191:Core/Src/main.c ****   }
 192:Core/Src/main.c **** }
 193:Core/Src/main.c **** 
 194:Core/Src/main.c **** void warning()
 195:Core/Src/main.c **** {
 196:Core/Src/main.c ****   while(HAL_GPIO_ReadPin(bottone_GPIO_Port, bottone_Pin)==GPIO_PIN_SET)
 197:Core/Src/main.c ****   {
 198:Core/Src/main.c ****     char data[20]="WARNING\n ";
 199:Core/Src/main.c ****     HAL_UART_Transmit(&huart2, (uint8_t*)&data, strlen(data), HAL_MAX_DELAY);
 200:Core/Src/main.c ****     HAL_Delay(500);
 201:Core/Src/main.c ****   }
 202:Core/Src/main.c **** }
 203:Core/Src/main.c **** 
 204:Core/Src/main.c **** void error()
 205:Core/Src/main.c **** {
 206:Core/Src/main.c ****   while(HAL_GPIO_ReadPin(bottone_GPIO_Port, bottone_Pin)==GPIO_PIN_SET)
 207:Core/Src/main.c ****   {
 208:Core/Src/main.c ****     char data[20]="ERROR\n ";
 209:Core/Src/main.c ****     HAL_UART_Transmit(&huart2, (uint8_t*)&data, strlen(data), HAL_MAX_DELAY);
 210:Core/Src/main.c ****     HAL_GPIO_WritePin(led_GPIO_Port, led_Pin, GPIO_PIN_SET);
 211:Core/Src/main.c ****     HAL_Delay(200);
 212:Core/Src/main.c ****     HAL_GPIO_WritePin(led_GPIO_Port, led_Pin, GPIO_PIN_RESET);
 213:Core/Src/main.c ****     HAL_Delay(200);
 214:Core/Src/main.c ****   }
 215:Core/Src/main.c ****   NVIC_SystemReset();
 216:Core/Src/main.c **** 
 217:Core/Src/main.c **** }
 218:Core/Src/main.c **** 
 219:Core/Src/main.c **** void sensor_error()
 220:Core/Src/main.c **** {
 221:Core/Src/main.c ****   timer_counter=__HAL_TIM_GET_COUNTER(&htim2);
 222:Core/Src/main.c ****   while (HAL_GPIO_ReadPin(digitale_GPIO_Port, digitale_Pin)==GPIO_PIN_RESET)
 223:Core/Src/main.c ****   {
 224:Core/Src/main.c ****     read_sensor();
 225:Core/Src/main.c ****   }
 226:Core/Src/main.c ****   if (__HAL_TIM_GET_COUNTER(&htim2) - timer_counter >=20000)
 227:Core/Src/main.c ****   {
 228:Core/Src/main.c ****     warning();
 229:Core/Src/main.c ****   }
 230:Core/Src/main.c ****   
 231:Core/Src/main.c **** }
 232:Core/Src/main.c **** 
 233:Core/Src/main.c **** void read_sensor()
 234:Core/Src/main.c **** {
 235:Core/Src/main.c ****     HAL_ADC_Start(&hadc1);
 236:Core/Src/main.c ****     HAL_ADC_PollForConversion(&hadc1, 20);
 237:Core/Src/main.c ****     vin=HAL_ADC_GetValue(&hadc1);
 238:Core/Src/main.c ****     sprintf(msg, "Vin: %hu \n\r", vin);
 239:Core/Src/main.c ****     HAL_UART_Transmit(&huart2, (uint8_t*)&msg, 20, HAL_MAX_DELAY);
 240:Core/Src/main.c ****     HAL_Delay(100);
 241:Core/Src/main.c **** }
 242:Core/Src/main.c **** 
 243:Core/Src/main.c **** /**
ARM GAS  /var/folders/_n/tsb0ql0x2w94bsblh62rdcfr0000gn/T//cceS2NYb.s 			page 46


 244:Core/Src/main.c ****   * @brief System Clock Configuration
 245:Core/Src/main.c ****   * @retval None
 246:Core/Src/main.c ****   */
 247:Core/Src/main.c **** void SystemClock_Config(void)
 248:Core/Src/main.c **** {
 249:Core/Src/main.c ****   RCC_OscInitTypeDef RCC_OscInitStruct = {0};
 250:Core/Src/main.c ****   RCC_ClkInitTypeDef RCC_ClkInitStruct = {0};
 251:Core/Src/main.c **** 
 252:Core/Src/main.c ****   /** Configure the main internal regulator output voltage
 253:Core/Src/main.c ****   */
 254:Core/Src/main.c ****   __HAL_RCC_PWR_CLK_ENABLE();
 255:Core/Src/main.c ****   __HAL_PWR_VOLTAGESCALING_CONFIG(PWR_REGULATOR_VOLTAGE_SCALE1);
 256:Core/Src/main.c **** 
 257:Core/Src/main.c ****   /** Initializes the RCC Oscillators according to the specified parameters
 258:Core/Src/main.c ****   * in the RCC_OscInitTypeDef structure.
 259:Core/Src/main.c ****   */
 260:Core/Src/main.c ****   RCC_OscInitStruct.OscillatorType = RCC_OSCILLATORTYPE_HSE;
 261:Core/Src/main.c ****   RCC_OscInitStruct.HSEState = RCC_HSE_ON;
 262:Core/Src/main.c ****   RCC_OscInitStruct.PLL.PLLState = RCC_PLL_ON;
 263:Core/Src/main.c ****   RCC_OscInitStruct.PLL.PLLSource = RCC_PLLSOURCE_HSE;
 264:Core/Src/main.c ****   RCC_OscInitStruct.PLL.PLLM = 4;
 265:Core/Src/main.c ****   RCC_OscInitStruct.PLL.PLLN = 180;
 266:Core/Src/main.c ****   RCC_OscInitStruct.PLL.PLLP = RCC_PLLP_DIV2;
 267:Core/Src/main.c ****   RCC_OscInitStruct.PLL.PLLQ = 2;
 268:Core/Src/main.c ****   RCC_OscInitStruct.PLL.PLLR = 2;
 269:Core/Src/main.c ****   if (HAL_RCC_OscConfig(&RCC_OscInitStruct) != HAL_OK)
 270:Core/Src/main.c ****   {
 271:Core/Src/main.c ****     Error_Handler();
 272:Core/Src/main.c ****   }
 273:Core/Src/main.c **** 
 274:Core/Src/main.c ****   /** Activate the Over-Drive mode
 275:Core/Src/main.c ****   */
 276:Core/Src/main.c ****   if (HAL_PWREx_EnableOverDrive() != HAL_OK)
 277:Core/Src/main.c ****   {
 278:Core/Src/main.c ****     Error_Handler();
 279:Core/Src/main.c ****   }
 280:Core/Src/main.c **** 
 281:Core/Src/main.c ****   /** Initializes the CPU, AHB and APB buses clocks
 282:Core/Src/main.c ****   */
 283:Core/Src/main.c ****   RCC_ClkInitStruct.ClockType = RCC_CLOCKTYPE_HCLK|RCC_CLOCKTYPE_SYSCLK
 284:Core/Src/main.c ****                               |RCC_CLOCKTYPE_PCLK1|RCC_CLOCKTYPE_PCLK2;
 285:Core/Src/main.c ****   RCC_ClkInitStruct.SYSCLKSource = RCC_SYSCLKSOURCE_PLLCLK;
 286:Core/Src/main.c ****   RCC_ClkInitStruct.AHBCLKDivider = RCC_SYSCLK_DIV1;
 287:Core/Src/main.c ****   RCC_ClkInitStruct.APB1CLKDivider = RCC_HCLK_DIV4;
 288:Core/Src/main.c ****   RCC_ClkInitStruct.APB2CLKDivider = RCC_HCLK_DIV2;
 289:Core/Src/main.c **** 
 290:Core/Src/main.c ****   if (HAL_RCC_ClockConfig(&RCC_ClkInitStruct, FLASH_LATENCY_5) != HAL_OK)
 291:Core/Src/main.c ****   {
 292:Core/Src/main.c ****     Error_Handler();
 293:Core/Src/main.c ****   }
 294:Core/Src/main.c **** }
 295:Core/Src/main.c **** 
 296:Core/Src/main.c **** /**
 297:Core/Src/main.c ****   * @brief ADC1 Initialization Function
 298:Core/Src/main.c ****   * @param None
 299:Core/Src/main.c ****   * @retval None
 300:Core/Src/main.c ****   */
ARM GAS  /var/folders/_n/tsb0ql0x2w94bsblh62rdcfr0000gn/T//cceS2NYb.s 			page 47


 301:Core/Src/main.c **** static void MX_ADC1_Init(void)
 302:Core/Src/main.c **** {
 303:Core/Src/main.c **** 
 304:Core/Src/main.c ****   /* USER CODE BEGIN ADC1_Init 0 */
 305:Core/Src/main.c **** 
 306:Core/Src/main.c ****   /* USER CODE END ADC1_Init 0 */
 307:Core/Src/main.c **** 
 308:Core/Src/main.c ****   ADC_ChannelConfTypeDef sConfig = {0};
 309:Core/Src/main.c **** 
 310:Core/Src/main.c ****   /* USER CODE BEGIN ADC1_Init 1 */
 311:Core/Src/main.c **** 
 312:Core/Src/main.c ****   /* USER CODE END ADC1_Init 1 */
 313:Core/Src/main.c **** 
 314:Core/Src/main.c ****   /** Configure the global features of the ADC (Clock, Resolution, Data Alignment and number of con
 315:Core/Src/main.c ****   */
 316:Core/Src/main.c ****   hadc1.Instance = ADC1;
 317:Core/Src/main.c ****   hadc1.Init.ClockPrescaler = ADC_CLOCK_SYNC_PCLK_DIV4;
 318:Core/Src/main.c ****   hadc1.Init.Resolution = ADC_RESOLUTION_12B;
 319:Core/Src/main.c ****   hadc1.Init.ScanConvMode = DISABLE;
 320:Core/Src/main.c ****   hadc1.Init.ContinuousConvMode = DISABLE;
 321:Core/Src/main.c ****   hadc1.Init.DiscontinuousConvMode = DISABLE;
 322:Core/Src/main.c ****   hadc1.Init.ExternalTrigConvEdge = ADC_EXTERNALTRIGCONVEDGE_NONE;
 323:Core/Src/main.c ****   hadc1.Init.ExternalTrigConv = ADC_SOFTWARE_START;
 324:Core/Src/main.c ****   hadc1.Init.DataAlign = ADC_DATAALIGN_RIGHT;
 325:Core/Src/main.c ****   hadc1.Init.NbrOfConversion = 1;
 326:Core/Src/main.c ****   hadc1.Init.DMAContinuousRequests = DISABLE;
 327:Core/Src/main.c ****   hadc1.Init.EOCSelection = ADC_EOC_SINGLE_CONV;
 328:Core/Src/main.c ****   if (HAL_ADC_Init(&hadc1) != HAL_OK)
 329:Core/Src/main.c ****   {
 330:Core/Src/main.c ****     Error_Handler();
 331:Core/Src/main.c ****   }
 332:Core/Src/main.c **** 
 333:Core/Src/main.c ****   /** Configure for the selected ADC regular channel its corresponding rank in the sequencer and it
 334:Core/Src/main.c ****   */
 335:Core/Src/main.c ****   sConfig.Channel = ADC_CHANNEL_0;
 336:Core/Src/main.c ****   sConfig.Rank = 1;
 337:Core/Src/main.c ****   sConfig.SamplingTime = ADC_SAMPLETIME_3CYCLES;
 338:Core/Src/main.c ****   if (HAL_ADC_ConfigChannel(&hadc1, &sConfig) != HAL_OK)
 339:Core/Src/main.c ****   {
 340:Core/Src/main.c ****     Error_Handler();
 341:Core/Src/main.c ****   }
 342:Core/Src/main.c ****   /* USER CODE BEGIN ADC1_Init 2 */
 343:Core/Src/main.c **** 
 344:Core/Src/main.c ****   /* USER CODE END ADC1_Init 2 */
 345:Core/Src/main.c **** 
 346:Core/Src/main.c **** }
 347:Core/Src/main.c **** 
 348:Core/Src/main.c **** /**
 349:Core/Src/main.c ****   * @brief TIM2 Initialization Function
 350:Core/Src/main.c ****   * @param None
 351:Core/Src/main.c ****   * @retval None
 352:Core/Src/main.c ****   */
 353:Core/Src/main.c **** static void MX_TIM2_Init(void)
 354:Core/Src/main.c **** {
 355:Core/Src/main.c **** 
 356:Core/Src/main.c ****   /* USER CODE BEGIN TIM2_Init 0 */
 357:Core/Src/main.c **** 
ARM GAS  /var/folders/_n/tsb0ql0x2w94bsblh62rdcfr0000gn/T//cceS2NYb.s 			page 48


 358:Core/Src/main.c ****   /* USER CODE END TIM2_Init 0 */
 359:Core/Src/main.c **** 
 360:Core/Src/main.c ****   TIM_ClockConfigTypeDef sClockSourceConfig = {0};
 361:Core/Src/main.c ****   TIM_MasterConfigTypeDef sMasterConfig = {0};
 362:Core/Src/main.c ****   TIM_OC_InitTypeDef sConfigOC = {0};
 363:Core/Src/main.c **** 
 364:Core/Src/main.c ****   /* USER CODE BEGIN TIM2_Init 1 */
 365:Core/Src/main.c **** 
 366:Core/Src/main.c ****   /* USER CODE END TIM2_Init 1 */
 367:Core/Src/main.c ****   htim2.Instance = TIM2;
 368:Core/Src/main.c ****   htim2.Init.Prescaler = 999;
 369:Core/Src/main.c ****   htim2.Init.CounterMode = TIM_COUNTERMODE_UP;
 370:Core/Src/main.c ****   htim2.Init.Period = 65535;
 371:Core/Src/main.c ****   htim2.Init.ClockDivision = TIM_CLOCKDIVISION_DIV1;
 372:Core/Src/main.c ****   htim2.Init.AutoReloadPreload = TIM_AUTORELOAD_PRELOAD_DISABLE;
 373:Core/Src/main.c ****   if (HAL_TIM_Base_Init(&htim2) != HAL_OK)
 374:Core/Src/main.c ****   {
 375:Core/Src/main.c ****     Error_Handler();
 376:Core/Src/main.c ****   }
 377:Core/Src/main.c ****   sClockSourceConfig.ClockSource = TIM_CLOCKSOURCE_INTERNAL;
 378:Core/Src/main.c ****   if (HAL_TIM_ConfigClockSource(&htim2, &sClockSourceConfig) != HAL_OK)
 379:Core/Src/main.c ****   {
 380:Core/Src/main.c ****     Error_Handler();
 381:Core/Src/main.c ****   }
 382:Core/Src/main.c ****   if (HAL_TIM_PWM_Init(&htim2) != HAL_OK)
 383:Core/Src/main.c ****   {
 384:Core/Src/main.c ****     Error_Handler();
 385:Core/Src/main.c ****   }
 386:Core/Src/main.c ****   sMasterConfig.MasterOutputTrigger = TIM_TRGO_RESET;
 387:Core/Src/main.c ****   sMasterConfig.MasterSlaveMode = TIM_MASTERSLAVEMODE_DISABLE;
 388:Core/Src/main.c ****   if (HAL_TIMEx_MasterConfigSynchronization(&htim2, &sMasterConfig) != HAL_OK)
 389:Core/Src/main.c ****   {
 390:Core/Src/main.c ****     Error_Handler();
 391:Core/Src/main.c ****   }
 392:Core/Src/main.c ****   sConfigOC.OCMode = TIM_OCMODE_PWM1;
 393:Core/Src/main.c ****   sConfigOC.Pulse = 0;
 394:Core/Src/main.c ****   sConfigOC.OCPolarity = TIM_OCPOLARITY_HIGH;
 395:Core/Src/main.c ****   sConfigOC.OCFastMode = TIM_OCFAST_DISABLE;
 396:Core/Src/main.c ****   if (HAL_TIM_PWM_ConfigChannel(&htim2, &sConfigOC, TIM_CHANNEL_1) != HAL_OK)
 397:Core/Src/main.c ****   {
 398:Core/Src/main.c ****     Error_Handler();
 399:Core/Src/main.c ****   }
 400:Core/Src/main.c ****   /* USER CODE BEGIN TIM2_Init 2 */
 401:Core/Src/main.c ****   HAL_TIM_Base_Start(&htim2);
 402:Core/Src/main.c ****   /* USER CODE END TIM2_Init 2 */
 403:Core/Src/main.c ****   HAL_TIM_MspPostInit(&htim2);
 404:Core/Src/main.c **** 
 405:Core/Src/main.c **** }
 406:Core/Src/main.c **** 
 407:Core/Src/main.c **** /**
 408:Core/Src/main.c ****   * @brief USART2 Initialization Function
 409:Core/Src/main.c ****   * @param None
 410:Core/Src/main.c ****   * @retval None
 411:Core/Src/main.c ****   */
 412:Core/Src/main.c **** static void MX_USART2_UART_Init(void)
 413:Core/Src/main.c **** {
 414:Core/Src/main.c **** 
ARM GAS  /var/folders/_n/tsb0ql0x2w94bsblh62rdcfr0000gn/T//cceS2NYb.s 			page 49


 415:Core/Src/main.c ****   /* USER CODE BEGIN USART2_Init 0 */
 416:Core/Src/main.c **** 
 417:Core/Src/main.c ****   /* USER CODE END USART2_Init 0 */
 418:Core/Src/main.c **** 
 419:Core/Src/main.c ****   /* USER CODE BEGIN USART2_Init 1 */
 420:Core/Src/main.c **** 
 421:Core/Src/main.c ****   /* USER CODE END USART2_Init 1 */
 422:Core/Src/main.c ****   huart2.Instance = USART2;
 423:Core/Src/main.c ****   huart2.Init.BaudRate = 115200;
 424:Core/Src/main.c ****   huart2.Init.WordLength = UART_WORDLENGTH_8B;
 425:Core/Src/main.c ****   huart2.Init.StopBits = UART_STOPBITS_1;
 426:Core/Src/main.c ****   huart2.Init.Parity = UART_PARITY_NONE;
 427:Core/Src/main.c ****   huart2.Init.Mode = UART_MODE_TX_RX;
 428:Core/Src/main.c ****   huart2.Init.HwFlowCtl = UART_HWCONTROL_NONE;
 429:Core/Src/main.c ****   huart2.Init.OverSampling = UART_OVERSAMPLING_16;
 430:Core/Src/main.c ****   if (HAL_UART_Init(&huart2) != HAL_OK)
 431:Core/Src/main.c ****   {
 432:Core/Src/main.c ****     Error_Handler();
 433:Core/Src/main.c ****   }
 434:Core/Src/main.c ****   /* USER CODE BEGIN USART2_Init 2 */
 435:Core/Src/main.c **** 
 436:Core/Src/main.c ****   /* USER CODE END USART2_Init 2 */
 437:Core/Src/main.c **** 
 438:Core/Src/main.c **** }
 439:Core/Src/main.c **** 
 440:Core/Src/main.c **** /**
 441:Core/Src/main.c ****   * Enable DMA controller clock
 442:Core/Src/main.c ****   */
 443:Core/Src/main.c **** static void MX_DMA_Init(void)
 444:Core/Src/main.c **** {
 445:Core/Src/main.c **** 
 446:Core/Src/main.c ****   /* DMA controller clock enable */
 447:Core/Src/main.c ****   __HAL_RCC_DMA1_CLK_ENABLE();
 448:Core/Src/main.c **** 
 449:Core/Src/main.c ****   /* DMA interrupt init */
 450:Core/Src/main.c ****   /* DMA1_Stream6_IRQn interrupt configuration */
 451:Core/Src/main.c ****   HAL_NVIC_SetPriority(DMA1_Stream6_IRQn, 0, 0);
 452:Core/Src/main.c ****   HAL_NVIC_EnableIRQ(DMA1_Stream6_IRQn);
 453:Core/Src/main.c **** 
 454:Core/Src/main.c **** }
 455:Core/Src/main.c **** 
 456:Core/Src/main.c **** /**
 457:Core/Src/main.c ****   * @brief GPIO Initialization Function
 458:Core/Src/main.c ****   * @param None
 459:Core/Src/main.c ****   * @retval None
 460:Core/Src/main.c ****   */
 461:Core/Src/main.c **** static void MX_GPIO_Init(void)
 462:Core/Src/main.c **** {
 102              		.loc 1 462 1 view -0
 103              		.cfi_startproc
 104              		@ args = 0, pretend = 0, frame = 32
 105              		@ frame_needed = 0, uses_anonymous_args = 0
 106 0000 30B5     		push	{r4, r5, lr}
 107              		.cfi_def_cfa_offset 12
 108              		.cfi_offset 4, -12
 109              		.cfi_offset 5, -8
 110              		.cfi_offset 14, -4
ARM GAS  /var/folders/_n/tsb0ql0x2w94bsblh62rdcfr0000gn/T//cceS2NYb.s 			page 50


 111 0002 89B0     		sub	sp, sp, #36
 112              		.cfi_def_cfa_offset 48
 463:Core/Src/main.c ****   GPIO_InitTypeDef GPIO_InitStruct = {0};
 113              		.loc 1 463 3 view .LVU16
 114              		.loc 1 463 20 is_stmt 0 view .LVU17
 115 0004 0024     		movs	r4, #0
 116 0006 0394     		str	r4, [sp, #12]
 117 0008 0494     		str	r4, [sp, #16]
 118 000a 0594     		str	r4, [sp, #20]
 119 000c 0694     		str	r4, [sp, #24]
 120 000e 0794     		str	r4, [sp, #28]
 464:Core/Src/main.c **** /* USER CODE BEGIN MX_GPIO_Init_1 */
 465:Core/Src/main.c **** /* USER CODE END MX_GPIO_Init_1 */
 466:Core/Src/main.c **** 
 467:Core/Src/main.c ****   /* GPIO Ports Clock Enable */
 468:Core/Src/main.c ****   __HAL_RCC_GPIOC_CLK_ENABLE();
 121              		.loc 1 468 3 is_stmt 1 view .LVU18
 122              	.LBB12:
 123              		.loc 1 468 3 view .LVU19
 124 0010 0094     		str	r4, [sp]
 125              		.loc 1 468 3 view .LVU20
 126 0012 1C4B     		ldr	r3, .L7
 127 0014 1A6B     		ldr	r2, [r3, #48]
 128 0016 42F00402 		orr	r2, r2, #4
 129 001a 1A63     		str	r2, [r3, #48]
 130              		.loc 1 468 3 view .LVU21
 131 001c 1A6B     		ldr	r2, [r3, #48]
 132 001e 02F00402 		and	r2, r2, #4
 133 0022 0092     		str	r2, [sp]
 134              		.loc 1 468 3 view .LVU22
 135 0024 009A     		ldr	r2, [sp]
 136              	.LBE12:
 137              		.loc 1 468 3 view .LVU23
 469:Core/Src/main.c ****   __HAL_RCC_GPIOH_CLK_ENABLE();
 138              		.loc 1 469 3 view .LVU24
 139              	.LBB13:
 140              		.loc 1 469 3 view .LVU25
 141 0026 0194     		str	r4, [sp, #4]
 142              		.loc 1 469 3 view .LVU26
 143 0028 1A6B     		ldr	r2, [r3, #48]
 144 002a 42F08002 		orr	r2, r2, #128
 145 002e 1A63     		str	r2, [r3, #48]
 146              		.loc 1 469 3 view .LVU27
 147 0030 1A6B     		ldr	r2, [r3, #48]
 148 0032 02F08002 		and	r2, r2, #128
 149 0036 0192     		str	r2, [sp, #4]
 150              		.loc 1 469 3 view .LVU28
 151 0038 019A     		ldr	r2, [sp, #4]
 152              	.LBE13:
 153              		.loc 1 469 3 view .LVU29
 470:Core/Src/main.c ****   __HAL_RCC_GPIOA_CLK_ENABLE();
 154              		.loc 1 470 3 view .LVU30
 155              	.LBB14:
 156              		.loc 1 470 3 view .LVU31
 157 003a 0294     		str	r4, [sp, #8]
 158              		.loc 1 470 3 view .LVU32
 159 003c 1A6B     		ldr	r2, [r3, #48]
ARM GAS  /var/folders/_n/tsb0ql0x2w94bsblh62rdcfr0000gn/T//cceS2NYb.s 			page 51


 160 003e 42F00102 		orr	r2, r2, #1
 161 0042 1A63     		str	r2, [r3, #48]
 162              		.loc 1 470 3 view .LVU33
 163 0044 1B6B     		ldr	r3, [r3, #48]
 164 0046 03F00103 		and	r3, r3, #1
 165 004a 0293     		str	r3, [sp, #8]
 166              		.loc 1 470 3 view .LVU34
 167 004c 029B     		ldr	r3, [sp, #8]
 168              	.LBE14:
 169              		.loc 1 470 3 view .LVU35
 471:Core/Src/main.c **** 
 472:Core/Src/main.c ****   /*Configure GPIO pin Output Level */
 473:Core/Src/main.c ****   HAL_GPIO_WritePin(led_GPIO_Port, led_Pin, GPIO_PIN_RESET);
 170              		.loc 1 473 3 view .LVU36
 171 004e 0E4D     		ldr	r5, .L7+4
 172 0050 2246     		mov	r2, r4
 173 0052 2021     		movs	r1, #32
 174 0054 2846     		mov	r0, r5
 175 0056 FFF7FEFF 		bl	HAL_GPIO_WritePin
 176              	.LVL0:
 474:Core/Src/main.c **** 
 475:Core/Src/main.c ****   /*Configure GPIO pins : bottone_Pin digitale_Pin */
 476:Core/Src/main.c ****   GPIO_InitStruct.Pin = bottone_Pin|digitale_Pin;
 177              		.loc 1 476 3 view .LVU37
 178              		.loc 1 476 23 is_stmt 0 view .LVU38
 179 005a 42F20203 		movw	r3, #8194
 180 005e 0393     		str	r3, [sp, #12]
 477:Core/Src/main.c ****   GPIO_InitStruct.Mode = GPIO_MODE_INPUT;
 181              		.loc 1 477 3 is_stmt 1 view .LVU39
 182              		.loc 1 477 24 is_stmt 0 view .LVU40
 183 0060 0494     		str	r4, [sp, #16]
 478:Core/Src/main.c ****   GPIO_InitStruct.Pull = GPIO_NOPULL;
 184              		.loc 1 478 3 is_stmt 1 view .LVU41
 185              		.loc 1 478 24 is_stmt 0 view .LVU42
 186 0062 0594     		str	r4, [sp, #20]
 479:Core/Src/main.c ****   HAL_GPIO_Init(GPIOC, &GPIO_InitStruct);
 187              		.loc 1 479 3 is_stmt 1 view .LVU43
 188 0064 03A9     		add	r1, sp, #12
 189 0066 0948     		ldr	r0, .L7+8
 190 0068 FFF7FEFF 		bl	HAL_GPIO_Init
 191              	.LVL1:
 480:Core/Src/main.c **** 
 481:Core/Src/main.c ****   /*Configure GPIO pin : led_Pin */
 482:Core/Src/main.c ****   GPIO_InitStruct.Pin = led_Pin;
 192              		.loc 1 482 3 view .LVU44
 193              		.loc 1 482 23 is_stmt 0 view .LVU45
 194 006c 2023     		movs	r3, #32
 195 006e 0393     		str	r3, [sp, #12]
 483:Core/Src/main.c ****   GPIO_InitStruct.Mode = GPIO_MODE_OUTPUT_PP;
 196              		.loc 1 483 3 is_stmt 1 view .LVU46
 197              		.loc 1 483 24 is_stmt 0 view .LVU47
 198 0070 0123     		movs	r3, #1
 199 0072 0493     		str	r3, [sp, #16]
 484:Core/Src/main.c ****   GPIO_InitStruct.Pull = GPIO_NOPULL;
 200              		.loc 1 484 3 is_stmt 1 view .LVU48
 201              		.loc 1 484 24 is_stmt 0 view .LVU49
 202 0074 0594     		str	r4, [sp, #20]
ARM GAS  /var/folders/_n/tsb0ql0x2w94bsblh62rdcfr0000gn/T//cceS2NYb.s 			page 52


 485:Core/Src/main.c ****   GPIO_InitStruct.Speed = GPIO_SPEED_FREQ_LOW;
 203              		.loc 1 485 3 is_stmt 1 view .LVU50
 204              		.loc 1 485 25 is_stmt 0 view .LVU51
 205 0076 0694     		str	r4, [sp, #24]
 486:Core/Src/main.c ****   HAL_GPIO_Init(led_GPIO_Port, &GPIO_InitStruct);
 206              		.loc 1 486 3 is_stmt 1 view .LVU52
 207 0078 03A9     		add	r1, sp, #12
 208 007a 2846     		mov	r0, r5
 209 007c FFF7FEFF 		bl	HAL_GPIO_Init
 210              	.LVL2:
 487:Core/Src/main.c **** 
 488:Core/Src/main.c **** /* USER CODE BEGIN MX_GPIO_Init_2 */
 489:Core/Src/main.c **** /* USER CODE END MX_GPIO_Init_2 */
 490:Core/Src/main.c **** }
 211              		.loc 1 490 1 is_stmt 0 view .LVU53
 212 0080 09B0     		add	sp, sp, #36
 213              		.cfi_def_cfa_offset 12
 214              		@ sp needed
 215 0082 30BD     		pop	{r4, r5, pc}
 216              	.L8:
 217              		.align	2
 218              	.L7:
 219 0084 00380240 		.word	1073887232
 220 0088 00000240 		.word	1073872896
 221 008c 00080240 		.word	1073874944
 222              		.cfi_endproc
 223              	.LFE254:
 225              		.section	.text.MX_DMA_Init,"ax",%progbits
 226              		.align	1
 227              		.syntax unified
 228              		.thumb
 229              		.thumb_func
 231              	MX_DMA_Init:
 232              	.LFB253:
 444:Core/Src/main.c **** 
 233              		.loc 1 444 1 is_stmt 1 view -0
 234              		.cfi_startproc
 235              		@ args = 0, pretend = 0, frame = 8
 236              		@ frame_needed = 0, uses_anonymous_args = 0
 237 0000 00B5     		push	{lr}
 238              		.cfi_def_cfa_offset 4
 239              		.cfi_offset 14, -4
 240 0002 83B0     		sub	sp, sp, #12
 241              		.cfi_def_cfa_offset 16
 447:Core/Src/main.c **** 
 242              		.loc 1 447 3 view .LVU55
 243              	.LBB15:
 447:Core/Src/main.c **** 
 244              		.loc 1 447 3 view .LVU56
 245 0004 0021     		movs	r1, #0
 246 0006 0191     		str	r1, [sp, #4]
 447:Core/Src/main.c **** 
 247              		.loc 1 447 3 view .LVU57
 248 0008 094B     		ldr	r3, .L11
 249 000a 1A6B     		ldr	r2, [r3, #48]
 250 000c 42F40012 		orr	r2, r2, #2097152
 251 0010 1A63     		str	r2, [r3, #48]
ARM GAS  /var/folders/_n/tsb0ql0x2w94bsblh62rdcfr0000gn/T//cceS2NYb.s 			page 53


 447:Core/Src/main.c **** 
 252              		.loc 1 447 3 view .LVU58
 253 0012 1B6B     		ldr	r3, [r3, #48]
 254 0014 03F40013 		and	r3, r3, #2097152
 255 0018 0193     		str	r3, [sp, #4]
 447:Core/Src/main.c **** 
 256              		.loc 1 447 3 view .LVU59
 257 001a 019B     		ldr	r3, [sp, #4]
 258              	.LBE15:
 447:Core/Src/main.c **** 
 259              		.loc 1 447 3 view .LVU60
 451:Core/Src/main.c ****   HAL_NVIC_EnableIRQ(DMA1_Stream6_IRQn);
 260              		.loc 1 451 3 view .LVU61
 261 001c 0A46     		mov	r2, r1
 262 001e 1120     		movs	r0, #17
 263 0020 FFF7FEFF 		bl	HAL_NVIC_SetPriority
 264              	.LVL3:
 452:Core/Src/main.c **** 
 265              		.loc 1 452 3 view .LVU62
 266 0024 1120     		movs	r0, #17
 267 0026 FFF7FEFF 		bl	HAL_NVIC_EnableIRQ
 268              	.LVL4:
 454:Core/Src/main.c **** 
 269              		.loc 1 454 1 is_stmt 0 view .LVU63
 270 002a 03B0     		add	sp, sp, #12
 271              		.cfi_def_cfa_offset 4
 272              		@ sp needed
 273 002c 5DF804FB 		ldr	pc, [sp], #4
 274              	.L12:
 275              		.align	2
 276              	.L11:
 277 0030 00380240 		.word	1073887232
 278              		.cfi_endproc
 279              	.LFE253:
 281              		.section	.rodata.wait_request.str1.4,"aMS",%progbits,1
 282              		.align	2
 283              	.LC0:
 284 0000 70726F67 		.ascii	"programma iniziato\012 \000"
 284      72616D6D 
 284      6120696E 
 284      697A6961 
 284      746F0A20 
 285              		.section	.text.wait_request,"ax",%progbits
 286              		.align	1
 287              		.global	wait_request
 288              		.syntax unified
 289              		.thumb
 290              		.thumb_func
 292              	wait_request:
 293              	.LFB243:
 170:Core/Src/main.c ****   while(HAL_GPIO_ReadPin(bottone_GPIO_Port, bottone_Pin)==GPIO_PIN_SET)
 294              		.loc 1 170 1 is_stmt 1 view -0
 295              		.cfi_startproc
 296              		@ args = 0, pretend = 0, frame = 24
 297              		@ frame_needed = 0, uses_anonymous_args = 0
 298 0000 10B5     		push	{r4, lr}
 299              		.cfi_def_cfa_offset 8
ARM GAS  /var/folders/_n/tsb0ql0x2w94bsblh62rdcfr0000gn/T//cceS2NYb.s 			page 54


 300              		.cfi_offset 4, -8
 301              		.cfi_offset 14, -4
 302 0002 86B0     		sub	sp, sp, #24
 303              		.cfi_def_cfa_offset 32
 304              	.L14:
 174:Core/Src/main.c ****   char data[]="programma iniziato\n ";
 305              		.loc 1 174 3 view .LVU65
 171:Core/Src/main.c ****   {
 306              		.loc 1 171 57 discriminator 1 view .LVU66
 171:Core/Src/main.c ****   {
 307              		.loc 1 171 9 is_stmt 0 discriminator 1 view .LVU67
 308 0004 4FF40051 		mov	r1, #8192
 309 0008 0F48     		ldr	r0, .L16
 310 000a FFF7FEFF 		bl	HAL_GPIO_ReadPin
 311              	.LVL5:
 171:Core/Src/main.c ****   {
 312              		.loc 1 171 57 discriminator 1 view .LVU68
 313 000e 0128     		cmp	r0, #1
 314 0010 F8D0     		beq	.L14
 175:Core/Src/main.c ****   HAL_UART_Transmit(&huart2, (uint8_t*)&data, strlen(data), HAL_MAX_DELAY);
 315              		.loc 1 175 3 is_stmt 1 view .LVU69
 175:Core/Src/main.c ****   HAL_UART_Transmit(&huart2, (uint8_t*)&data, strlen(data), HAL_MAX_DELAY);
 316              		.loc 1 175 8 is_stmt 0 view .LVU70
 317 0012 EC46     		mov	ip, sp
 318 0014 0D4C     		ldr	r4, .L16+4
 319 0016 0FCC     		ldmia	r4!, {r0, r1, r2, r3}
 320 0018 ACE80F00 		stmia	ip!, {r0, r1, r2, r3}
 321 001c 94E80300 		ldm	r4, {r0, r1}
 322 0020 4CF8040B 		str	r0, [ip], #4
 323 0024 8CF80010 		strb	r1, [ip]
 176:Core/Src/main.c ****   HAL_Delay(100);
 324              		.loc 1 176 3 is_stmt 1 view .LVU71
 176:Core/Src/main.c ****   HAL_Delay(100);
 325              		.loc 1 176 47 is_stmt 0 view .LVU72
 326 0028 6846     		mov	r0, sp
 327 002a FFF7FEFF 		bl	strlen
 328              	.LVL6:
 176:Core/Src/main.c ****   HAL_Delay(100);
 329              		.loc 1 176 3 discriminator 1 view .LVU73
 330 002e 4FF0FF33 		mov	r3, #-1
 331 0032 82B2     		uxth	r2, r0
 332 0034 6946     		mov	r1, sp
 333 0036 0648     		ldr	r0, .L16+8
 334 0038 FFF7FEFF 		bl	HAL_UART_Transmit
 335              	.LVL7:
 177:Core/Src/main.c **** }
 336              		.loc 1 177 3 is_stmt 1 view .LVU74
 337 003c 6420     		movs	r0, #100
 338 003e FFF7FEFF 		bl	HAL_Delay
 339              	.LVL8:
 178:Core/Src/main.c **** 
 340              		.loc 1 178 1 is_stmt 0 view .LVU75
 341 0042 06B0     		add	sp, sp, #24
 342              		.cfi_def_cfa_offset 8
 343              		@ sp needed
 344 0044 10BD     		pop	{r4, pc}
 345              	.L17:
ARM GAS  /var/folders/_n/tsb0ql0x2w94bsblh62rdcfr0000gn/T//cceS2NYb.s 			page 55


 346 0046 00BF     		.align	2
 347              	.L16:
 348 0048 00080240 		.word	1073874944
 349 004c 00000000 		.word	.LC0
 350 0050 00000000 		.word	huart2
 351              		.cfi_endproc
 352              	.LFE243:
 354              		.section	.text.pause,"ax",%progbits
 355              		.align	1
 356              		.global	pause
 357              		.syntax unified
 358              		.thumb
 359              		.thumb_func
 361              	pause:
 362              	.LFB244:
 181:Core/Src/main.c ****   while(HAL_GPIO_ReadPin(bottone_GPIO_Port, bottone_Pin)==GPIO_PIN_SET)
 363              		.loc 1 181 1 is_stmt 1 view -0
 364              		.cfi_startproc
 365              		@ args = 0, pretend = 0, frame = 24
 366              		@ frame_needed = 0, uses_anonymous_args = 0
 367 0000 30B5     		push	{r4, r5, lr}
 368              		.cfi_def_cfa_offset 12
 369              		.cfi_offset 4, -12
 370              		.cfi_offset 5, -8
 371              		.cfi_offset 14, -4
 372 0002 87B0     		sub	sp, sp, #28
 373              		.cfi_def_cfa_offset 40
 182:Core/Src/main.c ****   {
 374              		.loc 1 182 3 view .LVU77
 182:Core/Src/main.c ****   {
 375              		.loc 1 182 8 is_stmt 0 view .LVU78
 376 0004 29E0     		b	.L19
 377              	.L20:
 378              	.LBB16:
 184:Core/Src/main.c ****     HAL_UART_Transmit(&huart2, (uint8_t*)&data, strlen(data), HAL_MAX_DELAY);
 379              		.loc 1 184 5 is_stmt 1 view .LVU79
 184:Core/Src/main.c ****     HAL_UART_Transmit(&huart2, (uint8_t*)&data, strlen(data), HAL_MAX_DELAY);
 380              		.loc 1 184 10 is_stmt 0 view .LVU80
 381 0006 194B     		ldr	r3, .L22
 382 0008 0DF1040C 		add	ip, sp, #4
 383 000c 0FCB     		ldm	r3, {r0, r1, r2, r3}
 384 000e ACE80700 		stmia	ip!, {r0, r1, r2}
 385 0012 ACF80030 		strh	r3, [ip]	@ movhi
 386 0016 0024     		movs	r4, #0
 387 0018 CDF81240 		str	r4, [sp, #18]	@ unaligned
 388 001c ADF81640 		strh	r4, [sp, #22]	@ movhi
 185:Core/Src/main.c **** 
 389              		.loc 1 185 5 is_stmt 1 view .LVU81
 185:Core/Src/main.c **** 
 390              		.loc 1 185 49 is_stmt 0 view .LVU82
 391 0020 01A8     		add	r0, sp, #4
 392 0022 FFF7FEFF 		bl	strlen
 393              	.LVL9:
 185:Core/Src/main.c **** 
 394              		.loc 1 185 5 discriminator 1 view .LVU83
 395 0026 4FF0FF33 		mov	r3, #-1
 396 002a 82B2     		uxth	r2, r0
ARM GAS  /var/folders/_n/tsb0ql0x2w94bsblh62rdcfr0000gn/T//cceS2NYb.s 			page 56


 397 002c 01A9     		add	r1, sp, #4
 398 002e 1048     		ldr	r0, .L22+4
 399 0030 FFF7FEFF 		bl	HAL_UART_Transmit
 400              	.LVL10:
 187:Core/Src/main.c ****     HAL_Delay(1000);
 401              		.loc 1 187 5 is_stmt 1 view .LVU84
 402 0034 0F4D     		ldr	r5, .L22+8
 403 0036 0122     		movs	r2, #1
 404 0038 2021     		movs	r1, #32
 405 003a 2846     		mov	r0, r5
 406 003c FFF7FEFF 		bl	HAL_GPIO_WritePin
 407              	.LVL11:
 188:Core/Src/main.c ****     HAL_GPIO_WritePin(led_GPIO_Port, led_Pin, GPIO_PIN_RESET);
 408              		.loc 1 188 5 view .LVU85
 409 0040 4FF47A70 		mov	r0, #1000
 410 0044 FFF7FEFF 		bl	HAL_Delay
 411              	.LVL12:
 189:Core/Src/main.c ****     HAL_Delay(1000);
 412              		.loc 1 189 5 view .LVU86
 413 0048 2246     		mov	r2, r4
 414 004a 2021     		movs	r1, #32
 415 004c 2846     		mov	r0, r5
 416 004e FFF7FEFF 		bl	HAL_GPIO_WritePin
 417              	.LVL13:
 190:Core/Src/main.c ****   }
 418              		.loc 1 190 5 view .LVU87
 419 0052 4FF47A70 		mov	r0, #1000
 420 0056 FFF7FEFF 		bl	HAL_Delay
 421              	.LVL14:
 422              	.L19:
 423              	.LBE16:
 182:Core/Src/main.c ****   {
 424              		.loc 1 182 57 view .LVU88
 182:Core/Src/main.c ****   {
 425              		.loc 1 182 9 is_stmt 0 view .LVU89
 426 005a 4FF40051 		mov	r1, #8192
 427 005e 0648     		ldr	r0, .L22+12
 428 0060 FFF7FEFF 		bl	HAL_GPIO_ReadPin
 429              	.LVL15:
 182:Core/Src/main.c ****   {
 430              		.loc 1 182 57 discriminator 1 view .LVU90
 431 0064 0128     		cmp	r0, #1
 432 0066 CED0     		beq	.L20
 192:Core/Src/main.c **** 
 433              		.loc 1 192 1 view .LVU91
 434 0068 07B0     		add	sp, sp, #28
 435              		.cfi_def_cfa_offset 12
 436              		@ sp needed
 437 006a 30BD     		pop	{r4, r5, pc}
 438              	.L23:
 439              		.align	2
 440              	.L22:
 441 006c 00000000 		.word	.LANCHOR0
 442 0070 00000000 		.word	huart2
 443 0074 00000240 		.word	1073872896
 444 0078 00080240 		.word	1073874944
 445              		.cfi_endproc
ARM GAS  /var/folders/_n/tsb0ql0x2w94bsblh62rdcfr0000gn/T//cceS2NYb.s 			page 57


 446              	.LFE244:
 448              		.section	.text.warning,"ax",%progbits
 449              		.align	1
 450              		.global	warning
 451              		.syntax unified
 452              		.thumb
 453              		.thumb_func
 455              	warning:
 456              	.LFB245:
 195:Core/Src/main.c ****   while(HAL_GPIO_ReadPin(bottone_GPIO_Port, bottone_Pin)==GPIO_PIN_SET)
 457              		.loc 1 195 1 is_stmt 1 view -0
 458              		.cfi_startproc
 459              		@ args = 0, pretend = 0, frame = 24
 460              		@ frame_needed = 0, uses_anonymous_args = 0
 461 0000 00B5     		push	{lr}
 462              		.cfi_def_cfa_offset 4
 463              		.cfi_offset 14, -4
 464 0002 87B0     		sub	sp, sp, #28
 465              		.cfi_def_cfa_offset 32
 196:Core/Src/main.c ****   {
 466              		.loc 1 196 3 view .LVU93
 196:Core/Src/main.c ****   {
 467              		.loc 1 196 8 is_stmt 0 view .LVU94
 468 0004 19E0     		b	.L25
 469              	.L26:
 470              	.LBB17:
 198:Core/Src/main.c ****     HAL_UART_Transmit(&huart2, (uint8_t*)&data, strlen(data), HAL_MAX_DELAY);
 471              		.loc 1 198 5 is_stmt 1 view .LVU95
 198:Core/Src/main.c ****     HAL_UART_Transmit(&huart2, (uint8_t*)&data, strlen(data), HAL_MAX_DELAY);
 472              		.loc 1 198 10 is_stmt 0 view .LVU96
 473 0006 01AB     		add	r3, sp, #4
 474 0008 114A     		ldr	r2, .L28
 475 000a 07CA     		ldm	r2, {r0, r1, r2}
 476 000c 03C3     		stmia	r3!, {r0, r1}
 477 000e 1A80     		strh	r2, [r3]	@ movhi
 478 0010 0023     		movs	r3, #0
 479 0012 CDF80E30 		str	r3, [sp, #14]	@ unaligned
 480 0016 CDF81230 		str	r3, [sp, #18]	@ unaligned
 481 001a ADF81630 		strh	r3, [sp, #22]	@ movhi
 199:Core/Src/main.c ****     HAL_Delay(500);
 482              		.loc 1 199 5 is_stmt 1 view .LVU97
 199:Core/Src/main.c ****     HAL_Delay(500);
 483              		.loc 1 199 49 is_stmt 0 view .LVU98
 484 001e 01A8     		add	r0, sp, #4
 485 0020 FFF7FEFF 		bl	strlen
 486              	.LVL16:
 199:Core/Src/main.c ****     HAL_Delay(500);
 487              		.loc 1 199 5 discriminator 1 view .LVU99
 488 0024 4FF0FF33 		mov	r3, #-1
 489 0028 82B2     		uxth	r2, r0
 490 002a 01A9     		add	r1, sp, #4
 491 002c 0948     		ldr	r0, .L28+4
 492 002e FFF7FEFF 		bl	HAL_UART_Transmit
 493              	.LVL17:
 200:Core/Src/main.c ****   }
 494              		.loc 1 200 5 is_stmt 1 view .LVU100
 495 0032 4FF4FA70 		mov	r0, #500
ARM GAS  /var/folders/_n/tsb0ql0x2w94bsblh62rdcfr0000gn/T//cceS2NYb.s 			page 58


 496 0036 FFF7FEFF 		bl	HAL_Delay
 497              	.LVL18:
 498              	.L25:
 499              	.LBE17:
 196:Core/Src/main.c ****   {
 500              		.loc 1 196 57 view .LVU101
 196:Core/Src/main.c ****   {
 501              		.loc 1 196 9 is_stmt 0 view .LVU102
 502 003a 4FF40051 		mov	r1, #8192
 503 003e 0648     		ldr	r0, .L28+8
 504 0040 FFF7FEFF 		bl	HAL_GPIO_ReadPin
 505              	.LVL19:
 196:Core/Src/main.c ****   {
 506              		.loc 1 196 57 discriminator 1 view .LVU103
 507 0044 0128     		cmp	r0, #1
 508 0046 DED0     		beq	.L26
 202:Core/Src/main.c **** 
 509              		.loc 1 202 1 view .LVU104
 510 0048 07B0     		add	sp, sp, #28
 511              		.cfi_def_cfa_offset 4
 512              		@ sp needed
 513 004a 5DF804FB 		ldr	pc, [sp], #4
 514              	.L29:
 515 004e 00BF     		.align	2
 516              	.L28:
 517 0050 14000000 		.word	.LANCHOR0+20
 518 0054 00000000 		.word	huart2
 519 0058 00080240 		.word	1073874944
 520              		.cfi_endproc
 521              	.LFE245:
 523              		.section	.text.error,"ax",%progbits
 524              		.align	1
 525              		.global	error
 526              		.syntax unified
 527              		.thumb
 528              		.thumb_func
 530              	error:
 531              	.LFB246:
 205:Core/Src/main.c ****   while(HAL_GPIO_ReadPin(bottone_GPIO_Port, bottone_Pin)==GPIO_PIN_SET)
 532              		.loc 1 205 1 is_stmt 1 view -0
 533              		.cfi_startproc
 534              		@ Volatile: function does not return.
 535              		@ args = 0, pretend = 0, frame = 24
 536              		@ frame_needed = 0, uses_anonymous_args = 0
 537 0000 00B5     		push	{lr}
 538              		.cfi_def_cfa_offset 4
 539              		.cfi_offset 14, -4
 540 0002 87B0     		sub	sp, sp, #28
 541              		.cfi_def_cfa_offset 32
 206:Core/Src/main.c ****   {
 542              		.loc 1 206 3 view .LVU106
 206:Core/Src/main.c ****   {
 543              		.loc 1 206 8 is_stmt 0 view .LVU107
 544 0004 24E0     		b	.L31
 545              	.L32:
 546              	.LBB18:
 208:Core/Src/main.c ****     HAL_UART_Transmit(&huart2, (uint8_t*)&data, strlen(data), HAL_MAX_DELAY);
ARM GAS  /var/folders/_n/tsb0ql0x2w94bsblh62rdcfr0000gn/T//cceS2NYb.s 			page 59


 547              		.loc 1 208 5 is_stmt 1 view .LVU108
 208:Core/Src/main.c ****     HAL_UART_Transmit(&huart2, (uint8_t*)&data, strlen(data), HAL_MAX_DELAY);
 548              		.loc 1 208 10 is_stmt 0 view .LVU109
 549 0006 01AD     		add	r5, sp, #4
 550 0008 164B     		ldr	r3, .L34
 551 000a 93E80300 		ldm	r3, {r0, r1}
 552 000e 85E80300 		stm	r5, {r0, r1}
 553 0012 0024     		movs	r4, #0
 554 0014 0394     		str	r4, [sp, #12]
 555 0016 0494     		str	r4, [sp, #16]
 556 0018 0594     		str	r4, [sp, #20]
 209:Core/Src/main.c ****     HAL_GPIO_WritePin(led_GPIO_Port, led_Pin, GPIO_PIN_SET);
 557              		.loc 1 209 5 is_stmt 1 view .LVU110
 209:Core/Src/main.c ****     HAL_GPIO_WritePin(led_GPIO_Port, led_Pin, GPIO_PIN_SET);
 558              		.loc 1 209 49 is_stmt 0 view .LVU111
 559 001a 2846     		mov	r0, r5
 560 001c FFF7FEFF 		bl	strlen
 561              	.LVL20:
 209:Core/Src/main.c ****     HAL_GPIO_WritePin(led_GPIO_Port, led_Pin, GPIO_PIN_SET);
 562              		.loc 1 209 5 discriminator 1 view .LVU112
 563 0020 4FF0FF33 		mov	r3, #-1
 564 0024 82B2     		uxth	r2, r0
 565 0026 2946     		mov	r1, r5
 566 0028 0F48     		ldr	r0, .L34+4
 567 002a FFF7FEFF 		bl	HAL_UART_Transmit
 568              	.LVL21:
 210:Core/Src/main.c ****     HAL_Delay(200);
 569              		.loc 1 210 5 is_stmt 1 view .LVU113
 570 002e 0F4D     		ldr	r5, .L34+8
 571 0030 0122     		movs	r2, #1
 572 0032 2021     		movs	r1, #32
 573 0034 2846     		mov	r0, r5
 574 0036 FFF7FEFF 		bl	HAL_GPIO_WritePin
 575              	.LVL22:
 211:Core/Src/main.c ****     HAL_GPIO_WritePin(led_GPIO_Port, led_Pin, GPIO_PIN_RESET);
 576              		.loc 1 211 5 view .LVU114
 577 003a C820     		movs	r0, #200
 578 003c FFF7FEFF 		bl	HAL_Delay
 579              	.LVL23:
 212:Core/Src/main.c ****     HAL_Delay(200);
 580              		.loc 1 212 5 view .LVU115
 581 0040 2246     		mov	r2, r4
 582 0042 2021     		movs	r1, #32
 583 0044 2846     		mov	r0, r5
 584 0046 FFF7FEFF 		bl	HAL_GPIO_WritePin
 585              	.LVL24:
 213:Core/Src/main.c ****   }
 586              		.loc 1 213 5 view .LVU116
 587 004a C820     		movs	r0, #200
 588 004c FFF7FEFF 		bl	HAL_Delay
 589              	.LVL25:
 590              	.L31:
 591              	.LBE18:
 206:Core/Src/main.c ****   {
 592              		.loc 1 206 57 view .LVU117
 206:Core/Src/main.c ****   {
 593              		.loc 1 206 9 is_stmt 0 view .LVU118
ARM GAS  /var/folders/_n/tsb0ql0x2w94bsblh62rdcfr0000gn/T//cceS2NYb.s 			page 60


 594 0050 4FF40051 		mov	r1, #8192
 595 0054 0648     		ldr	r0, .L34+12
 596 0056 FFF7FEFF 		bl	HAL_GPIO_ReadPin
 597              	.LVL26:
 206:Core/Src/main.c ****   {
 598              		.loc 1 206 57 discriminator 1 view .LVU119
 599 005a 0128     		cmp	r0, #1
 600 005c D3D0     		beq	.L32
 215:Core/Src/main.c **** 
 601              		.loc 1 215 3 is_stmt 1 view .LVU120
 602 005e FFF7FEFF 		bl	__NVIC_SystemReset
 603              	.LVL27:
 604              	.L35:
 605 0062 00BF     		.align	2
 606              	.L34:
 607 0064 28000000 		.word	.LANCHOR0+40
 608 0068 00000000 		.word	huart2
 609 006c 00000240 		.word	1073872896
 610 0070 00080240 		.word	1073874944
 611              		.cfi_endproc
 612              	.LFE246:
 614              		.section	.rodata.read_sensor.str1.4,"aMS",%progbits,1
 615              		.align	2
 616              	.LC4:
 617 0000 56696E3A 		.ascii	"Vin: %hu \012\015\000"
 617      20256875 
 617      200A0D00 
 618              		.section	.text.read_sensor,"ax",%progbits
 619              		.align	1
 620              		.global	read_sensor
 621              		.syntax unified
 622              		.thumb
 623              		.thumb_func
 625              	read_sensor:
 626              	.LFB248:
 234:Core/Src/main.c ****     HAL_ADC_Start(&hadc1);
 627              		.loc 1 234 1 view -0
 628              		.cfi_startproc
 629              		@ args = 0, pretend = 0, frame = 0
 630              		@ frame_needed = 0, uses_anonymous_args = 0
 631 0000 10B5     		push	{r4, lr}
 632              		.cfi_def_cfa_offset 8
 633              		.cfi_offset 4, -8
 634              		.cfi_offset 14, -4
 235:Core/Src/main.c ****     HAL_ADC_PollForConversion(&hadc1, 20);
 635              		.loc 1 235 5 view .LVU122
 636 0002 0F4C     		ldr	r4, .L38
 637 0004 2046     		mov	r0, r4
 638 0006 FFF7FEFF 		bl	HAL_ADC_Start
 639              	.LVL28:
 236:Core/Src/main.c ****     vin=HAL_ADC_GetValue(&hadc1);
 640              		.loc 1 236 5 view .LVU123
 641 000a 1421     		movs	r1, #20
 642 000c 2046     		mov	r0, r4
 643 000e FFF7FEFF 		bl	HAL_ADC_PollForConversion
 644              	.LVL29:
 237:Core/Src/main.c ****     sprintf(msg, "Vin: %hu \n\r", vin);
ARM GAS  /var/folders/_n/tsb0ql0x2w94bsblh62rdcfr0000gn/T//cceS2NYb.s 			page 61


 645              		.loc 1 237 5 view .LVU124
 237:Core/Src/main.c ****     sprintf(msg, "Vin: %hu \n\r", vin);
 646              		.loc 1 237 9 is_stmt 0 view .LVU125
 647 0012 2046     		mov	r0, r4
 648 0014 FFF7FEFF 		bl	HAL_ADC_GetValue
 649              	.LVL30:
 237:Core/Src/main.c ****     sprintf(msg, "Vin: %hu \n\r", vin);
 650              		.loc 1 237 8 discriminator 1 view .LVU126
 651 0018 0A4B     		ldr	r3, .L38+4
 652 001a 1880     		strh	r0, [r3]	@ movhi
 238:Core/Src/main.c ****     HAL_UART_Transmit(&huart2, (uint8_t*)&msg, 20, HAL_MAX_DELAY);
 653              		.loc 1 238 5 is_stmt 1 view .LVU127
 654 001c 0A4C     		ldr	r4, .L38+8
 655 001e 82B2     		uxth	r2, r0
 656 0020 0A49     		ldr	r1, .L38+12
 657 0022 2046     		mov	r0, r4
 658 0024 FFF7FEFF 		bl	sprintf
 659              	.LVL31:
 239:Core/Src/main.c ****     HAL_Delay(100);
 660              		.loc 1 239 5 view .LVU128
 661 0028 4FF0FF33 		mov	r3, #-1
 662 002c 1422     		movs	r2, #20
 663 002e 2146     		mov	r1, r4
 664 0030 0748     		ldr	r0, .L38+16
 665 0032 FFF7FEFF 		bl	HAL_UART_Transmit
 666              	.LVL32:
 240:Core/Src/main.c **** }
 667              		.loc 1 240 5 view .LVU129
 668 0036 6420     		movs	r0, #100
 669 0038 FFF7FEFF 		bl	HAL_Delay
 670              	.LVL33:
 241:Core/Src/main.c **** 
 671              		.loc 1 241 1 is_stmt 0 view .LVU130
 672 003c 10BD     		pop	{r4, pc}
 673              	.L39:
 674 003e 00BF     		.align	2
 675              	.L38:
 676 0040 00000000 		.word	hadc1
 677 0044 00000000 		.word	vin
 678 0048 00000000 		.word	msg
 679 004c 00000000 		.word	.LC4
 680 0050 00000000 		.word	huart2
 681              		.cfi_endproc
 682              	.LFE248:
 684              		.section	.text.sensor_error,"ax",%progbits
 685              		.align	1
 686              		.global	sensor_error
 687              		.syntax unified
 688              		.thumb
 689              		.thumb_func
 691              	sensor_error:
 692              	.LFB247:
 220:Core/Src/main.c ****   timer_counter=__HAL_TIM_GET_COUNTER(&htim2);
 693              		.loc 1 220 1 is_stmt 1 view -0
 694              		.cfi_startproc
 695              		@ args = 0, pretend = 0, frame = 0
 696              		@ frame_needed = 0, uses_anonymous_args = 0
ARM GAS  /var/folders/_n/tsb0ql0x2w94bsblh62rdcfr0000gn/T//cceS2NYb.s 			page 62


 697 0000 08B5     		push	{r3, lr}
 698              		.cfi_def_cfa_offset 8
 699              		.cfi_offset 3, -8
 700              		.cfi_offset 14, -4
 221:Core/Src/main.c ****   while (HAL_GPIO_ReadPin(digitale_GPIO_Port, digitale_Pin)==GPIO_PIN_RESET)
 701              		.loc 1 221 3 view .LVU132
 221:Core/Src/main.c ****   while (HAL_GPIO_ReadPin(digitale_GPIO_Port, digitale_Pin)==GPIO_PIN_RESET)
 702              		.loc 1 221 17 is_stmt 0 view .LVU133
 703 0002 0E4B     		ldr	r3, .L46
 704 0004 1B68     		ldr	r3, [r3]
 705 0006 5A6A     		ldr	r2, [r3, #36]
 221:Core/Src/main.c ****   while (HAL_GPIO_ReadPin(digitale_GPIO_Port, digitale_Pin)==GPIO_PIN_RESET)
 706              		.loc 1 221 16 view .LVU134
 707 0008 0D4B     		ldr	r3, .L46+4
 708 000a 1A60     		str	r2, [r3]
 222:Core/Src/main.c ****   {
 709              		.loc 1 222 3 is_stmt 1 view .LVU135
 222:Core/Src/main.c ****   {
 710              		.loc 1 222 9 is_stmt 0 view .LVU136
 711 000c 01E0     		b	.L41
 712              	.L42:
 224:Core/Src/main.c ****   }
 713              		.loc 1 224 5 is_stmt 1 view .LVU137
 714 000e FFF7FEFF 		bl	read_sensor
 715              	.LVL34:
 716              	.L41:
 222:Core/Src/main.c ****   {
 717              		.loc 1 222 60 view .LVU138
 222:Core/Src/main.c ****   {
 718              		.loc 1 222 10 is_stmt 0 view .LVU139
 719 0012 0221     		movs	r1, #2
 720 0014 0B48     		ldr	r0, .L46+8
 721 0016 FFF7FEFF 		bl	HAL_GPIO_ReadPin
 722              	.LVL35:
 222:Core/Src/main.c ****   {
 723              		.loc 1 222 60 discriminator 1 view .LVU140
 724 001a 0028     		cmp	r0, #0
 725 001c F7D0     		beq	.L42
 226:Core/Src/main.c ****   {
 726              		.loc 1 226 3 is_stmt 1 view .LVU141
 226:Core/Src/main.c ****   {
 727              		.loc 1 226 7 is_stmt 0 view .LVU142
 728 001e 074B     		ldr	r3, .L46
 729 0020 1B68     		ldr	r3, [r3]
 730 0022 5B6A     		ldr	r3, [r3, #36]
 226:Core/Src/main.c ****   {
 731              		.loc 1 226 37 view .LVU143
 732 0024 064A     		ldr	r2, .L46+4
 733 0026 1268     		ldr	r2, [r2]
 734 0028 9B1A     		subs	r3, r3, r2
 226:Core/Src/main.c ****   {
 735              		.loc 1 226 6 view .LVU144
 736 002a 44F61F62 		movw	r2, #19999
 737 002e 9342     		cmp	r3, r2
 738 0030 00D8     		bhi	.L45
 739              	.L40:
 231:Core/Src/main.c **** 
ARM GAS  /var/folders/_n/tsb0ql0x2w94bsblh62rdcfr0000gn/T//cceS2NYb.s 			page 63


 740              		.loc 1 231 1 view .LVU145
 741 0032 08BD     		pop	{r3, pc}
 742              	.L45:
 228:Core/Src/main.c ****   }
 743              		.loc 1 228 5 is_stmt 1 view .LVU146
 744 0034 FFF7FEFF 		bl	warning
 745              	.LVL36:
 231:Core/Src/main.c **** 
 746              		.loc 1 231 1 is_stmt 0 view .LVU147
 747 0038 FBE7     		b	.L40
 748              	.L47:
 749 003a 00BF     		.align	2
 750              	.L46:
 751 003c 00000000 		.word	htim2
 752 0040 00000000 		.word	timer_counter
 753 0044 00080240 		.word	1073874944
 754              		.cfi_endproc
 755              	.LFE247:
 757              		.section	.text.Error_Handler,"ax",%progbits
 758              		.align	1
 759              		.global	Error_Handler
 760              		.syntax unified
 761              		.thumb
 762              		.thumb_func
 764              	Error_Handler:
 765              	.LFB255:
 491:Core/Src/main.c **** 
 492:Core/Src/main.c **** /* USER CODE BEGIN 4 */
 493:Core/Src/main.c **** 
 494:Core/Src/main.c **** /* USER CODE END 4 */
 495:Core/Src/main.c **** 
 496:Core/Src/main.c **** /**
 497:Core/Src/main.c ****   * @brief  This function is executed in case of error occurrence.
 498:Core/Src/main.c ****   * @retval None
 499:Core/Src/main.c ****   */
 500:Core/Src/main.c **** void Error_Handler(void)
 501:Core/Src/main.c **** {
 766              		.loc 1 501 1 is_stmt 1 view -0
 767              		.cfi_startproc
 768              		@ Volatile: function does not return.
 769              		@ args = 0, pretend = 0, frame = 0
 770              		@ frame_needed = 0, uses_anonymous_args = 0
 771              		@ link register save eliminated.
 502:Core/Src/main.c ****   /* USER CODE BEGIN Error_Handler_Debug */
 503:Core/Src/main.c ****   /* User can add his own implementation to report the HAL error return state */
 504:Core/Src/main.c ****   __disable_irq();
 772              		.loc 1 504 3 view .LVU149
 773              	.LBB19:
 774              	.LBI19:
 272:Drivers/CMSIS/Include/cmsis_gcc.h **** }
 273:Drivers/CMSIS/Include/cmsis_gcc.h **** 
 274:Drivers/CMSIS/Include/cmsis_gcc.h **** 
 275:Drivers/CMSIS/Include/cmsis_gcc.h **** /**
 276:Drivers/CMSIS/Include/cmsis_gcc.h ****   \brief   Data Memory Barrier
 277:Drivers/CMSIS/Include/cmsis_gcc.h ****   \details Ensures the apparent order of the explicit memory operations before
 278:Drivers/CMSIS/Include/cmsis_gcc.h ****            and after the instruction, without ensuring their completion.
 279:Drivers/CMSIS/Include/cmsis_gcc.h ****  */
ARM GAS  /var/folders/_n/tsb0ql0x2w94bsblh62rdcfr0000gn/T//cceS2NYb.s 			page 64


 280:Drivers/CMSIS/Include/cmsis_gcc.h **** __STATIC_FORCEINLINE void __DMB(void)
 281:Drivers/CMSIS/Include/cmsis_gcc.h **** {
 282:Drivers/CMSIS/Include/cmsis_gcc.h ****   __ASM volatile ("dmb 0xF":::"memory");
 283:Drivers/CMSIS/Include/cmsis_gcc.h **** }
 284:Drivers/CMSIS/Include/cmsis_gcc.h **** 
 285:Drivers/CMSIS/Include/cmsis_gcc.h **** 
 286:Drivers/CMSIS/Include/cmsis_gcc.h **** /**
 287:Drivers/CMSIS/Include/cmsis_gcc.h ****   \brief   Reverse byte order (32 bit)
 288:Drivers/CMSIS/Include/cmsis_gcc.h ****   \details Reverses the byte order in unsigned integer value. For example, 0x12345678 becomes 0x785
 289:Drivers/CMSIS/Include/cmsis_gcc.h ****   \param [in]    value  Value to reverse
 290:Drivers/CMSIS/Include/cmsis_gcc.h ****   \return               Reversed value
 291:Drivers/CMSIS/Include/cmsis_gcc.h ****  */
 292:Drivers/CMSIS/Include/cmsis_gcc.h **** __STATIC_FORCEINLINE uint32_t __REV(uint32_t value)
 293:Drivers/CMSIS/Include/cmsis_gcc.h **** {
 294:Drivers/CMSIS/Include/cmsis_gcc.h **** #if (__GNUC__ > 4) || (__GNUC__ == 4 && __GNUC_MINOR__ >= 5)
 295:Drivers/CMSIS/Include/cmsis_gcc.h ****   return __builtin_bswap32(value);
 296:Drivers/CMSIS/Include/cmsis_gcc.h **** #else
 297:Drivers/CMSIS/Include/cmsis_gcc.h ****   uint32_t result;
 298:Drivers/CMSIS/Include/cmsis_gcc.h **** 
 299:Drivers/CMSIS/Include/cmsis_gcc.h ****   __ASM ("rev %0, %1" : __CMSIS_GCC_OUT_REG (result) : __CMSIS_GCC_USE_REG (value) );
 300:Drivers/CMSIS/Include/cmsis_gcc.h ****   return result;
 301:Drivers/CMSIS/Include/cmsis_gcc.h **** #endif
 302:Drivers/CMSIS/Include/cmsis_gcc.h **** }
 303:Drivers/CMSIS/Include/cmsis_gcc.h **** 
 304:Drivers/CMSIS/Include/cmsis_gcc.h **** 
 305:Drivers/CMSIS/Include/cmsis_gcc.h **** /**
 306:Drivers/CMSIS/Include/cmsis_gcc.h ****   \brief   Reverse byte order (16 bit)
 307:Drivers/CMSIS/Include/cmsis_gcc.h ****   \details Reverses the byte order within each halfword of a word. For example, 0x12345678 becomes 
 308:Drivers/CMSIS/Include/cmsis_gcc.h ****   \param [in]    value  Value to reverse
 309:Drivers/CMSIS/Include/cmsis_gcc.h ****   \return               Reversed value
 310:Drivers/CMSIS/Include/cmsis_gcc.h ****  */
 311:Drivers/CMSIS/Include/cmsis_gcc.h **** __STATIC_FORCEINLINE uint32_t __REV16(uint32_t value)
 312:Drivers/CMSIS/Include/cmsis_gcc.h **** {
 313:Drivers/CMSIS/Include/cmsis_gcc.h ****   uint32_t result;
 314:Drivers/CMSIS/Include/cmsis_gcc.h **** 
 315:Drivers/CMSIS/Include/cmsis_gcc.h ****   __ASM ("rev16 %0, %1" : __CMSIS_GCC_OUT_REG (result) : __CMSIS_GCC_USE_REG (value) );
 316:Drivers/CMSIS/Include/cmsis_gcc.h ****   return result;
 317:Drivers/CMSIS/Include/cmsis_gcc.h **** }
 318:Drivers/CMSIS/Include/cmsis_gcc.h **** 
 319:Drivers/CMSIS/Include/cmsis_gcc.h **** 
 320:Drivers/CMSIS/Include/cmsis_gcc.h **** /**
 321:Drivers/CMSIS/Include/cmsis_gcc.h ****   \brief   Reverse byte order (16 bit)
 322:Drivers/CMSIS/Include/cmsis_gcc.h ****   \details Reverses the byte order in a 16-bit value and returns the signed 16-bit result. For exam
 323:Drivers/CMSIS/Include/cmsis_gcc.h ****   \param [in]    value  Value to reverse
 324:Drivers/CMSIS/Include/cmsis_gcc.h ****   \return               Reversed value
 325:Drivers/CMSIS/Include/cmsis_gcc.h ****  */
 326:Drivers/CMSIS/Include/cmsis_gcc.h **** __STATIC_FORCEINLINE int16_t __REVSH(int16_t value)
 327:Drivers/CMSIS/Include/cmsis_gcc.h **** {
 328:Drivers/CMSIS/Include/cmsis_gcc.h **** #if (__GNUC__ > 4) || (__GNUC__ == 4 && __GNUC_MINOR__ >= 8)
 329:Drivers/CMSIS/Include/cmsis_gcc.h ****   return (int16_t)__builtin_bswap16(value);
 330:Drivers/CMSIS/Include/cmsis_gcc.h **** #else
 331:Drivers/CMSIS/Include/cmsis_gcc.h ****   int16_t result;
 332:Drivers/CMSIS/Include/cmsis_gcc.h **** 
 333:Drivers/CMSIS/Include/cmsis_gcc.h ****   __ASM ("revsh %0, %1" : __CMSIS_GCC_OUT_REG (result) : __CMSIS_GCC_USE_REG (value) );
 334:Drivers/CMSIS/Include/cmsis_gcc.h ****   return result;
 335:Drivers/CMSIS/Include/cmsis_gcc.h **** #endif
 336:Drivers/CMSIS/Include/cmsis_gcc.h **** }
ARM GAS  /var/folders/_n/tsb0ql0x2w94bsblh62rdcfr0000gn/T//cceS2NYb.s 			page 65


 337:Drivers/CMSIS/Include/cmsis_gcc.h **** 
 338:Drivers/CMSIS/Include/cmsis_gcc.h **** 
 339:Drivers/CMSIS/Include/cmsis_gcc.h **** /**
 340:Drivers/CMSIS/Include/cmsis_gcc.h ****   \brief   Rotate Right in unsigned value (32 bit)
 341:Drivers/CMSIS/Include/cmsis_gcc.h ****   \details Rotate Right (immediate) provides the value of the contents of a register rotated by a v
 342:Drivers/CMSIS/Include/cmsis_gcc.h ****   \param [in]    op1  Value to rotate
 343:Drivers/CMSIS/Include/cmsis_gcc.h ****   \param [in]    op2  Number of Bits to rotate
 344:Drivers/CMSIS/Include/cmsis_gcc.h ****   \return               Rotated value
 345:Drivers/CMSIS/Include/cmsis_gcc.h ****  */
 346:Drivers/CMSIS/Include/cmsis_gcc.h **** __STATIC_FORCEINLINE uint32_t __ROR(uint32_t op1, uint32_t op2)
 347:Drivers/CMSIS/Include/cmsis_gcc.h **** {
 348:Drivers/CMSIS/Include/cmsis_gcc.h ****   op2 %= 32U;
 349:Drivers/CMSIS/Include/cmsis_gcc.h ****   if (op2 == 0U)
 350:Drivers/CMSIS/Include/cmsis_gcc.h ****   {
 351:Drivers/CMSIS/Include/cmsis_gcc.h ****     return op1;
 352:Drivers/CMSIS/Include/cmsis_gcc.h ****   }
 353:Drivers/CMSIS/Include/cmsis_gcc.h ****   return (op1 >> op2) | (op1 << (32U - op2));
 354:Drivers/CMSIS/Include/cmsis_gcc.h **** }
 355:Drivers/CMSIS/Include/cmsis_gcc.h **** 
 356:Drivers/CMSIS/Include/cmsis_gcc.h **** 
 357:Drivers/CMSIS/Include/cmsis_gcc.h **** /**
 358:Drivers/CMSIS/Include/cmsis_gcc.h ****   \brief   Breakpoint
 359:Drivers/CMSIS/Include/cmsis_gcc.h ****   \details Causes the processor to enter Debug state.
 360:Drivers/CMSIS/Include/cmsis_gcc.h ****            Debug tools can use this to investigate system state when the instruction at a particula
 361:Drivers/CMSIS/Include/cmsis_gcc.h ****   \param [in]    value  is ignored by the processor.
 362:Drivers/CMSIS/Include/cmsis_gcc.h ****                  If required, a debugger can use it to store additional information about the break
 363:Drivers/CMSIS/Include/cmsis_gcc.h ****  */
 364:Drivers/CMSIS/Include/cmsis_gcc.h **** #define __BKPT(value)                       __ASM volatile ("bkpt "#value)
 365:Drivers/CMSIS/Include/cmsis_gcc.h **** 
 366:Drivers/CMSIS/Include/cmsis_gcc.h **** 
 367:Drivers/CMSIS/Include/cmsis_gcc.h **** /**
 368:Drivers/CMSIS/Include/cmsis_gcc.h ****   \brief   Reverse bit order of value
 369:Drivers/CMSIS/Include/cmsis_gcc.h ****   \details Reverses the bit order of the given value.
 370:Drivers/CMSIS/Include/cmsis_gcc.h ****   \param [in]    value  Value to reverse
 371:Drivers/CMSIS/Include/cmsis_gcc.h ****   \return               Reversed value
 372:Drivers/CMSIS/Include/cmsis_gcc.h ****  */
 373:Drivers/CMSIS/Include/cmsis_gcc.h **** __STATIC_FORCEINLINE uint32_t __RBIT(uint32_t value)
 374:Drivers/CMSIS/Include/cmsis_gcc.h **** {
 375:Drivers/CMSIS/Include/cmsis_gcc.h ****   uint32_t result;
 376:Drivers/CMSIS/Include/cmsis_gcc.h **** 
 377:Drivers/CMSIS/Include/cmsis_gcc.h **** #if ((defined (__ARM_ARCH_7M__      ) && (__ARM_ARCH_7M__      == 1)) || \
 378:Drivers/CMSIS/Include/cmsis_gcc.h ****      (defined (__ARM_ARCH_7EM__     ) && (__ARM_ARCH_7EM__     == 1)) || \
 379:Drivers/CMSIS/Include/cmsis_gcc.h ****      (defined (__ARM_ARCH_8M_MAIN__ ) && (__ARM_ARCH_8M_MAIN__ == 1))    )
 380:Drivers/CMSIS/Include/cmsis_gcc.h ****    __ASM ("rbit %0, %1" : "=r" (result) : "r" (value) );
 381:Drivers/CMSIS/Include/cmsis_gcc.h **** #else
 382:Drivers/CMSIS/Include/cmsis_gcc.h ****   uint32_t s = (4U /*sizeof(v)*/ * 8U) - 1U; /* extra shift needed at end */
 383:Drivers/CMSIS/Include/cmsis_gcc.h **** 
 384:Drivers/CMSIS/Include/cmsis_gcc.h ****   result = value;                      /* r will be reversed bits of v; first get LSB of v */
 385:Drivers/CMSIS/Include/cmsis_gcc.h ****   for (value >>= 1U; value != 0U; value >>= 1U)
 386:Drivers/CMSIS/Include/cmsis_gcc.h ****   {
 387:Drivers/CMSIS/Include/cmsis_gcc.h ****     result <<= 1U;
 388:Drivers/CMSIS/Include/cmsis_gcc.h ****     result |= value & 1U;
 389:Drivers/CMSIS/Include/cmsis_gcc.h ****     s--;
 390:Drivers/CMSIS/Include/cmsis_gcc.h ****   }
 391:Drivers/CMSIS/Include/cmsis_gcc.h ****   result <<= s;                        /* shift when v's highest bits are zero */
 392:Drivers/CMSIS/Include/cmsis_gcc.h **** #endif
 393:Drivers/CMSIS/Include/cmsis_gcc.h ****   return result;
ARM GAS  /var/folders/_n/tsb0ql0x2w94bsblh62rdcfr0000gn/T//cceS2NYb.s 			page 66


 394:Drivers/CMSIS/Include/cmsis_gcc.h **** }
 395:Drivers/CMSIS/Include/cmsis_gcc.h **** 
 396:Drivers/CMSIS/Include/cmsis_gcc.h **** 
 397:Drivers/CMSIS/Include/cmsis_gcc.h **** /**
 398:Drivers/CMSIS/Include/cmsis_gcc.h ****   \brief   Count leading zeros
 399:Drivers/CMSIS/Include/cmsis_gcc.h ****   \details Counts the number of leading zeros of a data value.
 400:Drivers/CMSIS/Include/cmsis_gcc.h ****   \param [in]  value  Value to count the leading zeros
 401:Drivers/CMSIS/Include/cmsis_gcc.h ****   \return             number of leading zeros in value
 402:Drivers/CMSIS/Include/cmsis_gcc.h ****  */
 403:Drivers/CMSIS/Include/cmsis_gcc.h **** __STATIC_FORCEINLINE uint8_t __CLZ(uint32_t value)
 404:Drivers/CMSIS/Include/cmsis_gcc.h **** {
 405:Drivers/CMSIS/Include/cmsis_gcc.h ****   /* Even though __builtin_clz produces a CLZ instruction on ARM, formally
 406:Drivers/CMSIS/Include/cmsis_gcc.h ****      __builtin_clz(0) is undefined behaviour, so handle this case specially.
 407:Drivers/CMSIS/Include/cmsis_gcc.h ****      This guarantees ARM-compatible results if happening to compile on a non-ARM
 408:Drivers/CMSIS/Include/cmsis_gcc.h ****      target, and ensures the compiler doesn't decide to activate any
 409:Drivers/CMSIS/Include/cmsis_gcc.h ****      optimisations using the logic "value was passed to __builtin_clz, so it
 410:Drivers/CMSIS/Include/cmsis_gcc.h ****      is non-zero".
 411:Drivers/CMSIS/Include/cmsis_gcc.h ****      ARM GCC 7.3 and possibly earlier will optimise this test away, leaving a
 412:Drivers/CMSIS/Include/cmsis_gcc.h ****      single CLZ instruction.
 413:Drivers/CMSIS/Include/cmsis_gcc.h ****    */
 414:Drivers/CMSIS/Include/cmsis_gcc.h ****   if (value == 0U)
 415:Drivers/CMSIS/Include/cmsis_gcc.h ****   {
 416:Drivers/CMSIS/Include/cmsis_gcc.h ****     return 32U;
 417:Drivers/CMSIS/Include/cmsis_gcc.h ****   }
 418:Drivers/CMSIS/Include/cmsis_gcc.h ****   return __builtin_clz(value);
 419:Drivers/CMSIS/Include/cmsis_gcc.h **** }
 420:Drivers/CMSIS/Include/cmsis_gcc.h **** 
 421:Drivers/CMSIS/Include/cmsis_gcc.h **** 
 422:Drivers/CMSIS/Include/cmsis_gcc.h **** #if ((defined (__ARM_ARCH_7M__      ) && (__ARM_ARCH_7M__      == 1)) || \
 423:Drivers/CMSIS/Include/cmsis_gcc.h ****      (defined (__ARM_ARCH_7EM__     ) && (__ARM_ARCH_7EM__     == 1)) || \
 424:Drivers/CMSIS/Include/cmsis_gcc.h ****      (defined (__ARM_ARCH_8M_MAIN__ ) && (__ARM_ARCH_8M_MAIN__ == 1)) || \
 425:Drivers/CMSIS/Include/cmsis_gcc.h ****      (defined (__ARM_ARCH_8M_BASE__ ) && (__ARM_ARCH_8M_BASE__ == 1))    )
 426:Drivers/CMSIS/Include/cmsis_gcc.h **** /**
 427:Drivers/CMSIS/Include/cmsis_gcc.h ****   \brief   LDR Exclusive (8 bit)
 428:Drivers/CMSIS/Include/cmsis_gcc.h ****   \details Executes a exclusive LDR instruction for 8 bit value.
 429:Drivers/CMSIS/Include/cmsis_gcc.h ****   \param [in]    ptr  Pointer to data
 430:Drivers/CMSIS/Include/cmsis_gcc.h ****   \return             value of type uint8_t at (*ptr)
 431:Drivers/CMSIS/Include/cmsis_gcc.h ****  */
 432:Drivers/CMSIS/Include/cmsis_gcc.h **** __STATIC_FORCEINLINE uint8_t __LDREXB(volatile uint8_t *addr)
 433:Drivers/CMSIS/Include/cmsis_gcc.h **** {
 434:Drivers/CMSIS/Include/cmsis_gcc.h ****     uint32_t result;
 435:Drivers/CMSIS/Include/cmsis_gcc.h **** 
 436:Drivers/CMSIS/Include/cmsis_gcc.h **** #if (__GNUC__ > 4) || (__GNUC__ == 4 && __GNUC_MINOR__ >= 8)
 437:Drivers/CMSIS/Include/cmsis_gcc.h ****    __ASM volatile ("ldrexb %0, %1" : "=r" (result) : "Q" (*addr) );
 438:Drivers/CMSIS/Include/cmsis_gcc.h **** #else
 439:Drivers/CMSIS/Include/cmsis_gcc.h ****     /* Prior to GCC 4.8, "Q" will be expanded to [rx, #0] which is not
 440:Drivers/CMSIS/Include/cmsis_gcc.h ****        accepted by assembler. So has to use following less efficient pattern.
 441:Drivers/CMSIS/Include/cmsis_gcc.h ****     */
 442:Drivers/CMSIS/Include/cmsis_gcc.h ****    __ASM volatile ("ldrexb %0, [%1]" : "=r" (result) : "r" (addr) : "memory" );
 443:Drivers/CMSIS/Include/cmsis_gcc.h **** #endif
 444:Drivers/CMSIS/Include/cmsis_gcc.h ****    return ((uint8_t) result);    /* Add explicit type cast here */
 445:Drivers/CMSIS/Include/cmsis_gcc.h **** }
 446:Drivers/CMSIS/Include/cmsis_gcc.h **** 
 447:Drivers/CMSIS/Include/cmsis_gcc.h **** 
 448:Drivers/CMSIS/Include/cmsis_gcc.h **** /**
 449:Drivers/CMSIS/Include/cmsis_gcc.h ****   \brief   LDR Exclusive (16 bit)
 450:Drivers/CMSIS/Include/cmsis_gcc.h ****   \details Executes a exclusive LDR instruction for 16 bit values.
ARM GAS  /var/folders/_n/tsb0ql0x2w94bsblh62rdcfr0000gn/T//cceS2NYb.s 			page 67


 451:Drivers/CMSIS/Include/cmsis_gcc.h ****   \param [in]    ptr  Pointer to data
 452:Drivers/CMSIS/Include/cmsis_gcc.h ****   \return        value of type uint16_t at (*ptr)
 453:Drivers/CMSIS/Include/cmsis_gcc.h ****  */
 454:Drivers/CMSIS/Include/cmsis_gcc.h **** __STATIC_FORCEINLINE uint16_t __LDREXH(volatile uint16_t *addr)
 455:Drivers/CMSIS/Include/cmsis_gcc.h **** {
 456:Drivers/CMSIS/Include/cmsis_gcc.h ****     uint32_t result;
 457:Drivers/CMSIS/Include/cmsis_gcc.h **** 
 458:Drivers/CMSIS/Include/cmsis_gcc.h **** #if (__GNUC__ > 4) || (__GNUC__ == 4 && __GNUC_MINOR__ >= 8)
 459:Drivers/CMSIS/Include/cmsis_gcc.h ****    __ASM volatile ("ldrexh %0, %1" : "=r" (result) : "Q" (*addr) );
 460:Drivers/CMSIS/Include/cmsis_gcc.h **** #else
 461:Drivers/CMSIS/Include/cmsis_gcc.h ****     /* Prior to GCC 4.8, "Q" will be expanded to [rx, #0] which is not
 462:Drivers/CMSIS/Include/cmsis_gcc.h ****        accepted by assembler. So has to use following less efficient pattern.
 463:Drivers/CMSIS/Include/cmsis_gcc.h ****     */
 464:Drivers/CMSIS/Include/cmsis_gcc.h ****    __ASM volatile ("ldrexh %0, [%1]" : "=r" (result) : "r" (addr) : "memory" );
 465:Drivers/CMSIS/Include/cmsis_gcc.h **** #endif
 466:Drivers/CMSIS/Include/cmsis_gcc.h ****    return ((uint16_t) result);    /* Add explicit type cast here */
 467:Drivers/CMSIS/Include/cmsis_gcc.h **** }
 468:Drivers/CMSIS/Include/cmsis_gcc.h **** 
 469:Drivers/CMSIS/Include/cmsis_gcc.h **** 
 470:Drivers/CMSIS/Include/cmsis_gcc.h **** /**
 471:Drivers/CMSIS/Include/cmsis_gcc.h ****   \brief   LDR Exclusive (32 bit)
 472:Drivers/CMSIS/Include/cmsis_gcc.h ****   \details Executes a exclusive LDR instruction for 32 bit values.
 473:Drivers/CMSIS/Include/cmsis_gcc.h ****   \param [in]    ptr  Pointer to data
 474:Drivers/CMSIS/Include/cmsis_gcc.h ****   \return        value of type uint32_t at (*ptr)
 475:Drivers/CMSIS/Include/cmsis_gcc.h ****  */
 476:Drivers/CMSIS/Include/cmsis_gcc.h **** __STATIC_FORCEINLINE uint32_t __LDREXW(volatile uint32_t *addr)
 477:Drivers/CMSIS/Include/cmsis_gcc.h **** {
 478:Drivers/CMSIS/Include/cmsis_gcc.h ****     uint32_t result;
 479:Drivers/CMSIS/Include/cmsis_gcc.h **** 
 480:Drivers/CMSIS/Include/cmsis_gcc.h ****    __ASM volatile ("ldrex %0, %1" : "=r" (result) : "Q" (*addr) );
 481:Drivers/CMSIS/Include/cmsis_gcc.h ****    return(result);
 482:Drivers/CMSIS/Include/cmsis_gcc.h **** }
 483:Drivers/CMSIS/Include/cmsis_gcc.h **** 
 484:Drivers/CMSIS/Include/cmsis_gcc.h **** 
 485:Drivers/CMSIS/Include/cmsis_gcc.h **** /**
 486:Drivers/CMSIS/Include/cmsis_gcc.h ****   \brief   STR Exclusive (8 bit)
 487:Drivers/CMSIS/Include/cmsis_gcc.h ****   \details Executes a exclusive STR instruction for 8 bit values.
 488:Drivers/CMSIS/Include/cmsis_gcc.h ****   \param [in]  value  Value to store
 489:Drivers/CMSIS/Include/cmsis_gcc.h ****   \param [in]    ptr  Pointer to location
 490:Drivers/CMSIS/Include/cmsis_gcc.h ****   \return          0  Function succeeded
 491:Drivers/CMSIS/Include/cmsis_gcc.h ****   \return          1  Function failed
 492:Drivers/CMSIS/Include/cmsis_gcc.h ****  */
 493:Drivers/CMSIS/Include/cmsis_gcc.h **** __STATIC_FORCEINLINE uint32_t __STREXB(uint8_t value, volatile uint8_t *addr)
 494:Drivers/CMSIS/Include/cmsis_gcc.h **** {
 495:Drivers/CMSIS/Include/cmsis_gcc.h ****    uint32_t result;
 496:Drivers/CMSIS/Include/cmsis_gcc.h **** 
 497:Drivers/CMSIS/Include/cmsis_gcc.h ****    __ASM volatile ("strexb %0, %2, %1" : "=&r" (result), "=Q" (*addr) : "r" ((uint32_t)value) );
 498:Drivers/CMSIS/Include/cmsis_gcc.h ****    return(result);
 499:Drivers/CMSIS/Include/cmsis_gcc.h **** }
 500:Drivers/CMSIS/Include/cmsis_gcc.h **** 
 501:Drivers/CMSIS/Include/cmsis_gcc.h **** 
 502:Drivers/CMSIS/Include/cmsis_gcc.h **** /**
 503:Drivers/CMSIS/Include/cmsis_gcc.h ****   \brief   STR Exclusive (16 bit)
 504:Drivers/CMSIS/Include/cmsis_gcc.h ****   \details Executes a exclusive STR instruction for 16 bit values.
 505:Drivers/CMSIS/Include/cmsis_gcc.h ****   \param [in]  value  Value to store
 506:Drivers/CMSIS/Include/cmsis_gcc.h ****   \param [in]    ptr  Pointer to location
 507:Drivers/CMSIS/Include/cmsis_gcc.h ****   \return          0  Function succeeded
ARM GAS  /var/folders/_n/tsb0ql0x2w94bsblh62rdcfr0000gn/T//cceS2NYb.s 			page 68


 508:Drivers/CMSIS/Include/cmsis_gcc.h ****   \return          1  Function failed
 509:Drivers/CMSIS/Include/cmsis_gcc.h ****  */
 510:Drivers/CMSIS/Include/cmsis_gcc.h **** __STATIC_FORCEINLINE uint32_t __STREXH(uint16_t value, volatile uint16_t *addr)
 511:Drivers/CMSIS/Include/cmsis_gcc.h **** {
 512:Drivers/CMSIS/Include/cmsis_gcc.h ****    uint32_t result;
 513:Drivers/CMSIS/Include/cmsis_gcc.h **** 
 514:Drivers/CMSIS/Include/cmsis_gcc.h ****    __ASM volatile ("strexh %0, %2, %1" : "=&r" (result), "=Q" (*addr) : "r" ((uint32_t)value) );
 515:Drivers/CMSIS/Include/cmsis_gcc.h ****    return(result);
 516:Drivers/CMSIS/Include/cmsis_gcc.h **** }
 517:Drivers/CMSIS/Include/cmsis_gcc.h **** 
 518:Drivers/CMSIS/Include/cmsis_gcc.h **** 
 519:Drivers/CMSIS/Include/cmsis_gcc.h **** /**
 520:Drivers/CMSIS/Include/cmsis_gcc.h ****   \brief   STR Exclusive (32 bit)
 521:Drivers/CMSIS/Include/cmsis_gcc.h ****   \details Executes a exclusive STR instruction for 32 bit values.
 522:Drivers/CMSIS/Include/cmsis_gcc.h ****   \param [in]  value  Value to store
 523:Drivers/CMSIS/Include/cmsis_gcc.h ****   \param [in]    ptr  Pointer to location
 524:Drivers/CMSIS/Include/cmsis_gcc.h ****   \return          0  Function succeeded
 525:Drivers/CMSIS/Include/cmsis_gcc.h ****   \return          1  Function failed
 526:Drivers/CMSIS/Include/cmsis_gcc.h ****  */
 527:Drivers/CMSIS/Include/cmsis_gcc.h **** __STATIC_FORCEINLINE uint32_t __STREXW(uint32_t value, volatile uint32_t *addr)
 528:Drivers/CMSIS/Include/cmsis_gcc.h **** {
 529:Drivers/CMSIS/Include/cmsis_gcc.h ****    uint32_t result;
 530:Drivers/CMSIS/Include/cmsis_gcc.h **** 
 531:Drivers/CMSIS/Include/cmsis_gcc.h ****    __ASM volatile ("strex %0, %2, %1" : "=&r" (result), "=Q" (*addr) : "r" (value) );
 532:Drivers/CMSIS/Include/cmsis_gcc.h ****    return(result);
 533:Drivers/CMSIS/Include/cmsis_gcc.h **** }
 534:Drivers/CMSIS/Include/cmsis_gcc.h **** 
 535:Drivers/CMSIS/Include/cmsis_gcc.h **** 
 536:Drivers/CMSIS/Include/cmsis_gcc.h **** /**
 537:Drivers/CMSIS/Include/cmsis_gcc.h ****   \brief   Remove the exclusive lock
 538:Drivers/CMSIS/Include/cmsis_gcc.h ****   \details Removes the exclusive lock which is created by LDREX.
 539:Drivers/CMSIS/Include/cmsis_gcc.h ****  */
 540:Drivers/CMSIS/Include/cmsis_gcc.h **** __STATIC_FORCEINLINE void __CLREX(void)
 541:Drivers/CMSIS/Include/cmsis_gcc.h **** {
 542:Drivers/CMSIS/Include/cmsis_gcc.h ****   __ASM volatile ("clrex" ::: "memory");
 543:Drivers/CMSIS/Include/cmsis_gcc.h **** }
 544:Drivers/CMSIS/Include/cmsis_gcc.h **** 
 545:Drivers/CMSIS/Include/cmsis_gcc.h **** #endif /* ((defined (__ARM_ARCH_7M__      ) && (__ARM_ARCH_7M__      == 1)) || \
 546:Drivers/CMSIS/Include/cmsis_gcc.h ****            (defined (__ARM_ARCH_7EM__     ) && (__ARM_ARCH_7EM__     == 1)) || \
 547:Drivers/CMSIS/Include/cmsis_gcc.h ****            (defined (__ARM_ARCH_8M_MAIN__ ) && (__ARM_ARCH_8M_MAIN__ == 1)) || \
 548:Drivers/CMSIS/Include/cmsis_gcc.h ****            (defined (__ARM_ARCH_8M_BASE__ ) && (__ARM_ARCH_8M_BASE__ == 1))    ) */
 549:Drivers/CMSIS/Include/cmsis_gcc.h **** 
 550:Drivers/CMSIS/Include/cmsis_gcc.h **** 
 551:Drivers/CMSIS/Include/cmsis_gcc.h **** #if ((defined (__ARM_ARCH_7M__      ) && (__ARM_ARCH_7M__      == 1)) || \
 552:Drivers/CMSIS/Include/cmsis_gcc.h ****      (defined (__ARM_ARCH_7EM__     ) && (__ARM_ARCH_7EM__     == 1)) || \
 553:Drivers/CMSIS/Include/cmsis_gcc.h ****      (defined (__ARM_ARCH_8M_MAIN__ ) && (__ARM_ARCH_8M_MAIN__ == 1))    )
 554:Drivers/CMSIS/Include/cmsis_gcc.h **** /**
 555:Drivers/CMSIS/Include/cmsis_gcc.h ****   \brief   Signed Saturate
 556:Drivers/CMSIS/Include/cmsis_gcc.h ****   \details Saturates a signed value.
 557:Drivers/CMSIS/Include/cmsis_gcc.h ****   \param [in]  ARG1  Value to be saturated
 558:Drivers/CMSIS/Include/cmsis_gcc.h ****   \param [in]  ARG2  Bit position to saturate to (1..32)
 559:Drivers/CMSIS/Include/cmsis_gcc.h ****   \return             Saturated value
 560:Drivers/CMSIS/Include/cmsis_gcc.h ****  */
 561:Drivers/CMSIS/Include/cmsis_gcc.h **** #define __SSAT(ARG1, ARG2) \
 562:Drivers/CMSIS/Include/cmsis_gcc.h **** __extension__ \
 563:Drivers/CMSIS/Include/cmsis_gcc.h **** ({                          \
 564:Drivers/CMSIS/Include/cmsis_gcc.h ****   int32_t __RES, __ARG1 = (ARG1); \
ARM GAS  /var/folders/_n/tsb0ql0x2w94bsblh62rdcfr0000gn/T//cceS2NYb.s 			page 69


 565:Drivers/CMSIS/Include/cmsis_gcc.h ****   __ASM volatile ("ssat %0, %1, %2" : "=r" (__RES) :  "I" (ARG2), "r" (__ARG1) : "cc" ); \
 566:Drivers/CMSIS/Include/cmsis_gcc.h ****   __RES; \
 567:Drivers/CMSIS/Include/cmsis_gcc.h ****  })
 568:Drivers/CMSIS/Include/cmsis_gcc.h **** 
 569:Drivers/CMSIS/Include/cmsis_gcc.h **** 
 570:Drivers/CMSIS/Include/cmsis_gcc.h **** /**
 571:Drivers/CMSIS/Include/cmsis_gcc.h ****   \brief   Unsigned Saturate
 572:Drivers/CMSIS/Include/cmsis_gcc.h ****   \details Saturates an unsigned value.
 573:Drivers/CMSIS/Include/cmsis_gcc.h ****   \param [in]  ARG1  Value to be saturated
 574:Drivers/CMSIS/Include/cmsis_gcc.h ****   \param [in]  ARG2  Bit position to saturate to (0..31)
 575:Drivers/CMSIS/Include/cmsis_gcc.h ****   \return             Saturated value
 576:Drivers/CMSIS/Include/cmsis_gcc.h ****  */
 577:Drivers/CMSIS/Include/cmsis_gcc.h **** #define __USAT(ARG1, ARG2) \
 578:Drivers/CMSIS/Include/cmsis_gcc.h **** __extension__ \
 579:Drivers/CMSIS/Include/cmsis_gcc.h **** ({                          \
 580:Drivers/CMSIS/Include/cmsis_gcc.h ****   uint32_t __RES, __ARG1 = (ARG1); \
 581:Drivers/CMSIS/Include/cmsis_gcc.h ****   __ASM volatile ("usat %0, %1, %2" : "=r" (__RES) :  "I" (ARG2), "r" (__ARG1) : "cc" ); \
 582:Drivers/CMSIS/Include/cmsis_gcc.h ****   __RES; \
 583:Drivers/CMSIS/Include/cmsis_gcc.h ****  })
 584:Drivers/CMSIS/Include/cmsis_gcc.h **** 
 585:Drivers/CMSIS/Include/cmsis_gcc.h **** 
 586:Drivers/CMSIS/Include/cmsis_gcc.h **** /**
 587:Drivers/CMSIS/Include/cmsis_gcc.h ****   \brief   Rotate Right with Extend (32 bit)
 588:Drivers/CMSIS/Include/cmsis_gcc.h ****   \details Moves each bit of a bitstring right by one bit.
 589:Drivers/CMSIS/Include/cmsis_gcc.h ****            The carry input is shifted in at the left end of the bitstring.
 590:Drivers/CMSIS/Include/cmsis_gcc.h ****   \param [in]    value  Value to rotate
 591:Drivers/CMSIS/Include/cmsis_gcc.h ****   \return               Rotated value
 592:Drivers/CMSIS/Include/cmsis_gcc.h ****  */
 593:Drivers/CMSIS/Include/cmsis_gcc.h **** __STATIC_FORCEINLINE uint32_t __RRX(uint32_t value)
 594:Drivers/CMSIS/Include/cmsis_gcc.h **** {
 595:Drivers/CMSIS/Include/cmsis_gcc.h ****   uint32_t result;
 596:Drivers/CMSIS/Include/cmsis_gcc.h **** 
 597:Drivers/CMSIS/Include/cmsis_gcc.h ****   __ASM volatile ("rrx %0, %1" : __CMSIS_GCC_OUT_REG (result) : __CMSIS_GCC_USE_REG (value) );
 598:Drivers/CMSIS/Include/cmsis_gcc.h ****   return(result);
 599:Drivers/CMSIS/Include/cmsis_gcc.h **** }
 600:Drivers/CMSIS/Include/cmsis_gcc.h **** 
 601:Drivers/CMSIS/Include/cmsis_gcc.h **** 
 602:Drivers/CMSIS/Include/cmsis_gcc.h **** /**
 603:Drivers/CMSIS/Include/cmsis_gcc.h ****   \brief   LDRT Unprivileged (8 bit)
 604:Drivers/CMSIS/Include/cmsis_gcc.h ****   \details Executes a Unprivileged LDRT instruction for 8 bit value.
 605:Drivers/CMSIS/Include/cmsis_gcc.h ****   \param [in]    ptr  Pointer to data
 606:Drivers/CMSIS/Include/cmsis_gcc.h ****   \return             value of type uint8_t at (*ptr)
 607:Drivers/CMSIS/Include/cmsis_gcc.h ****  */
 608:Drivers/CMSIS/Include/cmsis_gcc.h **** __STATIC_FORCEINLINE uint8_t __LDRBT(volatile uint8_t *ptr)
 609:Drivers/CMSIS/Include/cmsis_gcc.h **** {
 610:Drivers/CMSIS/Include/cmsis_gcc.h ****     uint32_t result;
 611:Drivers/CMSIS/Include/cmsis_gcc.h **** 
 612:Drivers/CMSIS/Include/cmsis_gcc.h **** #if (__GNUC__ > 4) || (__GNUC__ == 4 && __GNUC_MINOR__ >= 8)
 613:Drivers/CMSIS/Include/cmsis_gcc.h ****    __ASM volatile ("ldrbt %0, %1" : "=r" (result) : "Q" (*ptr) );
 614:Drivers/CMSIS/Include/cmsis_gcc.h **** #else
 615:Drivers/CMSIS/Include/cmsis_gcc.h ****     /* Prior to GCC 4.8, "Q" will be expanded to [rx, #0] which is not
 616:Drivers/CMSIS/Include/cmsis_gcc.h ****        accepted by assembler. So has to use following less efficient pattern.
 617:Drivers/CMSIS/Include/cmsis_gcc.h ****     */
 618:Drivers/CMSIS/Include/cmsis_gcc.h ****    __ASM volatile ("ldrbt %0, [%1]" : "=r" (result) : "r" (ptr) : "memory" );
 619:Drivers/CMSIS/Include/cmsis_gcc.h **** #endif
 620:Drivers/CMSIS/Include/cmsis_gcc.h ****    return ((uint8_t) result);    /* Add explicit type cast here */
 621:Drivers/CMSIS/Include/cmsis_gcc.h **** }
ARM GAS  /var/folders/_n/tsb0ql0x2w94bsblh62rdcfr0000gn/T//cceS2NYb.s 			page 70


 622:Drivers/CMSIS/Include/cmsis_gcc.h **** 
 623:Drivers/CMSIS/Include/cmsis_gcc.h **** 
 624:Drivers/CMSIS/Include/cmsis_gcc.h **** /**
 625:Drivers/CMSIS/Include/cmsis_gcc.h ****   \brief   LDRT Unprivileged (16 bit)
 626:Drivers/CMSIS/Include/cmsis_gcc.h ****   \details Executes a Unprivileged LDRT instruction for 16 bit values.
 627:Drivers/CMSIS/Include/cmsis_gcc.h ****   \param [in]    ptr  Pointer to data
 628:Drivers/CMSIS/Include/cmsis_gcc.h ****   \return        value of type uint16_t at (*ptr)
 629:Drivers/CMSIS/Include/cmsis_gcc.h ****  */
 630:Drivers/CMSIS/Include/cmsis_gcc.h **** __STATIC_FORCEINLINE uint16_t __LDRHT(volatile uint16_t *ptr)
 631:Drivers/CMSIS/Include/cmsis_gcc.h **** {
 632:Drivers/CMSIS/Include/cmsis_gcc.h ****     uint32_t result;
 633:Drivers/CMSIS/Include/cmsis_gcc.h **** 
 634:Drivers/CMSIS/Include/cmsis_gcc.h **** #if (__GNUC__ > 4) || (__GNUC__ == 4 && __GNUC_MINOR__ >= 8)
 635:Drivers/CMSIS/Include/cmsis_gcc.h ****    __ASM volatile ("ldrht %0, %1" : "=r" (result) : "Q" (*ptr) );
 636:Drivers/CMSIS/Include/cmsis_gcc.h **** #else
 637:Drivers/CMSIS/Include/cmsis_gcc.h ****     /* Prior to GCC 4.8, "Q" will be expanded to [rx, #0] which is not
 638:Drivers/CMSIS/Include/cmsis_gcc.h ****        accepted by assembler. So has to use following less efficient pattern.
 639:Drivers/CMSIS/Include/cmsis_gcc.h ****     */
 640:Drivers/CMSIS/Include/cmsis_gcc.h ****    __ASM volatile ("ldrht %0, [%1]" : "=r" (result) : "r" (ptr) : "memory" );
 641:Drivers/CMSIS/Include/cmsis_gcc.h **** #endif
 642:Drivers/CMSIS/Include/cmsis_gcc.h ****    return ((uint16_t) result);    /* Add explicit type cast here */
 643:Drivers/CMSIS/Include/cmsis_gcc.h **** }
 644:Drivers/CMSIS/Include/cmsis_gcc.h **** 
 645:Drivers/CMSIS/Include/cmsis_gcc.h **** 
 646:Drivers/CMSIS/Include/cmsis_gcc.h **** /**
 647:Drivers/CMSIS/Include/cmsis_gcc.h ****   \brief   LDRT Unprivileged (32 bit)
 648:Drivers/CMSIS/Include/cmsis_gcc.h ****   \details Executes a Unprivileged LDRT instruction for 32 bit values.
 649:Drivers/CMSIS/Include/cmsis_gcc.h ****   \param [in]    ptr  Pointer to data
 650:Drivers/CMSIS/Include/cmsis_gcc.h ****   \return        value of type uint32_t at (*ptr)
 651:Drivers/CMSIS/Include/cmsis_gcc.h ****  */
 652:Drivers/CMSIS/Include/cmsis_gcc.h **** __STATIC_FORCEINLINE uint32_t __LDRT(volatile uint32_t *ptr)
 653:Drivers/CMSIS/Include/cmsis_gcc.h **** {
 654:Drivers/CMSIS/Include/cmsis_gcc.h ****     uint32_t result;
 655:Drivers/CMSIS/Include/cmsis_gcc.h **** 
 656:Drivers/CMSIS/Include/cmsis_gcc.h ****    __ASM volatile ("ldrt %0, %1" : "=r" (result) : "Q" (*ptr) );
 657:Drivers/CMSIS/Include/cmsis_gcc.h ****    return(result);
 658:Drivers/CMSIS/Include/cmsis_gcc.h **** }
 659:Drivers/CMSIS/Include/cmsis_gcc.h **** 
 660:Drivers/CMSIS/Include/cmsis_gcc.h **** 
 661:Drivers/CMSIS/Include/cmsis_gcc.h **** /**
 662:Drivers/CMSIS/Include/cmsis_gcc.h ****   \brief   STRT Unprivileged (8 bit)
 663:Drivers/CMSIS/Include/cmsis_gcc.h ****   \details Executes a Unprivileged STRT instruction for 8 bit values.
 664:Drivers/CMSIS/Include/cmsis_gcc.h ****   \param [in]  value  Value to store
 665:Drivers/CMSIS/Include/cmsis_gcc.h ****   \param [in]    ptr  Pointer to location
 666:Drivers/CMSIS/Include/cmsis_gcc.h ****  */
 667:Drivers/CMSIS/Include/cmsis_gcc.h **** __STATIC_FORCEINLINE void __STRBT(uint8_t value, volatile uint8_t *ptr)
 668:Drivers/CMSIS/Include/cmsis_gcc.h **** {
 669:Drivers/CMSIS/Include/cmsis_gcc.h ****    __ASM volatile ("strbt %1, %0" : "=Q" (*ptr) : "r" ((uint32_t)value) );
 670:Drivers/CMSIS/Include/cmsis_gcc.h **** }
 671:Drivers/CMSIS/Include/cmsis_gcc.h **** 
 672:Drivers/CMSIS/Include/cmsis_gcc.h **** 
 673:Drivers/CMSIS/Include/cmsis_gcc.h **** /**
 674:Drivers/CMSIS/Include/cmsis_gcc.h ****   \brief   STRT Unprivileged (16 bit)
 675:Drivers/CMSIS/Include/cmsis_gcc.h ****   \details Executes a Unprivileged STRT instruction for 16 bit values.
 676:Drivers/CMSIS/Include/cmsis_gcc.h ****   \param [in]  value  Value to store
 677:Drivers/CMSIS/Include/cmsis_gcc.h ****   \param [in]    ptr  Pointer to location
 678:Drivers/CMSIS/Include/cmsis_gcc.h ****  */
ARM GAS  /var/folders/_n/tsb0ql0x2w94bsblh62rdcfr0000gn/T//cceS2NYb.s 			page 71


 679:Drivers/CMSIS/Include/cmsis_gcc.h **** __STATIC_FORCEINLINE void __STRHT(uint16_t value, volatile uint16_t *ptr)
 680:Drivers/CMSIS/Include/cmsis_gcc.h **** {
 681:Drivers/CMSIS/Include/cmsis_gcc.h ****    __ASM volatile ("strht %1, %0" : "=Q" (*ptr) : "r" ((uint32_t)value) );
 682:Drivers/CMSIS/Include/cmsis_gcc.h **** }
 683:Drivers/CMSIS/Include/cmsis_gcc.h **** 
 684:Drivers/CMSIS/Include/cmsis_gcc.h **** 
 685:Drivers/CMSIS/Include/cmsis_gcc.h **** /**
 686:Drivers/CMSIS/Include/cmsis_gcc.h ****   \brief   STRT Unprivileged (32 bit)
 687:Drivers/CMSIS/Include/cmsis_gcc.h ****   \details Executes a Unprivileged STRT instruction for 32 bit values.
 688:Drivers/CMSIS/Include/cmsis_gcc.h ****   \param [in]  value  Value to store
 689:Drivers/CMSIS/Include/cmsis_gcc.h ****   \param [in]    ptr  Pointer to location
 690:Drivers/CMSIS/Include/cmsis_gcc.h ****  */
 691:Drivers/CMSIS/Include/cmsis_gcc.h **** __STATIC_FORCEINLINE void __STRT(uint32_t value, volatile uint32_t *ptr)
 692:Drivers/CMSIS/Include/cmsis_gcc.h **** {
 693:Drivers/CMSIS/Include/cmsis_gcc.h ****    __ASM volatile ("strt %1, %0" : "=Q" (*ptr) : "r" (value) );
 694:Drivers/CMSIS/Include/cmsis_gcc.h **** }
 695:Drivers/CMSIS/Include/cmsis_gcc.h **** 
 696:Drivers/CMSIS/Include/cmsis_gcc.h **** #else  /* ((defined (__ARM_ARCH_7M__      ) && (__ARM_ARCH_7M__      == 1)) || \
 697:Drivers/CMSIS/Include/cmsis_gcc.h ****            (defined (__ARM_ARCH_7EM__     ) && (__ARM_ARCH_7EM__     == 1)) || \
 698:Drivers/CMSIS/Include/cmsis_gcc.h ****            (defined (__ARM_ARCH_8M_MAIN__ ) && (__ARM_ARCH_8M_MAIN__ == 1))    ) */
 699:Drivers/CMSIS/Include/cmsis_gcc.h **** 
 700:Drivers/CMSIS/Include/cmsis_gcc.h **** /**
 701:Drivers/CMSIS/Include/cmsis_gcc.h ****   \brief   Signed Saturate
 702:Drivers/CMSIS/Include/cmsis_gcc.h ****   \details Saturates a signed value.
 703:Drivers/CMSIS/Include/cmsis_gcc.h ****   \param [in]  value  Value to be saturated
 704:Drivers/CMSIS/Include/cmsis_gcc.h ****   \param [in]    sat  Bit position to saturate to (1..32)
 705:Drivers/CMSIS/Include/cmsis_gcc.h ****   \return             Saturated value
 706:Drivers/CMSIS/Include/cmsis_gcc.h ****  */
 707:Drivers/CMSIS/Include/cmsis_gcc.h **** __STATIC_FORCEINLINE int32_t __SSAT(int32_t val, uint32_t sat)
 708:Drivers/CMSIS/Include/cmsis_gcc.h **** {
 709:Drivers/CMSIS/Include/cmsis_gcc.h ****   if ((sat >= 1U) && (sat <= 32U))
 710:Drivers/CMSIS/Include/cmsis_gcc.h ****   {
 711:Drivers/CMSIS/Include/cmsis_gcc.h ****     const int32_t max = (int32_t)((1U << (sat - 1U)) - 1U);
 712:Drivers/CMSIS/Include/cmsis_gcc.h ****     const int32_t min = -1 - max ;
 713:Drivers/CMSIS/Include/cmsis_gcc.h ****     if (val > max)
 714:Drivers/CMSIS/Include/cmsis_gcc.h ****     {
 715:Drivers/CMSIS/Include/cmsis_gcc.h ****       return max;
 716:Drivers/CMSIS/Include/cmsis_gcc.h ****     }
 717:Drivers/CMSIS/Include/cmsis_gcc.h ****     else if (val < min)
 718:Drivers/CMSIS/Include/cmsis_gcc.h ****     {
 719:Drivers/CMSIS/Include/cmsis_gcc.h ****       return min;
 720:Drivers/CMSIS/Include/cmsis_gcc.h ****     }
 721:Drivers/CMSIS/Include/cmsis_gcc.h ****   }
 722:Drivers/CMSIS/Include/cmsis_gcc.h ****   return val;
 723:Drivers/CMSIS/Include/cmsis_gcc.h **** }
 724:Drivers/CMSIS/Include/cmsis_gcc.h **** 
 725:Drivers/CMSIS/Include/cmsis_gcc.h **** /**
 726:Drivers/CMSIS/Include/cmsis_gcc.h ****   \brief   Unsigned Saturate
 727:Drivers/CMSIS/Include/cmsis_gcc.h ****   \details Saturates an unsigned value.
 728:Drivers/CMSIS/Include/cmsis_gcc.h ****   \param [in]  value  Value to be saturated
 729:Drivers/CMSIS/Include/cmsis_gcc.h ****   \param [in]    sat  Bit position to saturate to (0..31)
 730:Drivers/CMSIS/Include/cmsis_gcc.h ****   \return             Saturated value
 731:Drivers/CMSIS/Include/cmsis_gcc.h ****  */
 732:Drivers/CMSIS/Include/cmsis_gcc.h **** __STATIC_FORCEINLINE uint32_t __USAT(int32_t val, uint32_t sat)
 733:Drivers/CMSIS/Include/cmsis_gcc.h **** {
 734:Drivers/CMSIS/Include/cmsis_gcc.h ****   if (sat <= 31U)
 735:Drivers/CMSIS/Include/cmsis_gcc.h ****   {
ARM GAS  /var/folders/_n/tsb0ql0x2w94bsblh62rdcfr0000gn/T//cceS2NYb.s 			page 72


 736:Drivers/CMSIS/Include/cmsis_gcc.h ****     const uint32_t max = ((1U << sat) - 1U);
 737:Drivers/CMSIS/Include/cmsis_gcc.h ****     if (val > (int32_t)max)
 738:Drivers/CMSIS/Include/cmsis_gcc.h ****     {
 739:Drivers/CMSIS/Include/cmsis_gcc.h ****       return max;
 740:Drivers/CMSIS/Include/cmsis_gcc.h ****     }
 741:Drivers/CMSIS/Include/cmsis_gcc.h ****     else if (val < 0)
 742:Drivers/CMSIS/Include/cmsis_gcc.h ****     {
 743:Drivers/CMSIS/Include/cmsis_gcc.h ****       return 0U;
 744:Drivers/CMSIS/Include/cmsis_gcc.h ****     }
 745:Drivers/CMSIS/Include/cmsis_gcc.h ****   }
 746:Drivers/CMSIS/Include/cmsis_gcc.h ****   return (uint32_t)val;
 747:Drivers/CMSIS/Include/cmsis_gcc.h **** }
 748:Drivers/CMSIS/Include/cmsis_gcc.h **** 
 749:Drivers/CMSIS/Include/cmsis_gcc.h **** #endif /* ((defined (__ARM_ARCH_7M__      ) && (__ARM_ARCH_7M__      == 1)) || \
 750:Drivers/CMSIS/Include/cmsis_gcc.h ****            (defined (__ARM_ARCH_7EM__     ) && (__ARM_ARCH_7EM__     == 1)) || \
 751:Drivers/CMSIS/Include/cmsis_gcc.h ****            (defined (__ARM_ARCH_8M_MAIN__ ) && (__ARM_ARCH_8M_MAIN__ == 1))    ) */
 752:Drivers/CMSIS/Include/cmsis_gcc.h **** 
 753:Drivers/CMSIS/Include/cmsis_gcc.h **** 
 754:Drivers/CMSIS/Include/cmsis_gcc.h **** #if ((defined (__ARM_ARCH_8M_MAIN__ ) && (__ARM_ARCH_8M_MAIN__ == 1)) || \
 755:Drivers/CMSIS/Include/cmsis_gcc.h ****      (defined (__ARM_ARCH_8M_BASE__ ) && (__ARM_ARCH_8M_BASE__ == 1))    )
 756:Drivers/CMSIS/Include/cmsis_gcc.h **** /**
 757:Drivers/CMSIS/Include/cmsis_gcc.h ****   \brief   Load-Acquire (8 bit)
 758:Drivers/CMSIS/Include/cmsis_gcc.h ****   \details Executes a LDAB instruction for 8 bit value.
 759:Drivers/CMSIS/Include/cmsis_gcc.h ****   \param [in]    ptr  Pointer to data
 760:Drivers/CMSIS/Include/cmsis_gcc.h ****   \return             value of type uint8_t at (*ptr)
 761:Drivers/CMSIS/Include/cmsis_gcc.h ****  */
 762:Drivers/CMSIS/Include/cmsis_gcc.h **** __STATIC_FORCEINLINE uint8_t __LDAB(volatile uint8_t *ptr)
 763:Drivers/CMSIS/Include/cmsis_gcc.h **** {
 764:Drivers/CMSIS/Include/cmsis_gcc.h ****     uint32_t result;
 765:Drivers/CMSIS/Include/cmsis_gcc.h **** 
 766:Drivers/CMSIS/Include/cmsis_gcc.h ****    __ASM volatile ("ldab %0, %1" : "=r" (result) : "Q" (*ptr) : "memory" );
 767:Drivers/CMSIS/Include/cmsis_gcc.h ****    return ((uint8_t) result);
 768:Drivers/CMSIS/Include/cmsis_gcc.h **** }
 769:Drivers/CMSIS/Include/cmsis_gcc.h **** 
 770:Drivers/CMSIS/Include/cmsis_gcc.h **** 
 771:Drivers/CMSIS/Include/cmsis_gcc.h **** /**
 772:Drivers/CMSIS/Include/cmsis_gcc.h ****   \brief   Load-Acquire (16 bit)
 773:Drivers/CMSIS/Include/cmsis_gcc.h ****   \details Executes a LDAH instruction for 16 bit values.
 774:Drivers/CMSIS/Include/cmsis_gcc.h ****   \param [in]    ptr  Pointer to data
 775:Drivers/CMSIS/Include/cmsis_gcc.h ****   \return        value of type uint16_t at (*ptr)
 776:Drivers/CMSIS/Include/cmsis_gcc.h ****  */
 777:Drivers/CMSIS/Include/cmsis_gcc.h **** __STATIC_FORCEINLINE uint16_t __LDAH(volatile uint16_t *ptr)
 778:Drivers/CMSIS/Include/cmsis_gcc.h **** {
 779:Drivers/CMSIS/Include/cmsis_gcc.h ****     uint32_t result;
 780:Drivers/CMSIS/Include/cmsis_gcc.h **** 
 781:Drivers/CMSIS/Include/cmsis_gcc.h ****    __ASM volatile ("ldah %0, %1" : "=r" (result) : "Q" (*ptr) : "memory" );
 782:Drivers/CMSIS/Include/cmsis_gcc.h ****    return ((uint16_t) result);
 783:Drivers/CMSIS/Include/cmsis_gcc.h **** }
 784:Drivers/CMSIS/Include/cmsis_gcc.h **** 
 785:Drivers/CMSIS/Include/cmsis_gcc.h **** 
 786:Drivers/CMSIS/Include/cmsis_gcc.h **** /**
 787:Drivers/CMSIS/Include/cmsis_gcc.h ****   \brief   Load-Acquire (32 bit)
 788:Drivers/CMSIS/Include/cmsis_gcc.h ****   \details Executes a LDA instruction for 32 bit values.
 789:Drivers/CMSIS/Include/cmsis_gcc.h ****   \param [in]    ptr  Pointer to data
 790:Drivers/CMSIS/Include/cmsis_gcc.h ****   \return        value of type uint32_t at (*ptr)
 791:Drivers/CMSIS/Include/cmsis_gcc.h ****  */
 792:Drivers/CMSIS/Include/cmsis_gcc.h **** __STATIC_FORCEINLINE uint32_t __LDA(volatile uint32_t *ptr)
ARM GAS  /var/folders/_n/tsb0ql0x2w94bsblh62rdcfr0000gn/T//cceS2NYb.s 			page 73


 793:Drivers/CMSIS/Include/cmsis_gcc.h **** {
 794:Drivers/CMSIS/Include/cmsis_gcc.h ****     uint32_t result;
 795:Drivers/CMSIS/Include/cmsis_gcc.h **** 
 796:Drivers/CMSIS/Include/cmsis_gcc.h ****    __ASM volatile ("lda %0, %1" : "=r" (result) : "Q" (*ptr) : "memory" );
 797:Drivers/CMSIS/Include/cmsis_gcc.h ****    return(result);
 798:Drivers/CMSIS/Include/cmsis_gcc.h **** }
 799:Drivers/CMSIS/Include/cmsis_gcc.h **** 
 800:Drivers/CMSIS/Include/cmsis_gcc.h **** 
 801:Drivers/CMSIS/Include/cmsis_gcc.h **** /**
 802:Drivers/CMSIS/Include/cmsis_gcc.h ****   \brief   Store-Release (8 bit)
 803:Drivers/CMSIS/Include/cmsis_gcc.h ****   \details Executes a STLB instruction for 8 bit values.
 804:Drivers/CMSIS/Include/cmsis_gcc.h ****   \param [in]  value  Value to store
 805:Drivers/CMSIS/Include/cmsis_gcc.h ****   \param [in]    ptr  Pointer to location
 806:Drivers/CMSIS/Include/cmsis_gcc.h ****  */
 807:Drivers/CMSIS/Include/cmsis_gcc.h **** __STATIC_FORCEINLINE void __STLB(uint8_t value, volatile uint8_t *ptr)
 808:Drivers/CMSIS/Include/cmsis_gcc.h **** {
 809:Drivers/CMSIS/Include/cmsis_gcc.h ****    __ASM volatile ("stlb %1, %0" : "=Q" (*ptr) : "r" ((uint32_t)value) : "memory" );
 810:Drivers/CMSIS/Include/cmsis_gcc.h **** }
 811:Drivers/CMSIS/Include/cmsis_gcc.h **** 
 812:Drivers/CMSIS/Include/cmsis_gcc.h **** 
 813:Drivers/CMSIS/Include/cmsis_gcc.h **** /**
 814:Drivers/CMSIS/Include/cmsis_gcc.h ****   \brief   Store-Release (16 bit)
 815:Drivers/CMSIS/Include/cmsis_gcc.h ****   \details Executes a STLH instruction for 16 bit values.
 816:Drivers/CMSIS/Include/cmsis_gcc.h ****   \param [in]  value  Value to store
 817:Drivers/CMSIS/Include/cmsis_gcc.h ****   \param [in]    ptr  Pointer to location
 818:Drivers/CMSIS/Include/cmsis_gcc.h ****  */
 819:Drivers/CMSIS/Include/cmsis_gcc.h **** __STATIC_FORCEINLINE void __STLH(uint16_t value, volatile uint16_t *ptr)
 820:Drivers/CMSIS/Include/cmsis_gcc.h **** {
 821:Drivers/CMSIS/Include/cmsis_gcc.h ****    __ASM volatile ("stlh %1, %0" : "=Q" (*ptr) : "r" ((uint32_t)value) : "memory" );
 822:Drivers/CMSIS/Include/cmsis_gcc.h **** }
 823:Drivers/CMSIS/Include/cmsis_gcc.h **** 
 824:Drivers/CMSIS/Include/cmsis_gcc.h **** 
 825:Drivers/CMSIS/Include/cmsis_gcc.h **** /**
 826:Drivers/CMSIS/Include/cmsis_gcc.h ****   \brief   Store-Release (32 bit)
 827:Drivers/CMSIS/Include/cmsis_gcc.h ****   \details Executes a STL instruction for 32 bit values.
 828:Drivers/CMSIS/Include/cmsis_gcc.h ****   \param [in]  value  Value to store
 829:Drivers/CMSIS/Include/cmsis_gcc.h ****   \param [in]    ptr  Pointer to location
 830:Drivers/CMSIS/Include/cmsis_gcc.h ****  */
 831:Drivers/CMSIS/Include/cmsis_gcc.h **** __STATIC_FORCEINLINE void __STL(uint32_t value, volatile uint32_t *ptr)
 832:Drivers/CMSIS/Include/cmsis_gcc.h **** {
 833:Drivers/CMSIS/Include/cmsis_gcc.h ****    __ASM volatile ("stl %1, %0" : "=Q" (*ptr) : "r" ((uint32_t)value) : "memory" );
 834:Drivers/CMSIS/Include/cmsis_gcc.h **** }
 835:Drivers/CMSIS/Include/cmsis_gcc.h **** 
 836:Drivers/CMSIS/Include/cmsis_gcc.h **** 
 837:Drivers/CMSIS/Include/cmsis_gcc.h **** /**
 838:Drivers/CMSIS/Include/cmsis_gcc.h ****   \brief   Load-Acquire Exclusive (8 bit)
 839:Drivers/CMSIS/Include/cmsis_gcc.h ****   \details Executes a LDAB exclusive instruction for 8 bit value.
 840:Drivers/CMSIS/Include/cmsis_gcc.h ****   \param [in]    ptr  Pointer to data
 841:Drivers/CMSIS/Include/cmsis_gcc.h ****   \return             value of type uint8_t at (*ptr)
 842:Drivers/CMSIS/Include/cmsis_gcc.h ****  */
 843:Drivers/CMSIS/Include/cmsis_gcc.h **** __STATIC_FORCEINLINE uint8_t __LDAEXB(volatile uint8_t *ptr)
 844:Drivers/CMSIS/Include/cmsis_gcc.h **** {
 845:Drivers/CMSIS/Include/cmsis_gcc.h ****     uint32_t result;
 846:Drivers/CMSIS/Include/cmsis_gcc.h **** 
 847:Drivers/CMSIS/Include/cmsis_gcc.h ****    __ASM volatile ("ldaexb %0, %1" : "=r" (result) : "Q" (*ptr) : "memory" );
 848:Drivers/CMSIS/Include/cmsis_gcc.h ****    return ((uint8_t) result);
 849:Drivers/CMSIS/Include/cmsis_gcc.h **** }
ARM GAS  /var/folders/_n/tsb0ql0x2w94bsblh62rdcfr0000gn/T//cceS2NYb.s 			page 74


 850:Drivers/CMSIS/Include/cmsis_gcc.h **** 
 851:Drivers/CMSIS/Include/cmsis_gcc.h **** 
 852:Drivers/CMSIS/Include/cmsis_gcc.h **** /**
 853:Drivers/CMSIS/Include/cmsis_gcc.h ****   \brief   Load-Acquire Exclusive (16 bit)
 854:Drivers/CMSIS/Include/cmsis_gcc.h ****   \details Executes a LDAH exclusive instruction for 16 bit values.
 855:Drivers/CMSIS/Include/cmsis_gcc.h ****   \param [in]    ptr  Pointer to data
 856:Drivers/CMSIS/Include/cmsis_gcc.h ****   \return        value of type uint16_t at (*ptr)
 857:Drivers/CMSIS/Include/cmsis_gcc.h ****  */
 858:Drivers/CMSIS/Include/cmsis_gcc.h **** __STATIC_FORCEINLINE uint16_t __LDAEXH(volatile uint16_t *ptr)
 859:Drivers/CMSIS/Include/cmsis_gcc.h **** {
 860:Drivers/CMSIS/Include/cmsis_gcc.h ****     uint32_t result;
 861:Drivers/CMSIS/Include/cmsis_gcc.h **** 
 862:Drivers/CMSIS/Include/cmsis_gcc.h ****    __ASM volatile ("ldaexh %0, %1" : "=r" (result) : "Q" (*ptr) : "memory" );
 863:Drivers/CMSIS/Include/cmsis_gcc.h ****    return ((uint16_t) result);
 864:Drivers/CMSIS/Include/cmsis_gcc.h **** }
 865:Drivers/CMSIS/Include/cmsis_gcc.h **** 
 866:Drivers/CMSIS/Include/cmsis_gcc.h **** 
 867:Drivers/CMSIS/Include/cmsis_gcc.h **** /**
 868:Drivers/CMSIS/Include/cmsis_gcc.h ****   \brief   Load-Acquire Exclusive (32 bit)
 869:Drivers/CMSIS/Include/cmsis_gcc.h ****   \details Executes a LDA exclusive instruction for 32 bit values.
 870:Drivers/CMSIS/Include/cmsis_gcc.h ****   \param [in]    ptr  Pointer to data
 871:Drivers/CMSIS/Include/cmsis_gcc.h ****   \return        value of type uint32_t at (*ptr)
 872:Drivers/CMSIS/Include/cmsis_gcc.h ****  */
 873:Drivers/CMSIS/Include/cmsis_gcc.h **** __STATIC_FORCEINLINE uint32_t __LDAEX(volatile uint32_t *ptr)
 874:Drivers/CMSIS/Include/cmsis_gcc.h **** {
 875:Drivers/CMSIS/Include/cmsis_gcc.h ****     uint32_t result;
 876:Drivers/CMSIS/Include/cmsis_gcc.h **** 
 877:Drivers/CMSIS/Include/cmsis_gcc.h ****    __ASM volatile ("ldaex %0, %1" : "=r" (result) : "Q" (*ptr) : "memory" );
 878:Drivers/CMSIS/Include/cmsis_gcc.h ****    return(result);
 879:Drivers/CMSIS/Include/cmsis_gcc.h **** }
 880:Drivers/CMSIS/Include/cmsis_gcc.h **** 
 881:Drivers/CMSIS/Include/cmsis_gcc.h **** 
 882:Drivers/CMSIS/Include/cmsis_gcc.h **** /**
 883:Drivers/CMSIS/Include/cmsis_gcc.h ****   \brief   Store-Release Exclusive (8 bit)
 884:Drivers/CMSIS/Include/cmsis_gcc.h ****   \details Executes a STLB exclusive instruction for 8 bit values.
 885:Drivers/CMSIS/Include/cmsis_gcc.h ****   \param [in]  value  Value to store
 886:Drivers/CMSIS/Include/cmsis_gcc.h ****   \param [in]    ptr  Pointer to location
 887:Drivers/CMSIS/Include/cmsis_gcc.h ****   \return          0  Function succeeded
 888:Drivers/CMSIS/Include/cmsis_gcc.h ****   \return          1  Function failed
 889:Drivers/CMSIS/Include/cmsis_gcc.h ****  */
 890:Drivers/CMSIS/Include/cmsis_gcc.h **** __STATIC_FORCEINLINE uint32_t __STLEXB(uint8_t value, volatile uint8_t *ptr)
 891:Drivers/CMSIS/Include/cmsis_gcc.h **** {
 892:Drivers/CMSIS/Include/cmsis_gcc.h ****    uint32_t result;
 893:Drivers/CMSIS/Include/cmsis_gcc.h **** 
 894:Drivers/CMSIS/Include/cmsis_gcc.h ****    __ASM volatile ("stlexb %0, %2, %1" : "=&r" (result), "=Q" (*ptr) : "r" ((uint32_t)value) : "mem
 895:Drivers/CMSIS/Include/cmsis_gcc.h ****    return(result);
 896:Drivers/CMSIS/Include/cmsis_gcc.h **** }
 897:Drivers/CMSIS/Include/cmsis_gcc.h **** 
 898:Drivers/CMSIS/Include/cmsis_gcc.h **** 
 899:Drivers/CMSIS/Include/cmsis_gcc.h **** /**
 900:Drivers/CMSIS/Include/cmsis_gcc.h ****   \brief   Store-Release Exclusive (16 bit)
 901:Drivers/CMSIS/Include/cmsis_gcc.h ****   \details Executes a STLH exclusive instruction for 16 bit values.
 902:Drivers/CMSIS/Include/cmsis_gcc.h ****   \param [in]  value  Value to store
 903:Drivers/CMSIS/Include/cmsis_gcc.h ****   \param [in]    ptr  Pointer to location
 904:Drivers/CMSIS/Include/cmsis_gcc.h ****   \return          0  Function succeeded
 905:Drivers/CMSIS/Include/cmsis_gcc.h ****   \return          1  Function failed
 906:Drivers/CMSIS/Include/cmsis_gcc.h ****  */
ARM GAS  /var/folders/_n/tsb0ql0x2w94bsblh62rdcfr0000gn/T//cceS2NYb.s 			page 75


 907:Drivers/CMSIS/Include/cmsis_gcc.h **** __STATIC_FORCEINLINE uint32_t __STLEXH(uint16_t value, volatile uint16_t *ptr)
 908:Drivers/CMSIS/Include/cmsis_gcc.h **** {
 909:Drivers/CMSIS/Include/cmsis_gcc.h ****    uint32_t result;
 910:Drivers/CMSIS/Include/cmsis_gcc.h **** 
 911:Drivers/CMSIS/Include/cmsis_gcc.h ****    __ASM volatile ("stlexh %0, %2, %1" : "=&r" (result), "=Q" (*ptr) : "r" ((uint32_t)value) : "mem
 912:Drivers/CMSIS/Include/cmsis_gcc.h ****    return(result);
 913:Drivers/CMSIS/Include/cmsis_gcc.h **** }
 914:Drivers/CMSIS/Include/cmsis_gcc.h **** 
 915:Drivers/CMSIS/Include/cmsis_gcc.h **** 
 916:Drivers/CMSIS/Include/cmsis_gcc.h **** /**
 917:Drivers/CMSIS/Include/cmsis_gcc.h ****   \brief   Store-Release Exclusive (32 bit)
 918:Drivers/CMSIS/Include/cmsis_gcc.h ****   \details Executes a STL exclusive instruction for 32 bit values.
 919:Drivers/CMSIS/Include/cmsis_gcc.h ****   \param [in]  value  Value to store
 920:Drivers/CMSIS/Include/cmsis_gcc.h ****   \param [in]    ptr  Pointer to location
 921:Drivers/CMSIS/Include/cmsis_gcc.h ****   \return          0  Function succeeded
 922:Drivers/CMSIS/Include/cmsis_gcc.h ****   \return          1  Function failed
 923:Drivers/CMSIS/Include/cmsis_gcc.h ****  */
 924:Drivers/CMSIS/Include/cmsis_gcc.h **** __STATIC_FORCEINLINE uint32_t __STLEX(uint32_t value, volatile uint32_t *ptr)
 925:Drivers/CMSIS/Include/cmsis_gcc.h **** {
 926:Drivers/CMSIS/Include/cmsis_gcc.h ****    uint32_t result;
 927:Drivers/CMSIS/Include/cmsis_gcc.h **** 
 928:Drivers/CMSIS/Include/cmsis_gcc.h ****    __ASM volatile ("stlex %0, %2, %1" : "=&r" (result), "=Q" (*ptr) : "r" ((uint32_t)value) : "memo
 929:Drivers/CMSIS/Include/cmsis_gcc.h ****    return(result);
 930:Drivers/CMSIS/Include/cmsis_gcc.h **** }
 931:Drivers/CMSIS/Include/cmsis_gcc.h **** 
 932:Drivers/CMSIS/Include/cmsis_gcc.h **** #endif /* ((defined (__ARM_ARCH_8M_MAIN__ ) && (__ARM_ARCH_8M_MAIN__ == 1)) || \
 933:Drivers/CMSIS/Include/cmsis_gcc.h ****            (defined (__ARM_ARCH_8M_BASE__ ) && (__ARM_ARCH_8M_BASE__ == 1))    ) */
 934:Drivers/CMSIS/Include/cmsis_gcc.h **** 
 935:Drivers/CMSIS/Include/cmsis_gcc.h **** /*@}*/ /* end of group CMSIS_Core_InstructionInterface */
 936:Drivers/CMSIS/Include/cmsis_gcc.h **** 
 937:Drivers/CMSIS/Include/cmsis_gcc.h **** 
 938:Drivers/CMSIS/Include/cmsis_gcc.h **** /* ###########################  Core Function Access  ########################### */
 939:Drivers/CMSIS/Include/cmsis_gcc.h **** /** \ingroup  CMSIS_Core_FunctionInterface
 940:Drivers/CMSIS/Include/cmsis_gcc.h ****     \defgroup CMSIS_Core_RegAccFunctions CMSIS Core Register Access Functions
 941:Drivers/CMSIS/Include/cmsis_gcc.h ****   @{
 942:Drivers/CMSIS/Include/cmsis_gcc.h ****  */
 943:Drivers/CMSIS/Include/cmsis_gcc.h **** 
 944:Drivers/CMSIS/Include/cmsis_gcc.h **** /**
 945:Drivers/CMSIS/Include/cmsis_gcc.h ****   \brief   Enable IRQ Interrupts
 946:Drivers/CMSIS/Include/cmsis_gcc.h ****   \details Enables IRQ interrupts by clearing special-purpose register PRIMASK.
 947:Drivers/CMSIS/Include/cmsis_gcc.h ****            Can only be executed in Privileged modes.
 948:Drivers/CMSIS/Include/cmsis_gcc.h ****  */
 949:Drivers/CMSIS/Include/cmsis_gcc.h **** __STATIC_FORCEINLINE void __enable_irq(void)
 950:Drivers/CMSIS/Include/cmsis_gcc.h **** {
 951:Drivers/CMSIS/Include/cmsis_gcc.h ****   __ASM volatile ("cpsie i" : : : "memory");
 952:Drivers/CMSIS/Include/cmsis_gcc.h **** }
 953:Drivers/CMSIS/Include/cmsis_gcc.h **** 
 954:Drivers/CMSIS/Include/cmsis_gcc.h **** 
 955:Drivers/CMSIS/Include/cmsis_gcc.h **** /**
 956:Drivers/CMSIS/Include/cmsis_gcc.h ****   \brief   Disable IRQ Interrupts
 957:Drivers/CMSIS/Include/cmsis_gcc.h ****   \details Disables IRQ interrupts by setting special-purpose register PRIMASK.
 958:Drivers/CMSIS/Include/cmsis_gcc.h ****            Can only be executed in Privileged modes.
 959:Drivers/CMSIS/Include/cmsis_gcc.h ****  */
 960:Drivers/CMSIS/Include/cmsis_gcc.h **** __STATIC_FORCEINLINE void __disable_irq(void)
 775              		.loc 3 960 27 view .LVU150
 776              	.LBB20:
 961:Drivers/CMSIS/Include/cmsis_gcc.h **** {
ARM GAS  /var/folders/_n/tsb0ql0x2w94bsblh62rdcfr0000gn/T//cceS2NYb.s 			page 76


 962:Drivers/CMSIS/Include/cmsis_gcc.h ****   __ASM volatile ("cpsid i" : : : "memory");
 777              		.loc 3 962 3 view .LVU151
 778              		.syntax unified
 779              	@ 962 "Drivers/CMSIS/Include/cmsis_gcc.h" 1
 780 0000 72B6     		cpsid i
 781              	@ 0 "" 2
 782              		.thumb
 783              		.syntax unified
 784              	.L49:
 785              	.LBE20:
 786              	.LBE19:
 505:Core/Src/main.c ****   while (1)
 787              		.loc 1 505 3 view .LVU152
 506:Core/Src/main.c ****   {
 507:Core/Src/main.c ****   }
 788              		.loc 1 507 3 view .LVU153
 505:Core/Src/main.c ****   while (1)
 789              		.loc 1 505 9 view .LVU154
 790 0002 FEE7     		b	.L49
 791              		.cfi_endproc
 792              	.LFE255:
 794              		.section	.text.MX_USART2_UART_Init,"ax",%progbits
 795              		.align	1
 796              		.syntax unified
 797              		.thumb
 798              		.thumb_func
 800              	MX_USART2_UART_Init:
 801              	.LFB252:
 413:Core/Src/main.c **** 
 802              		.loc 1 413 1 view -0
 803              		.cfi_startproc
 804              		@ args = 0, pretend = 0, frame = 0
 805              		@ frame_needed = 0, uses_anonymous_args = 0
 806 0000 08B5     		push	{r3, lr}
 807              		.cfi_def_cfa_offset 8
 808              		.cfi_offset 3, -8
 809              		.cfi_offset 14, -4
 422:Core/Src/main.c ****   huart2.Init.BaudRate = 115200;
 810              		.loc 1 422 3 view .LVU156
 422:Core/Src/main.c ****   huart2.Init.BaudRate = 115200;
 811              		.loc 1 422 19 is_stmt 0 view .LVU157
 812 0002 0A48     		ldr	r0, .L54
 813 0004 0A4B     		ldr	r3, .L54+4
 814 0006 0360     		str	r3, [r0]
 423:Core/Src/main.c ****   huart2.Init.WordLength = UART_WORDLENGTH_8B;
 815              		.loc 1 423 3 is_stmt 1 view .LVU158
 423:Core/Src/main.c ****   huart2.Init.WordLength = UART_WORDLENGTH_8B;
 816              		.loc 1 423 24 is_stmt 0 view .LVU159
 817 0008 4FF4E133 		mov	r3, #115200
 818 000c 4360     		str	r3, [r0, #4]
 424:Core/Src/main.c ****   huart2.Init.StopBits = UART_STOPBITS_1;
 819              		.loc 1 424 3 is_stmt 1 view .LVU160
 424:Core/Src/main.c ****   huart2.Init.StopBits = UART_STOPBITS_1;
 820              		.loc 1 424 26 is_stmt 0 view .LVU161
 821 000e 0023     		movs	r3, #0
 822 0010 8360     		str	r3, [r0, #8]
 425:Core/Src/main.c ****   huart2.Init.Parity = UART_PARITY_NONE;
ARM GAS  /var/folders/_n/tsb0ql0x2w94bsblh62rdcfr0000gn/T//cceS2NYb.s 			page 77


 823              		.loc 1 425 3 is_stmt 1 view .LVU162
 425:Core/Src/main.c ****   huart2.Init.Parity = UART_PARITY_NONE;
 824              		.loc 1 425 24 is_stmt 0 view .LVU163
 825 0012 C360     		str	r3, [r0, #12]
 426:Core/Src/main.c ****   huart2.Init.Mode = UART_MODE_TX_RX;
 826              		.loc 1 426 3 is_stmt 1 view .LVU164
 426:Core/Src/main.c ****   huart2.Init.Mode = UART_MODE_TX_RX;
 827              		.loc 1 426 22 is_stmt 0 view .LVU165
 828 0014 0361     		str	r3, [r0, #16]
 427:Core/Src/main.c ****   huart2.Init.HwFlowCtl = UART_HWCONTROL_NONE;
 829              		.loc 1 427 3 is_stmt 1 view .LVU166
 427:Core/Src/main.c ****   huart2.Init.HwFlowCtl = UART_HWCONTROL_NONE;
 830              		.loc 1 427 20 is_stmt 0 view .LVU167
 831 0016 0C22     		movs	r2, #12
 832 0018 4261     		str	r2, [r0, #20]
 428:Core/Src/main.c ****   huart2.Init.OverSampling = UART_OVERSAMPLING_16;
 833              		.loc 1 428 3 is_stmt 1 view .LVU168
 428:Core/Src/main.c ****   huart2.Init.OverSampling = UART_OVERSAMPLING_16;
 834              		.loc 1 428 25 is_stmt 0 view .LVU169
 835 001a 8361     		str	r3, [r0, #24]
 429:Core/Src/main.c ****   if (HAL_UART_Init(&huart2) != HAL_OK)
 836              		.loc 1 429 3 is_stmt 1 view .LVU170
 429:Core/Src/main.c ****   if (HAL_UART_Init(&huart2) != HAL_OK)
 837              		.loc 1 429 28 is_stmt 0 view .LVU171
 838 001c C361     		str	r3, [r0, #28]
 430:Core/Src/main.c ****   {
 839              		.loc 1 430 3 is_stmt 1 view .LVU172
 430:Core/Src/main.c ****   {
 840              		.loc 1 430 7 is_stmt 0 view .LVU173
 841 001e FFF7FEFF 		bl	HAL_UART_Init
 842              	.LVL37:
 430:Core/Src/main.c ****   {
 843              		.loc 1 430 6 discriminator 1 view .LVU174
 844 0022 00B9     		cbnz	r0, .L53
 438:Core/Src/main.c **** 
 845              		.loc 1 438 1 view .LVU175
 846 0024 08BD     		pop	{r3, pc}
 847              	.L53:
 432:Core/Src/main.c ****   }
 848              		.loc 1 432 5 is_stmt 1 view .LVU176
 849 0026 FFF7FEFF 		bl	Error_Handler
 850              	.LVL38:
 851              	.L55:
 852 002a 00BF     		.align	2
 853              	.L54:
 854 002c 00000000 		.word	huart2
 855 0030 00440040 		.word	1073759232
 856              		.cfi_endproc
 857              	.LFE252:
 859              		.section	.text.MX_ADC1_Init,"ax",%progbits
 860              		.align	1
 861              		.syntax unified
 862              		.thumb
 863              		.thumb_func
 865              	MX_ADC1_Init:
 866              	.LFB250:
 302:Core/Src/main.c **** 
ARM GAS  /var/folders/_n/tsb0ql0x2w94bsblh62rdcfr0000gn/T//cceS2NYb.s 			page 78


 867              		.loc 1 302 1 view -0
 868              		.cfi_startproc
 869              		@ args = 0, pretend = 0, frame = 16
 870              		@ frame_needed = 0, uses_anonymous_args = 0
 871 0000 00B5     		push	{lr}
 872              		.cfi_def_cfa_offset 4
 873              		.cfi_offset 14, -4
 874 0002 85B0     		sub	sp, sp, #20
 875              		.cfi_def_cfa_offset 24
 308:Core/Src/main.c **** 
 876              		.loc 1 308 3 view .LVU178
 308:Core/Src/main.c **** 
 877              		.loc 1 308 26 is_stmt 0 view .LVU179
 878 0004 0023     		movs	r3, #0
 879 0006 0093     		str	r3, [sp]
 880 0008 0193     		str	r3, [sp, #4]
 881 000a 0293     		str	r3, [sp, #8]
 882 000c 0393     		str	r3, [sp, #12]
 316:Core/Src/main.c ****   hadc1.Init.ClockPrescaler = ADC_CLOCK_SYNC_PCLK_DIV4;
 883              		.loc 1 316 3 is_stmt 1 view .LVU180
 316:Core/Src/main.c ****   hadc1.Init.ClockPrescaler = ADC_CLOCK_SYNC_PCLK_DIV4;
 884              		.loc 1 316 18 is_stmt 0 view .LVU181
 885 000e 1448     		ldr	r0, .L62
 886 0010 144A     		ldr	r2, .L62+4
 887 0012 0260     		str	r2, [r0]
 317:Core/Src/main.c ****   hadc1.Init.Resolution = ADC_RESOLUTION_12B;
 888              		.loc 1 317 3 is_stmt 1 view .LVU182
 317:Core/Src/main.c ****   hadc1.Init.Resolution = ADC_RESOLUTION_12B;
 889              		.loc 1 317 29 is_stmt 0 view .LVU183
 890 0014 4FF48032 		mov	r2, #65536
 891 0018 4260     		str	r2, [r0, #4]
 318:Core/Src/main.c ****   hadc1.Init.ScanConvMode = DISABLE;
 892              		.loc 1 318 3 is_stmt 1 view .LVU184
 318:Core/Src/main.c ****   hadc1.Init.ScanConvMode = DISABLE;
 893              		.loc 1 318 25 is_stmt 0 view .LVU185
 894 001a 8360     		str	r3, [r0, #8]
 319:Core/Src/main.c ****   hadc1.Init.ContinuousConvMode = DISABLE;
 895              		.loc 1 319 3 is_stmt 1 view .LVU186
 319:Core/Src/main.c ****   hadc1.Init.ContinuousConvMode = DISABLE;
 896              		.loc 1 319 27 is_stmt 0 view .LVU187
 897 001c 0361     		str	r3, [r0, #16]
 320:Core/Src/main.c ****   hadc1.Init.DiscontinuousConvMode = DISABLE;
 898              		.loc 1 320 3 is_stmt 1 view .LVU188
 320:Core/Src/main.c ****   hadc1.Init.DiscontinuousConvMode = DISABLE;
 899              		.loc 1 320 33 is_stmt 0 view .LVU189
 900 001e 0376     		strb	r3, [r0, #24]
 321:Core/Src/main.c ****   hadc1.Init.ExternalTrigConvEdge = ADC_EXTERNALTRIGCONVEDGE_NONE;
 901              		.loc 1 321 3 is_stmt 1 view .LVU190
 321:Core/Src/main.c ****   hadc1.Init.ExternalTrigConvEdge = ADC_EXTERNALTRIGCONVEDGE_NONE;
 902              		.loc 1 321 36 is_stmt 0 view .LVU191
 903 0020 80F82030 		strb	r3, [r0, #32]
 322:Core/Src/main.c ****   hadc1.Init.ExternalTrigConv = ADC_SOFTWARE_START;
 904              		.loc 1 322 3 is_stmt 1 view .LVU192
 322:Core/Src/main.c ****   hadc1.Init.ExternalTrigConv = ADC_SOFTWARE_START;
 905              		.loc 1 322 35 is_stmt 0 view .LVU193
 906 0024 C362     		str	r3, [r0, #44]
 323:Core/Src/main.c ****   hadc1.Init.DataAlign = ADC_DATAALIGN_RIGHT;
ARM GAS  /var/folders/_n/tsb0ql0x2w94bsblh62rdcfr0000gn/T//cceS2NYb.s 			page 79


 907              		.loc 1 323 3 is_stmt 1 view .LVU194
 323:Core/Src/main.c ****   hadc1.Init.DataAlign = ADC_DATAALIGN_RIGHT;
 908              		.loc 1 323 31 is_stmt 0 view .LVU195
 909 0026 104A     		ldr	r2, .L62+8
 910 0028 8262     		str	r2, [r0, #40]
 324:Core/Src/main.c ****   hadc1.Init.NbrOfConversion = 1;
 911              		.loc 1 324 3 is_stmt 1 view .LVU196
 324:Core/Src/main.c ****   hadc1.Init.NbrOfConversion = 1;
 912              		.loc 1 324 24 is_stmt 0 view .LVU197
 913 002a C360     		str	r3, [r0, #12]
 325:Core/Src/main.c ****   hadc1.Init.DMAContinuousRequests = DISABLE;
 914              		.loc 1 325 3 is_stmt 1 view .LVU198
 325:Core/Src/main.c ****   hadc1.Init.DMAContinuousRequests = DISABLE;
 915              		.loc 1 325 30 is_stmt 0 view .LVU199
 916 002c 0122     		movs	r2, #1
 917 002e C261     		str	r2, [r0, #28]
 326:Core/Src/main.c ****   hadc1.Init.EOCSelection = ADC_EOC_SINGLE_CONV;
 918              		.loc 1 326 3 is_stmt 1 view .LVU200
 326:Core/Src/main.c ****   hadc1.Init.EOCSelection = ADC_EOC_SINGLE_CONV;
 919              		.loc 1 326 36 is_stmt 0 view .LVU201
 920 0030 80F83030 		strb	r3, [r0, #48]
 327:Core/Src/main.c ****   if (HAL_ADC_Init(&hadc1) != HAL_OK)
 921              		.loc 1 327 3 is_stmt 1 view .LVU202
 327:Core/Src/main.c ****   if (HAL_ADC_Init(&hadc1) != HAL_OK)
 922              		.loc 1 327 27 is_stmt 0 view .LVU203
 923 0034 4261     		str	r2, [r0, #20]
 328:Core/Src/main.c ****   {
 924              		.loc 1 328 3 is_stmt 1 view .LVU204
 328:Core/Src/main.c ****   {
 925              		.loc 1 328 7 is_stmt 0 view .LVU205
 926 0036 FFF7FEFF 		bl	HAL_ADC_Init
 927              	.LVL39:
 328:Core/Src/main.c ****   {
 928              		.loc 1 328 6 discriminator 1 view .LVU206
 929 003a 60B9     		cbnz	r0, .L60
 335:Core/Src/main.c ****   sConfig.Rank = 1;
 930              		.loc 1 335 3 is_stmt 1 view .LVU207
 335:Core/Src/main.c ****   sConfig.Rank = 1;
 931              		.loc 1 335 19 is_stmt 0 view .LVU208
 932 003c 0023     		movs	r3, #0
 933 003e 0093     		str	r3, [sp]
 336:Core/Src/main.c ****   sConfig.SamplingTime = ADC_SAMPLETIME_3CYCLES;
 934              		.loc 1 336 3 is_stmt 1 view .LVU209
 336:Core/Src/main.c ****   sConfig.SamplingTime = ADC_SAMPLETIME_3CYCLES;
 935              		.loc 1 336 16 is_stmt 0 view .LVU210
 936 0040 0122     		movs	r2, #1
 937 0042 0192     		str	r2, [sp, #4]
 337:Core/Src/main.c ****   if (HAL_ADC_ConfigChannel(&hadc1, &sConfig) != HAL_OK)
 938              		.loc 1 337 3 is_stmt 1 view .LVU211
 337:Core/Src/main.c ****   if (HAL_ADC_ConfigChannel(&hadc1, &sConfig) != HAL_OK)
 939              		.loc 1 337 24 is_stmt 0 view .LVU212
 940 0044 0293     		str	r3, [sp, #8]
 338:Core/Src/main.c ****   {
 941              		.loc 1 338 3 is_stmt 1 view .LVU213
 338:Core/Src/main.c ****   {
 942              		.loc 1 338 7 is_stmt 0 view .LVU214
 943 0046 6946     		mov	r1, sp
ARM GAS  /var/folders/_n/tsb0ql0x2w94bsblh62rdcfr0000gn/T//cceS2NYb.s 			page 80


 944 0048 0548     		ldr	r0, .L62
 945 004a FFF7FEFF 		bl	HAL_ADC_ConfigChannel
 946              	.LVL40:
 338:Core/Src/main.c ****   {
 947              		.loc 1 338 6 discriminator 1 view .LVU215
 948 004e 20B9     		cbnz	r0, .L61
 346:Core/Src/main.c **** 
 949              		.loc 1 346 1 view .LVU216
 950 0050 05B0     		add	sp, sp, #20
 951              		.cfi_remember_state
 952              		.cfi_def_cfa_offset 4
 953              		@ sp needed
 954 0052 5DF804FB 		ldr	pc, [sp], #4
 955              	.L60:
 956              		.cfi_restore_state
 330:Core/Src/main.c ****   }
 957              		.loc 1 330 5 is_stmt 1 view .LVU217
 958 0056 FFF7FEFF 		bl	Error_Handler
 959              	.LVL41:
 960              	.L61:
 340:Core/Src/main.c ****   }
 961              		.loc 1 340 5 view .LVU218
 962 005a FFF7FEFF 		bl	Error_Handler
 963              	.LVL42:
 964              	.L63:
 965 005e 00BF     		.align	2
 966              	.L62:
 967 0060 00000000 		.word	hadc1
 968 0064 00200140 		.word	1073815552
 969 0068 0100000F 		.word	251658241
 970              		.cfi_endproc
 971              	.LFE250:
 973              		.section	.text.MX_TIM2_Init,"ax",%progbits
 974              		.align	1
 975              		.syntax unified
 976              		.thumb
 977              		.thumb_func
 979              	MX_TIM2_Init:
 980              	.LFB251:
 354:Core/Src/main.c **** 
 981              		.loc 1 354 1 view -0
 982              		.cfi_startproc
 983              		@ args = 0, pretend = 0, frame = 56
 984              		@ frame_needed = 0, uses_anonymous_args = 0
 985 0000 10B5     		push	{r4, lr}
 986              		.cfi_def_cfa_offset 8
 987              		.cfi_offset 4, -8
 988              		.cfi_offset 14, -4
 989 0002 8EB0     		sub	sp, sp, #56
 990              		.cfi_def_cfa_offset 64
 360:Core/Src/main.c ****   TIM_MasterConfigTypeDef sMasterConfig = {0};
 991              		.loc 1 360 3 view .LVU220
 360:Core/Src/main.c ****   TIM_MasterConfigTypeDef sMasterConfig = {0};
 992              		.loc 1 360 26 is_stmt 0 view .LVU221
 993 0004 0023     		movs	r3, #0
 994 0006 0A93     		str	r3, [sp, #40]
 995 0008 0B93     		str	r3, [sp, #44]
ARM GAS  /var/folders/_n/tsb0ql0x2w94bsblh62rdcfr0000gn/T//cceS2NYb.s 			page 81


 996 000a 0C93     		str	r3, [sp, #48]
 997 000c 0D93     		str	r3, [sp, #52]
 361:Core/Src/main.c ****   TIM_OC_InitTypeDef sConfigOC = {0};
 998              		.loc 1 361 3 is_stmt 1 view .LVU222
 361:Core/Src/main.c ****   TIM_OC_InitTypeDef sConfigOC = {0};
 999              		.loc 1 361 27 is_stmt 0 view .LVU223
 1000 000e 0893     		str	r3, [sp, #32]
 1001 0010 0993     		str	r3, [sp, #36]
 362:Core/Src/main.c **** 
 1002              		.loc 1 362 3 is_stmt 1 view .LVU224
 362:Core/Src/main.c **** 
 1003              		.loc 1 362 22 is_stmt 0 view .LVU225
 1004 0012 0193     		str	r3, [sp, #4]
 1005 0014 0293     		str	r3, [sp, #8]
 1006 0016 0393     		str	r3, [sp, #12]
 1007 0018 0493     		str	r3, [sp, #16]
 1008 001a 0593     		str	r3, [sp, #20]
 1009 001c 0693     		str	r3, [sp, #24]
 1010 001e 0793     		str	r3, [sp, #28]
 367:Core/Src/main.c ****   htim2.Init.Prescaler = 999;
 1011              		.loc 1 367 3 is_stmt 1 view .LVU226
 367:Core/Src/main.c ****   htim2.Init.Prescaler = 999;
 1012              		.loc 1 367 18 is_stmt 0 view .LVU227
 1013 0020 2048     		ldr	r0, .L76
 1014 0022 4FF08042 		mov	r2, #1073741824
 1015 0026 0260     		str	r2, [r0]
 368:Core/Src/main.c ****   htim2.Init.CounterMode = TIM_COUNTERMODE_UP;
 1016              		.loc 1 368 3 is_stmt 1 view .LVU228
 368:Core/Src/main.c ****   htim2.Init.CounterMode = TIM_COUNTERMODE_UP;
 1017              		.loc 1 368 24 is_stmt 0 view .LVU229
 1018 0028 40F2E732 		movw	r2, #999
 1019 002c 4260     		str	r2, [r0, #4]
 369:Core/Src/main.c ****   htim2.Init.Period = 65535;
 1020              		.loc 1 369 3 is_stmt 1 view .LVU230
 369:Core/Src/main.c ****   htim2.Init.Period = 65535;
 1021              		.loc 1 369 26 is_stmt 0 view .LVU231
 1022 002e 8360     		str	r3, [r0, #8]
 370:Core/Src/main.c ****   htim2.Init.ClockDivision = TIM_CLOCKDIVISION_DIV1;
 1023              		.loc 1 370 3 is_stmt 1 view .LVU232
 370:Core/Src/main.c ****   htim2.Init.ClockDivision = TIM_CLOCKDIVISION_DIV1;
 1024              		.loc 1 370 21 is_stmt 0 view .LVU233
 1025 0030 4FF6FF72 		movw	r2, #65535
 1026 0034 C260     		str	r2, [r0, #12]
 371:Core/Src/main.c ****   htim2.Init.AutoReloadPreload = TIM_AUTORELOAD_PRELOAD_DISABLE;
 1027              		.loc 1 371 3 is_stmt 1 view .LVU234
 371:Core/Src/main.c ****   htim2.Init.AutoReloadPreload = TIM_AUTORELOAD_PRELOAD_DISABLE;
 1028              		.loc 1 371 28 is_stmt 0 view .LVU235
 1029 0036 0361     		str	r3, [r0, #16]
 372:Core/Src/main.c ****   if (HAL_TIM_Base_Init(&htim2) != HAL_OK)
 1030              		.loc 1 372 3 is_stmt 1 view .LVU236
 372:Core/Src/main.c ****   if (HAL_TIM_Base_Init(&htim2) != HAL_OK)
 1031              		.loc 1 372 32 is_stmt 0 view .LVU237
 1032 0038 8361     		str	r3, [r0, #24]
 373:Core/Src/main.c ****   {
 1033              		.loc 1 373 3 is_stmt 1 view .LVU238
 373:Core/Src/main.c ****   {
 1034              		.loc 1 373 7 is_stmt 0 view .LVU239
ARM GAS  /var/folders/_n/tsb0ql0x2w94bsblh62rdcfr0000gn/T//cceS2NYb.s 			page 82


 1035 003a FFF7FEFF 		bl	HAL_TIM_Base_Init
 1036              	.LVL43:
 373:Core/Src/main.c ****   {
 1037              		.loc 1 373 6 discriminator 1 view .LVU240
 1038 003e 38BB     		cbnz	r0, .L71
 377:Core/Src/main.c ****   if (HAL_TIM_ConfigClockSource(&htim2, &sClockSourceConfig) != HAL_OK)
 1039              		.loc 1 377 3 is_stmt 1 view .LVU241
 377:Core/Src/main.c ****   if (HAL_TIM_ConfigClockSource(&htim2, &sClockSourceConfig) != HAL_OK)
 1040              		.loc 1 377 34 is_stmt 0 view .LVU242
 1041 0040 4FF48053 		mov	r3, #4096
 1042 0044 0A93     		str	r3, [sp, #40]
 378:Core/Src/main.c ****   {
 1043              		.loc 1 378 3 is_stmt 1 view .LVU243
 378:Core/Src/main.c ****   {
 1044              		.loc 1 378 7 is_stmt 0 view .LVU244
 1045 0046 0AA9     		add	r1, sp, #40
 1046 0048 1648     		ldr	r0, .L76
 1047 004a FFF7FEFF 		bl	HAL_TIM_ConfigClockSource
 1048              	.LVL44:
 378:Core/Src/main.c ****   {
 1049              		.loc 1 378 6 discriminator 1 view .LVU245
 1050 004e 08BB     		cbnz	r0, .L72
 382:Core/Src/main.c ****   {
 1051              		.loc 1 382 3 is_stmt 1 view .LVU246
 382:Core/Src/main.c ****   {
 1052              		.loc 1 382 7 is_stmt 0 view .LVU247
 1053 0050 1448     		ldr	r0, .L76
 1054 0052 FFF7FEFF 		bl	HAL_TIM_PWM_Init
 1055              	.LVL45:
 382:Core/Src/main.c ****   {
 1056              		.loc 1 382 6 discriminator 1 view .LVU248
 1057 0056 F8B9     		cbnz	r0, .L73
 386:Core/Src/main.c ****   sMasterConfig.MasterSlaveMode = TIM_MASTERSLAVEMODE_DISABLE;
 1058              		.loc 1 386 3 is_stmt 1 view .LVU249
 386:Core/Src/main.c ****   sMasterConfig.MasterSlaveMode = TIM_MASTERSLAVEMODE_DISABLE;
 1059              		.loc 1 386 37 is_stmt 0 view .LVU250
 1060 0058 0023     		movs	r3, #0
 1061 005a 0893     		str	r3, [sp, #32]
 387:Core/Src/main.c ****   if (HAL_TIMEx_MasterConfigSynchronization(&htim2, &sMasterConfig) != HAL_OK)
 1062              		.loc 1 387 3 is_stmt 1 view .LVU251
 387:Core/Src/main.c ****   if (HAL_TIMEx_MasterConfigSynchronization(&htim2, &sMasterConfig) != HAL_OK)
 1063              		.loc 1 387 33 is_stmt 0 view .LVU252
 1064 005c 0993     		str	r3, [sp, #36]
 388:Core/Src/main.c ****   {
 1065              		.loc 1 388 3 is_stmt 1 view .LVU253
 388:Core/Src/main.c ****   {
 1066              		.loc 1 388 7 is_stmt 0 view .LVU254
 1067 005e 08A9     		add	r1, sp, #32
 1068 0060 1048     		ldr	r0, .L76
 1069 0062 FFF7FEFF 		bl	HAL_TIMEx_MasterConfigSynchronization
 1070              	.LVL46:
 388:Core/Src/main.c ****   {
 1071              		.loc 1 388 6 discriminator 1 view .LVU255
 1072 0066 C8B9     		cbnz	r0, .L74
 392:Core/Src/main.c ****   sConfigOC.Pulse = 0;
 1073              		.loc 1 392 3 is_stmt 1 view .LVU256
 392:Core/Src/main.c ****   sConfigOC.Pulse = 0;
ARM GAS  /var/folders/_n/tsb0ql0x2w94bsblh62rdcfr0000gn/T//cceS2NYb.s 			page 83


 1074              		.loc 1 392 20 is_stmt 0 view .LVU257
 1075 0068 6023     		movs	r3, #96
 1076 006a 0193     		str	r3, [sp, #4]
 393:Core/Src/main.c ****   sConfigOC.OCPolarity = TIM_OCPOLARITY_HIGH;
 1077              		.loc 1 393 3 is_stmt 1 view .LVU258
 393:Core/Src/main.c ****   sConfigOC.OCPolarity = TIM_OCPOLARITY_HIGH;
 1078              		.loc 1 393 19 is_stmt 0 view .LVU259
 1079 006c 0022     		movs	r2, #0
 1080 006e 0292     		str	r2, [sp, #8]
 394:Core/Src/main.c ****   sConfigOC.OCFastMode = TIM_OCFAST_DISABLE;
 1081              		.loc 1 394 3 is_stmt 1 view .LVU260
 394:Core/Src/main.c ****   sConfigOC.OCFastMode = TIM_OCFAST_DISABLE;
 1082              		.loc 1 394 24 is_stmt 0 view .LVU261
 1083 0070 0392     		str	r2, [sp, #12]
 395:Core/Src/main.c ****   if (HAL_TIM_PWM_ConfigChannel(&htim2, &sConfigOC, TIM_CHANNEL_1) != HAL_OK)
 1084              		.loc 1 395 3 is_stmt 1 view .LVU262
 395:Core/Src/main.c ****   if (HAL_TIM_PWM_ConfigChannel(&htim2, &sConfigOC, TIM_CHANNEL_1) != HAL_OK)
 1085              		.loc 1 395 24 is_stmt 0 view .LVU263
 1086 0072 0592     		str	r2, [sp, #20]
 396:Core/Src/main.c ****   {
 1087              		.loc 1 396 3 is_stmt 1 view .LVU264
 396:Core/Src/main.c ****   {
 1088              		.loc 1 396 7 is_stmt 0 view .LVU265
 1089 0074 01A9     		add	r1, sp, #4
 1090 0076 0B48     		ldr	r0, .L76
 1091 0078 FFF7FEFF 		bl	HAL_TIM_PWM_ConfigChannel
 1092              	.LVL47:
 396:Core/Src/main.c ****   {
 1093              		.loc 1 396 6 discriminator 1 view .LVU266
 1094 007c 80B9     		cbnz	r0, .L75
 401:Core/Src/main.c ****   /* USER CODE END TIM2_Init 2 */
 1095              		.loc 1 401 3 is_stmt 1 view .LVU267
 1096 007e 094C     		ldr	r4, .L76
 1097 0080 2046     		mov	r0, r4
 1098 0082 FFF7FEFF 		bl	HAL_TIM_Base_Start
 1099              	.LVL48:
 403:Core/Src/main.c **** 
 1100              		.loc 1 403 3 view .LVU268
 1101 0086 2046     		mov	r0, r4
 1102 0088 FFF7FEFF 		bl	HAL_TIM_MspPostInit
 1103              	.LVL49:
 405:Core/Src/main.c **** 
 1104              		.loc 1 405 1 is_stmt 0 view .LVU269
 1105 008c 0EB0     		add	sp, sp, #56
 1106              		.cfi_remember_state
 1107              		.cfi_def_cfa_offset 8
 1108              		@ sp needed
 1109 008e 10BD     		pop	{r4, pc}
 1110              	.L71:
 1111              		.cfi_restore_state
 375:Core/Src/main.c ****   }
 1112              		.loc 1 375 5 is_stmt 1 view .LVU270
 1113 0090 FFF7FEFF 		bl	Error_Handler
 1114              	.LVL50:
 1115              	.L72:
 380:Core/Src/main.c ****   }
 1116              		.loc 1 380 5 view .LVU271
ARM GAS  /var/folders/_n/tsb0ql0x2w94bsblh62rdcfr0000gn/T//cceS2NYb.s 			page 84


 1117 0094 FFF7FEFF 		bl	Error_Handler
 1118              	.LVL51:
 1119              	.L73:
 384:Core/Src/main.c ****   }
 1120              		.loc 1 384 5 view .LVU272
 1121 0098 FFF7FEFF 		bl	Error_Handler
 1122              	.LVL52:
 1123              	.L74:
 390:Core/Src/main.c ****   }
 1124              		.loc 1 390 5 view .LVU273
 1125 009c FFF7FEFF 		bl	Error_Handler
 1126              	.LVL53:
 1127              	.L75:
 398:Core/Src/main.c ****   }
 1128              		.loc 1 398 5 view .LVU274
 1129 00a0 FFF7FEFF 		bl	Error_Handler
 1130              	.LVL54:
 1131              	.L77:
 1132              		.align	2
 1133              	.L76:
 1134 00a4 00000000 		.word	htim2
 1135              		.cfi_endproc
 1136              	.LFE251:
 1138              		.section	.text.SystemClock_Config,"ax",%progbits
 1139              		.align	1
 1140              		.global	SystemClock_Config
 1141              		.syntax unified
 1142              		.thumb
 1143              		.thumb_func
 1145              	SystemClock_Config:
 1146              	.LFB249:
 248:Core/Src/main.c ****   RCC_OscInitTypeDef RCC_OscInitStruct = {0};
 1147              		.loc 1 248 1 view -0
 1148              		.cfi_startproc
 1149              		@ args = 0, pretend = 0, frame = 80
 1150              		@ frame_needed = 0, uses_anonymous_args = 0
 1151 0000 00B5     		push	{lr}
 1152              		.cfi_def_cfa_offset 4
 1153              		.cfi_offset 14, -4
 1154 0002 95B0     		sub	sp, sp, #84
 1155              		.cfi_def_cfa_offset 88
 249:Core/Src/main.c ****   RCC_ClkInitTypeDef RCC_ClkInitStruct = {0};
 1156              		.loc 1 249 3 view .LVU276
 249:Core/Src/main.c ****   RCC_ClkInitTypeDef RCC_ClkInitStruct = {0};
 1157              		.loc 1 249 22 is_stmt 0 view .LVU277
 1158 0004 3422     		movs	r2, #52
 1159 0006 0021     		movs	r1, #0
 1160 0008 07A8     		add	r0, sp, #28
 1161 000a FFF7FEFF 		bl	memset
 1162              	.LVL55:
 250:Core/Src/main.c **** 
 1163              		.loc 1 250 3 is_stmt 1 view .LVU278
 250:Core/Src/main.c **** 
 1164              		.loc 1 250 22 is_stmt 0 view .LVU279
 1165 000e 0023     		movs	r3, #0
 1166 0010 0293     		str	r3, [sp, #8]
 1167 0012 0393     		str	r3, [sp, #12]
ARM GAS  /var/folders/_n/tsb0ql0x2w94bsblh62rdcfr0000gn/T//cceS2NYb.s 			page 85


 1168 0014 0493     		str	r3, [sp, #16]
 1169 0016 0593     		str	r3, [sp, #20]
 1170 0018 0693     		str	r3, [sp, #24]
 254:Core/Src/main.c ****   __HAL_PWR_VOLTAGESCALING_CONFIG(PWR_REGULATOR_VOLTAGE_SCALE1);
 1171              		.loc 1 254 3 is_stmt 1 view .LVU280
 1172              	.LBB21:
 254:Core/Src/main.c ****   __HAL_PWR_VOLTAGESCALING_CONFIG(PWR_REGULATOR_VOLTAGE_SCALE1);
 1173              		.loc 1 254 3 view .LVU281
 1174 001a 0093     		str	r3, [sp]
 254:Core/Src/main.c ****   __HAL_PWR_VOLTAGESCALING_CONFIG(PWR_REGULATOR_VOLTAGE_SCALE1);
 1175              		.loc 1 254 3 view .LVU282
 1176 001c 234A     		ldr	r2, .L86
 1177 001e 116C     		ldr	r1, [r2, #64]
 1178 0020 41F08051 		orr	r1, r1, #268435456
 1179 0024 1164     		str	r1, [r2, #64]
 254:Core/Src/main.c ****   __HAL_PWR_VOLTAGESCALING_CONFIG(PWR_REGULATOR_VOLTAGE_SCALE1);
 1180              		.loc 1 254 3 view .LVU283
 1181 0026 126C     		ldr	r2, [r2, #64]
 1182 0028 02F08052 		and	r2, r2, #268435456
 1183 002c 0092     		str	r2, [sp]
 254:Core/Src/main.c ****   __HAL_PWR_VOLTAGESCALING_CONFIG(PWR_REGULATOR_VOLTAGE_SCALE1);
 1184              		.loc 1 254 3 view .LVU284
 1185 002e 009A     		ldr	r2, [sp]
 1186              	.LBE21:
 254:Core/Src/main.c ****   __HAL_PWR_VOLTAGESCALING_CONFIG(PWR_REGULATOR_VOLTAGE_SCALE1);
 1187              		.loc 1 254 3 view .LVU285
 255:Core/Src/main.c **** 
 1188              		.loc 1 255 3 view .LVU286
 1189              	.LBB22:
 255:Core/Src/main.c **** 
 1190              		.loc 1 255 3 view .LVU287
 1191 0030 0193     		str	r3, [sp, #4]
 255:Core/Src/main.c **** 
 1192              		.loc 1 255 3 view .LVU288
 1193 0032 1F4B     		ldr	r3, .L86+4
 1194 0034 1A68     		ldr	r2, [r3]
 1195 0036 42F44042 		orr	r2, r2, #49152
 1196 003a 1A60     		str	r2, [r3]
 255:Core/Src/main.c **** 
 1197              		.loc 1 255 3 view .LVU289
 1198 003c 1B68     		ldr	r3, [r3]
 1199 003e 03F44043 		and	r3, r3, #49152
 1200 0042 0193     		str	r3, [sp, #4]
 255:Core/Src/main.c **** 
 1201              		.loc 1 255 3 view .LVU290
 1202 0044 019B     		ldr	r3, [sp, #4]
 1203              	.LBE22:
 255:Core/Src/main.c **** 
 1204              		.loc 1 255 3 view .LVU291
 260:Core/Src/main.c ****   RCC_OscInitStruct.HSEState = RCC_HSE_ON;
 1205              		.loc 1 260 3 view .LVU292
 260:Core/Src/main.c ****   RCC_OscInitStruct.HSEState = RCC_HSE_ON;
 1206              		.loc 1 260 36 is_stmt 0 view .LVU293
 1207 0046 0123     		movs	r3, #1
 1208 0048 0793     		str	r3, [sp, #28]
 261:Core/Src/main.c ****   RCC_OscInitStruct.PLL.PLLState = RCC_PLL_ON;
 1209              		.loc 1 261 3 is_stmt 1 view .LVU294
ARM GAS  /var/folders/_n/tsb0ql0x2w94bsblh62rdcfr0000gn/T//cceS2NYb.s 			page 86


 261:Core/Src/main.c ****   RCC_OscInitStruct.PLL.PLLState = RCC_PLL_ON;
 1210              		.loc 1 261 30 is_stmt 0 view .LVU295
 1211 004a 4FF48033 		mov	r3, #65536
 1212 004e 0893     		str	r3, [sp, #32]
 262:Core/Src/main.c ****   RCC_OscInitStruct.PLL.PLLSource = RCC_PLLSOURCE_HSE;
 1213              		.loc 1 262 3 is_stmt 1 view .LVU296
 262:Core/Src/main.c ****   RCC_OscInitStruct.PLL.PLLSource = RCC_PLLSOURCE_HSE;
 1214              		.loc 1 262 34 is_stmt 0 view .LVU297
 1215 0050 0223     		movs	r3, #2
 1216 0052 0D93     		str	r3, [sp, #52]
 263:Core/Src/main.c ****   RCC_OscInitStruct.PLL.PLLM = 4;
 1217              		.loc 1 263 3 is_stmt 1 view .LVU298
 263:Core/Src/main.c ****   RCC_OscInitStruct.PLL.PLLM = 4;
 1218              		.loc 1 263 35 is_stmt 0 view .LVU299
 1219 0054 4FF48002 		mov	r2, #4194304
 1220 0058 0E92     		str	r2, [sp, #56]
 264:Core/Src/main.c ****   RCC_OscInitStruct.PLL.PLLN = 180;
 1221              		.loc 1 264 3 is_stmt 1 view .LVU300
 264:Core/Src/main.c ****   RCC_OscInitStruct.PLL.PLLN = 180;
 1222              		.loc 1 264 30 is_stmt 0 view .LVU301
 1223 005a 0422     		movs	r2, #4
 1224 005c 0F92     		str	r2, [sp, #60]
 265:Core/Src/main.c ****   RCC_OscInitStruct.PLL.PLLP = RCC_PLLP_DIV2;
 1225              		.loc 1 265 3 is_stmt 1 view .LVU302
 265:Core/Src/main.c ****   RCC_OscInitStruct.PLL.PLLP = RCC_PLLP_DIV2;
 1226              		.loc 1 265 30 is_stmt 0 view .LVU303
 1227 005e B422     		movs	r2, #180
 1228 0060 1092     		str	r2, [sp, #64]
 266:Core/Src/main.c ****   RCC_OscInitStruct.PLL.PLLQ = 2;
 1229              		.loc 1 266 3 is_stmt 1 view .LVU304
 266:Core/Src/main.c ****   RCC_OscInitStruct.PLL.PLLQ = 2;
 1230              		.loc 1 266 30 is_stmt 0 view .LVU305
 1231 0062 1193     		str	r3, [sp, #68]
 267:Core/Src/main.c ****   RCC_OscInitStruct.PLL.PLLR = 2;
 1232              		.loc 1 267 3 is_stmt 1 view .LVU306
 267:Core/Src/main.c ****   RCC_OscInitStruct.PLL.PLLR = 2;
 1233              		.loc 1 267 30 is_stmt 0 view .LVU307
 1234 0064 1293     		str	r3, [sp, #72]
 268:Core/Src/main.c ****   if (HAL_RCC_OscConfig(&RCC_OscInitStruct) != HAL_OK)
 1235              		.loc 1 268 3 is_stmt 1 view .LVU308
 268:Core/Src/main.c ****   if (HAL_RCC_OscConfig(&RCC_OscInitStruct) != HAL_OK)
 1236              		.loc 1 268 30 is_stmt 0 view .LVU309
 1237 0066 1393     		str	r3, [sp, #76]
 269:Core/Src/main.c ****   {
 1238              		.loc 1 269 3 is_stmt 1 view .LVU310
 269:Core/Src/main.c ****   {
 1239              		.loc 1 269 7 is_stmt 0 view .LVU311
 1240 0068 07A8     		add	r0, sp, #28
 1241 006a FFF7FEFF 		bl	HAL_RCC_OscConfig
 1242              	.LVL56:
 269:Core/Src/main.c ****   {
 1243              		.loc 1 269 6 discriminator 1 view .LVU312
 1244 006e B0B9     		cbnz	r0, .L83
 276:Core/Src/main.c ****   {
 1245              		.loc 1 276 3 is_stmt 1 view .LVU313
 276:Core/Src/main.c ****   {
 1246              		.loc 1 276 7 is_stmt 0 view .LVU314
ARM GAS  /var/folders/_n/tsb0ql0x2w94bsblh62rdcfr0000gn/T//cceS2NYb.s 			page 87


 1247 0070 FFF7FEFF 		bl	HAL_PWREx_EnableOverDrive
 1248              	.LVL57:
 276:Core/Src/main.c ****   {
 1249              		.loc 1 276 6 discriminator 1 view .LVU315
 1250 0074 A8B9     		cbnz	r0, .L84
 283:Core/Src/main.c ****                               |RCC_CLOCKTYPE_PCLK1|RCC_CLOCKTYPE_PCLK2;
 1251              		.loc 1 283 3 is_stmt 1 view .LVU316
 283:Core/Src/main.c ****                               |RCC_CLOCKTYPE_PCLK1|RCC_CLOCKTYPE_PCLK2;
 1252              		.loc 1 283 31 is_stmt 0 view .LVU317
 1253 0076 0F23     		movs	r3, #15
 1254 0078 0293     		str	r3, [sp, #8]
 285:Core/Src/main.c ****   RCC_ClkInitStruct.AHBCLKDivider = RCC_SYSCLK_DIV1;
 1255              		.loc 1 285 3 is_stmt 1 view .LVU318
 285:Core/Src/main.c ****   RCC_ClkInitStruct.AHBCLKDivider = RCC_SYSCLK_DIV1;
 1256              		.loc 1 285 34 is_stmt 0 view .LVU319
 1257 007a 0223     		movs	r3, #2
 1258 007c 0393     		str	r3, [sp, #12]
 286:Core/Src/main.c ****   RCC_ClkInitStruct.APB1CLKDivider = RCC_HCLK_DIV4;
 1259              		.loc 1 286 3 is_stmt 1 view .LVU320
 286:Core/Src/main.c ****   RCC_ClkInitStruct.APB1CLKDivider = RCC_HCLK_DIV4;
 1260              		.loc 1 286 35 is_stmt 0 view .LVU321
 1261 007e 0023     		movs	r3, #0
 1262 0080 0493     		str	r3, [sp, #16]
 287:Core/Src/main.c ****   RCC_ClkInitStruct.APB2CLKDivider = RCC_HCLK_DIV2;
 1263              		.loc 1 287 3 is_stmt 1 view .LVU322
 287:Core/Src/main.c ****   RCC_ClkInitStruct.APB2CLKDivider = RCC_HCLK_DIV2;
 1264              		.loc 1 287 36 is_stmt 0 view .LVU323
 1265 0082 4FF4A053 		mov	r3, #5120
 1266 0086 0593     		str	r3, [sp, #20]
 288:Core/Src/main.c **** 
 1267              		.loc 1 288 3 is_stmt 1 view .LVU324
 288:Core/Src/main.c **** 
 1268              		.loc 1 288 36 is_stmt 0 view .LVU325
 1269 0088 4FF48053 		mov	r3, #4096
 1270 008c 0693     		str	r3, [sp, #24]
 290:Core/Src/main.c ****   {
 1271              		.loc 1 290 3 is_stmt 1 view .LVU326
 290:Core/Src/main.c ****   {
 1272              		.loc 1 290 7 is_stmt 0 view .LVU327
 1273 008e 0521     		movs	r1, #5
 1274 0090 02A8     		add	r0, sp, #8
 1275 0092 FFF7FEFF 		bl	HAL_RCC_ClockConfig
 1276              	.LVL58:
 290:Core/Src/main.c ****   {
 1277              		.loc 1 290 6 discriminator 1 view .LVU328
 1278 0096 30B9     		cbnz	r0, .L85
 294:Core/Src/main.c **** 
 1279              		.loc 1 294 1 view .LVU329
 1280 0098 15B0     		add	sp, sp, #84
 1281              		.cfi_remember_state
 1282              		.cfi_def_cfa_offset 4
 1283              		@ sp needed
 1284 009a 5DF804FB 		ldr	pc, [sp], #4
 1285              	.L83:
 1286              		.cfi_restore_state
 271:Core/Src/main.c ****   }
 1287              		.loc 1 271 5 is_stmt 1 view .LVU330
ARM GAS  /var/folders/_n/tsb0ql0x2w94bsblh62rdcfr0000gn/T//cceS2NYb.s 			page 88


 1288 009e FFF7FEFF 		bl	Error_Handler
 1289              	.LVL59:
 1290              	.L84:
 278:Core/Src/main.c ****   }
 1291              		.loc 1 278 5 view .LVU331
 1292 00a2 FFF7FEFF 		bl	Error_Handler
 1293              	.LVL60:
 1294              	.L85:
 292:Core/Src/main.c ****   }
 1295              		.loc 1 292 5 view .LVU332
 1296 00a6 FFF7FEFF 		bl	Error_Handler
 1297              	.LVL61:
 1298              	.L87:
 1299 00aa 00BF     		.align	2
 1300              	.L86:
 1301 00ac 00380240 		.word	1073887232
 1302 00b0 00700040 		.word	1073770496
 1303              		.cfi_endproc
 1304              	.LFE249:
 1306              		.section	.text.main,"ax",%progbits
 1307              		.align	1
 1308              		.global	main
 1309              		.syntax unified
 1310              		.thumb
 1311              		.thumb_func
 1313              	main:
 1314              	.LFB242:
  99:Core/Src/main.c **** 
 1315              		.loc 1 99 1 view -0
 1316              		.cfi_startproc
 1317              		@ Volatile: function does not return.
 1318              		@ args = 0, pretend = 0, frame = 0
 1319              		@ frame_needed = 0, uses_anonymous_args = 0
 1320 0000 08B5     		push	{r3, lr}
 1321              		.cfi_def_cfa_offset 8
 1322              		.cfi_offset 3, -8
 1323              		.cfi_offset 14, -4
 108:Core/Src/main.c **** 
 1324              		.loc 1 108 3 view .LVU334
 1325 0002 FFF7FEFF 		bl	HAL_Init
 1326              	.LVL62:
 115:Core/Src/main.c **** 
 1327              		.loc 1 115 3 view .LVU335
 1328 0006 FFF7FEFF 		bl	SystemClock_Config
 1329              	.LVL63:
 122:Core/Src/main.c ****   MX_DMA_Init();
 1330              		.loc 1 122 3 view .LVU336
 1331 000a FFF7FEFF 		bl	MX_GPIO_Init
 1332              	.LVL64:
 123:Core/Src/main.c ****   MX_USART2_UART_Init();
 1333              		.loc 1 123 3 view .LVU337
 1334 000e FFF7FEFF 		bl	MX_DMA_Init
 1335              	.LVL65:
 124:Core/Src/main.c ****   MX_ADC1_Init();
 1336              		.loc 1 124 3 view .LVU338
 1337 0012 FFF7FEFF 		bl	MX_USART2_UART_Init
 1338              	.LVL66:
ARM GAS  /var/folders/_n/tsb0ql0x2w94bsblh62rdcfr0000gn/T//cceS2NYb.s 			page 89


 125:Core/Src/main.c ****   MX_TIM2_Init();
 1339              		.loc 1 125 3 view .LVU339
 1340 0016 FFF7FEFF 		bl	MX_ADC1_Init
 1341              	.LVL67:
 126:Core/Src/main.c ****   /* USER CODE BEGIN 2 */
 1342              		.loc 1 126 3 view .LVU340
 1343 001a FFF7FEFF 		bl	MX_TIM2_Init
 1344              	.LVL68:
 128:Core/Src/main.c **** 
 1345              		.loc 1 128 3 view .LVU341
 1346 001e FFF7FEFF 		bl	wait_request
 1347              	.LVL69:
 1348              	.L89:
 136:Core/Src/main.c ****   {
 1349              		.loc 1 136 3 view .LVU342
 160:Core/Src/main.c ****     sensor_error();
 1350              		.loc 1 160 5 view .LVU343
 1351 0022 0122     		movs	r2, #1
 1352 0024 2021     		movs	r1, #32
 1353 0026 0348     		ldr	r0, .L91
 1354 0028 FFF7FEFF 		bl	HAL_GPIO_WritePin
 1355              	.LVL70:
 161:Core/Src/main.c ****     //read_sensor();
 1356              		.loc 1 161 5 discriminator 1 view .LVU344
 1357 002c FFF7FEFF 		bl	sensor_error
 1358              	.LVL71:
 136:Core/Src/main.c ****   {
 1359              		.loc 1 136 9 view .LVU345
 1360 0030 F7E7     		b	.L89
 1361              	.L92:
 1362 0032 00BF     		.align	2
 1363              	.L91:
 1364 0034 00000240 		.word	1073872896
 1365              		.cfi_endproc
 1366              	.LFE242:
 1368              		.global	cont
 1369              		.section	.bss.cont,"aw",%nobits
 1370              		.align	2
 1373              	cont:
 1374 0000 00000000 		.space	4
 1375              		.global	timer_counter
 1376              		.section	.bss.timer_counter,"aw",%nobits
 1377              		.align	2
 1380              	timer_counter:
 1381 0000 00000000 		.space	4
 1382              		.global	temp
 1383              		.section	.bss.temp,"aw",%nobits
 1384              		.align	2
 1387              	temp:
 1388 0000 0000     		.space	2
 1389              		.global	final_data
 1390              		.section	.bss.final_data,"aw",%nobits
 1391              		.align	2
 1394              	final_data:
 1395 0000 00000000 		.space	20
 1395      00000000 
 1395      00000000 
ARM GAS  /var/folders/_n/tsb0ql0x2w94bsblh62rdcfr0000gn/T//cceS2NYb.s 			page 90


 1395      00000000 
 1395      00000000 
 1396              		.global	rxdata
 1397              		.section	.bss.rxdata,"aw",%nobits
 1398              		.align	2
 1401              	rxdata:
 1402 0000 00000000 		.space	20
 1402      00000000 
 1402      00000000 
 1402      00000000 
 1402      00000000 
 1403              		.global	input
 1404              		.section	.bss.input,"aw",%nobits
 1405              		.align	2
 1408              	input:
 1409 0000 00000000 		.space	20
 1409      00000000 
 1409      00000000 
 1409      00000000 
 1409      00000000 
 1410              		.global	msg
 1411              		.section	.bss.msg,"aw",%nobits
 1412              		.align	2
 1415              	msg:
 1416 0000 00000000 		.space	20
 1416      00000000 
 1416      00000000 
 1416      00000000 
 1416      00000000 
 1417              		.global	vin
 1418              		.section	.bss.vin,"aw",%nobits
 1419              		.align	1
 1422              	vin:
 1423 0000 0000     		.space	2
 1424              		.global	hdma_usart2_tx
 1425              		.section	.bss.hdma_usart2_tx,"aw",%nobits
 1426              		.align	2
 1429              	hdma_usart2_tx:
 1430 0000 00000000 		.space	96
 1430      00000000 
 1430      00000000 
 1430      00000000 
 1430      00000000 
 1431              		.global	huart2
 1432              		.section	.bss.huart2,"aw",%nobits
 1433              		.align	2
 1436              	huart2:
 1437 0000 00000000 		.space	72
 1437      00000000 
 1437      00000000 
 1437      00000000 
 1437      00000000 
 1438              		.global	htim2
 1439              		.section	.bss.htim2,"aw",%nobits
 1440              		.align	2
 1443              	htim2:
 1444 0000 00000000 		.space	72
ARM GAS  /var/folders/_n/tsb0ql0x2w94bsblh62rdcfr0000gn/T//cceS2NYb.s 			page 91


 1444      00000000 
 1444      00000000 
 1444      00000000 
 1444      00000000 
 1445              		.global	hadc1
 1446              		.section	.bss.hadc1,"aw",%nobits
 1447              		.align	2
 1450              	hadc1:
 1451 0000 00000000 		.space	72
 1451      00000000 
 1451      00000000 
 1451      00000000 
 1451      00000000 
 1452              		.section	.rodata
 1453              		.align	2
 1454              		.set	.LANCHOR0,. + 0
 1455              	.LC1:
 1456 0000 53746174 		.ascii	"Stato Pause\012 \000"
 1456      6F205061 
 1456      7573650A 
 1456      2000
 1457 000e 00000000 		.space	6
 1457      0000
 1458              	.LC2:
 1459 0014 5741524E 		.ascii	"WARNING\012 \000"
 1459      494E470A 
 1459      2000
 1460 001e 00000000 		.space	10
 1460      00000000 
 1460      0000
 1461              	.LC3:
 1462 0028 4552524F 		.ascii	"ERROR\012 \000"
 1462      520A2000 
 1463 0030 00000000 		.space	12
 1463      00000000 
 1463      00000000 
 1464              		.text
 1465              	.Letext0:
 1466              		.file 4 "Drivers/CMSIS/Device/ST/STM32F4xx/Include/stm32f446xx.h"
 1467              		.file 5 "/Users/giambattista/Library/Application Support/Code/User/globalStorage/bmd.stm32-for-vsc
 1468              		.file 6 "/Users/giambattista/Library/Application Support/Code/User/globalStorage/bmd.stm32-for-vsc
 1469              		.file 7 "Drivers/CMSIS/Device/ST/STM32F4xx/Include/stm32f4xx.h"
 1470              		.file 8 "/Users/giambattista/Library/Application Support/Code/User/globalStorage/bmd.stm32-for-vsc
 1471              		.file 9 "Drivers/STM32F4xx_HAL_Driver/Inc/stm32f4xx_hal_def.h"
 1472              		.file 10 "Drivers/STM32F4xx_HAL_Driver/Inc/stm32f4xx_hal_rcc_ex.h"
 1473              		.file 11 "Drivers/STM32F4xx_HAL_Driver/Inc/stm32f4xx_hal_rcc.h"
 1474              		.file 12 "Drivers/STM32F4xx_HAL_Driver/Inc/stm32f4xx_hal_gpio.h"
 1475              		.file 13 "Drivers/STM32F4xx_HAL_Driver/Inc/stm32f4xx_hal_dma.h"
 1476              		.file 14 "Drivers/STM32F4xx_HAL_Driver/Inc/stm32f4xx_hal_adc.h"
 1477              		.file 15 "Drivers/STM32F4xx_HAL_Driver/Inc/stm32f4xx_hal_tim.h"
 1478              		.file 16 "Drivers/STM32F4xx_HAL_Driver/Inc/stm32f4xx_hal_uart.h"
 1479              		.file 17 "/Users/giambattista/Library/Application Support/Code/User/globalStorage/bmd.stm32-for-vs
 1480              		.file 18 "/Users/giambattista/Library/Application Support/Code/User/globalStorage/bmd.stm32-for-vs
 1481              		.file 19 "Drivers/STM32F4xx_HAL_Driver/Inc/stm32f4xx_hal.h"
 1482              		.file 20 "Core/Inc/main.h"
 1483              		.file 21 "Drivers/STM32F4xx_HAL_Driver/Inc/stm32f4xx_hal_tim_ex.h"
 1484              		.file 22 "Drivers/STM32F4xx_HAL_Driver/Inc/stm32f4xx_hal_cortex.h"
ARM GAS  /var/folders/_n/tsb0ql0x2w94bsblh62rdcfr0000gn/T//cceS2NYb.s 			page 92


 1485              		.file 23 "Drivers/STM32F4xx_HAL_Driver/Inc/stm32f4xx_hal_pwr_ex.h"
 1486              		.file 24 "<built-in>"
ARM GAS  /var/folders/_n/tsb0ql0x2w94bsblh62rdcfr0000gn/T//cceS2NYb.s 			page 93


DEFINED SYMBOLS
                            *ABS*:00000000 main.c
/var/folders/_n/tsb0ql0x2w94bsblh62rdcfr0000gn/T//cceS2NYb.s:21     .text.__NVIC_SystemReset:00000000 $t
/var/folders/_n/tsb0ql0x2w94bsblh62rdcfr0000gn/T//cceS2NYb.s:26     .text.__NVIC_SystemReset:00000000 __NVIC_SystemReset
/var/folders/_n/tsb0ql0x2w94bsblh62rdcfr0000gn/T//cceS2NYb.s:89     .text.__NVIC_SystemReset:0000001c $d
/var/folders/_n/tsb0ql0x2w94bsblh62rdcfr0000gn/T//cceS2NYb.s:95     .text.MX_GPIO_Init:00000000 $t
/var/folders/_n/tsb0ql0x2w94bsblh62rdcfr0000gn/T//cceS2NYb.s:100    .text.MX_GPIO_Init:00000000 MX_GPIO_Init
/var/folders/_n/tsb0ql0x2w94bsblh62rdcfr0000gn/T//cceS2NYb.s:219    .text.MX_GPIO_Init:00000084 $d
/var/folders/_n/tsb0ql0x2w94bsblh62rdcfr0000gn/T//cceS2NYb.s:226    .text.MX_DMA_Init:00000000 $t
/var/folders/_n/tsb0ql0x2w94bsblh62rdcfr0000gn/T//cceS2NYb.s:231    .text.MX_DMA_Init:00000000 MX_DMA_Init
/var/folders/_n/tsb0ql0x2w94bsblh62rdcfr0000gn/T//cceS2NYb.s:277    .text.MX_DMA_Init:00000030 $d
/var/folders/_n/tsb0ql0x2w94bsblh62rdcfr0000gn/T//cceS2NYb.s:282    .rodata.wait_request.str1.4:00000000 $d
/var/folders/_n/tsb0ql0x2w94bsblh62rdcfr0000gn/T//cceS2NYb.s:286    .text.wait_request:00000000 $t
/var/folders/_n/tsb0ql0x2w94bsblh62rdcfr0000gn/T//cceS2NYb.s:292    .text.wait_request:00000000 wait_request
/var/folders/_n/tsb0ql0x2w94bsblh62rdcfr0000gn/T//cceS2NYb.s:348    .text.wait_request:00000048 $d
/var/folders/_n/tsb0ql0x2w94bsblh62rdcfr0000gn/T//cceS2NYb.s:1436   .bss.huart2:00000000 huart2
/var/folders/_n/tsb0ql0x2w94bsblh62rdcfr0000gn/T//cceS2NYb.s:355    .text.pause:00000000 $t
/var/folders/_n/tsb0ql0x2w94bsblh62rdcfr0000gn/T//cceS2NYb.s:361    .text.pause:00000000 pause
/var/folders/_n/tsb0ql0x2w94bsblh62rdcfr0000gn/T//cceS2NYb.s:441    .text.pause:0000006c $d
/var/folders/_n/tsb0ql0x2w94bsblh62rdcfr0000gn/T//cceS2NYb.s:449    .text.warning:00000000 $t
/var/folders/_n/tsb0ql0x2w94bsblh62rdcfr0000gn/T//cceS2NYb.s:455    .text.warning:00000000 warning
/var/folders/_n/tsb0ql0x2w94bsblh62rdcfr0000gn/T//cceS2NYb.s:517    .text.warning:00000050 $d
/var/folders/_n/tsb0ql0x2w94bsblh62rdcfr0000gn/T//cceS2NYb.s:524    .text.error:00000000 $t
/var/folders/_n/tsb0ql0x2w94bsblh62rdcfr0000gn/T//cceS2NYb.s:530    .text.error:00000000 error
/var/folders/_n/tsb0ql0x2w94bsblh62rdcfr0000gn/T//cceS2NYb.s:607    .text.error:00000064 $d
/var/folders/_n/tsb0ql0x2w94bsblh62rdcfr0000gn/T//cceS2NYb.s:615    .rodata.read_sensor.str1.4:00000000 $d
/var/folders/_n/tsb0ql0x2w94bsblh62rdcfr0000gn/T//cceS2NYb.s:619    .text.read_sensor:00000000 $t
/var/folders/_n/tsb0ql0x2w94bsblh62rdcfr0000gn/T//cceS2NYb.s:625    .text.read_sensor:00000000 read_sensor
/var/folders/_n/tsb0ql0x2w94bsblh62rdcfr0000gn/T//cceS2NYb.s:676    .text.read_sensor:00000040 $d
/var/folders/_n/tsb0ql0x2w94bsblh62rdcfr0000gn/T//cceS2NYb.s:1450   .bss.hadc1:00000000 hadc1
/var/folders/_n/tsb0ql0x2w94bsblh62rdcfr0000gn/T//cceS2NYb.s:1422   .bss.vin:00000000 vin
/var/folders/_n/tsb0ql0x2w94bsblh62rdcfr0000gn/T//cceS2NYb.s:1415   .bss.msg:00000000 msg
/var/folders/_n/tsb0ql0x2w94bsblh62rdcfr0000gn/T//cceS2NYb.s:685    .text.sensor_error:00000000 $t
/var/folders/_n/tsb0ql0x2w94bsblh62rdcfr0000gn/T//cceS2NYb.s:691    .text.sensor_error:00000000 sensor_error
/var/folders/_n/tsb0ql0x2w94bsblh62rdcfr0000gn/T//cceS2NYb.s:751    .text.sensor_error:0000003c $d
/var/folders/_n/tsb0ql0x2w94bsblh62rdcfr0000gn/T//cceS2NYb.s:1443   .bss.htim2:00000000 htim2
/var/folders/_n/tsb0ql0x2w94bsblh62rdcfr0000gn/T//cceS2NYb.s:1380   .bss.timer_counter:00000000 timer_counter
/var/folders/_n/tsb0ql0x2w94bsblh62rdcfr0000gn/T//cceS2NYb.s:758    .text.Error_Handler:00000000 $t
/var/folders/_n/tsb0ql0x2w94bsblh62rdcfr0000gn/T//cceS2NYb.s:764    .text.Error_Handler:00000000 Error_Handler
/var/folders/_n/tsb0ql0x2w94bsblh62rdcfr0000gn/T//cceS2NYb.s:795    .text.MX_USART2_UART_Init:00000000 $t
/var/folders/_n/tsb0ql0x2w94bsblh62rdcfr0000gn/T//cceS2NYb.s:800    .text.MX_USART2_UART_Init:00000000 MX_USART2_UART_Init
/var/folders/_n/tsb0ql0x2w94bsblh62rdcfr0000gn/T//cceS2NYb.s:854    .text.MX_USART2_UART_Init:0000002c $d
/var/folders/_n/tsb0ql0x2w94bsblh62rdcfr0000gn/T//cceS2NYb.s:860    .text.MX_ADC1_Init:00000000 $t
/var/folders/_n/tsb0ql0x2w94bsblh62rdcfr0000gn/T//cceS2NYb.s:865    .text.MX_ADC1_Init:00000000 MX_ADC1_Init
/var/folders/_n/tsb0ql0x2w94bsblh62rdcfr0000gn/T//cceS2NYb.s:967    .text.MX_ADC1_Init:00000060 $d
/var/folders/_n/tsb0ql0x2w94bsblh62rdcfr0000gn/T//cceS2NYb.s:974    .text.MX_TIM2_Init:00000000 $t
/var/folders/_n/tsb0ql0x2w94bsblh62rdcfr0000gn/T//cceS2NYb.s:979    .text.MX_TIM2_Init:00000000 MX_TIM2_Init
/var/folders/_n/tsb0ql0x2w94bsblh62rdcfr0000gn/T//cceS2NYb.s:1134   .text.MX_TIM2_Init:000000a4 $d
/var/folders/_n/tsb0ql0x2w94bsblh62rdcfr0000gn/T//cceS2NYb.s:1139   .text.SystemClock_Config:00000000 $t
/var/folders/_n/tsb0ql0x2w94bsblh62rdcfr0000gn/T//cceS2NYb.s:1145   .text.SystemClock_Config:00000000 SystemClock_Config
/var/folders/_n/tsb0ql0x2w94bsblh62rdcfr0000gn/T//cceS2NYb.s:1301   .text.SystemClock_Config:000000ac $d
/var/folders/_n/tsb0ql0x2w94bsblh62rdcfr0000gn/T//cceS2NYb.s:1307   .text.main:00000000 $t
/var/folders/_n/tsb0ql0x2w94bsblh62rdcfr0000gn/T//cceS2NYb.s:1313   .text.main:00000000 main
/var/folders/_n/tsb0ql0x2w94bsblh62rdcfr0000gn/T//cceS2NYb.s:1364   .text.main:00000034 $d
/var/folders/_n/tsb0ql0x2w94bsblh62rdcfr0000gn/T//cceS2NYb.s:1373   .bss.cont:00000000 cont
/var/folders/_n/tsb0ql0x2w94bsblh62rdcfr0000gn/T//cceS2NYb.s:1370   .bss.cont:00000000 $d
/var/folders/_n/tsb0ql0x2w94bsblh62rdcfr0000gn/T//cceS2NYb.s:1377   .bss.timer_counter:00000000 $d
ARM GAS  /var/folders/_n/tsb0ql0x2w94bsblh62rdcfr0000gn/T//cceS2NYb.s 			page 94


/var/folders/_n/tsb0ql0x2w94bsblh62rdcfr0000gn/T//cceS2NYb.s:1387   .bss.temp:00000000 temp
/var/folders/_n/tsb0ql0x2w94bsblh62rdcfr0000gn/T//cceS2NYb.s:1384   .bss.temp:00000000 $d
/var/folders/_n/tsb0ql0x2w94bsblh62rdcfr0000gn/T//cceS2NYb.s:1394   .bss.final_data:00000000 final_data
/var/folders/_n/tsb0ql0x2w94bsblh62rdcfr0000gn/T//cceS2NYb.s:1391   .bss.final_data:00000000 $d
/var/folders/_n/tsb0ql0x2w94bsblh62rdcfr0000gn/T//cceS2NYb.s:1401   .bss.rxdata:00000000 rxdata
/var/folders/_n/tsb0ql0x2w94bsblh62rdcfr0000gn/T//cceS2NYb.s:1398   .bss.rxdata:00000000 $d
/var/folders/_n/tsb0ql0x2w94bsblh62rdcfr0000gn/T//cceS2NYb.s:1408   .bss.input:00000000 input
/var/folders/_n/tsb0ql0x2w94bsblh62rdcfr0000gn/T//cceS2NYb.s:1405   .bss.input:00000000 $d
/var/folders/_n/tsb0ql0x2w94bsblh62rdcfr0000gn/T//cceS2NYb.s:1412   .bss.msg:00000000 $d
/var/folders/_n/tsb0ql0x2w94bsblh62rdcfr0000gn/T//cceS2NYb.s:1419   .bss.vin:00000000 $d
/var/folders/_n/tsb0ql0x2w94bsblh62rdcfr0000gn/T//cceS2NYb.s:1429   .bss.hdma_usart2_tx:00000000 hdma_usart2_tx
/var/folders/_n/tsb0ql0x2w94bsblh62rdcfr0000gn/T//cceS2NYb.s:1426   .bss.hdma_usart2_tx:00000000 $d
/var/folders/_n/tsb0ql0x2w94bsblh62rdcfr0000gn/T//cceS2NYb.s:1433   .bss.huart2:00000000 $d
/var/folders/_n/tsb0ql0x2w94bsblh62rdcfr0000gn/T//cceS2NYb.s:1440   .bss.htim2:00000000 $d
/var/folders/_n/tsb0ql0x2w94bsblh62rdcfr0000gn/T//cceS2NYb.s:1447   .bss.hadc1:00000000 $d
/var/folders/_n/tsb0ql0x2w94bsblh62rdcfr0000gn/T//cceS2NYb.s:1453   .rodata:00000000 $d

UNDEFINED SYMBOLS
HAL_GPIO_WritePin
HAL_GPIO_Init
HAL_NVIC_SetPriority
HAL_NVIC_EnableIRQ
HAL_GPIO_ReadPin
strlen
HAL_UART_Transmit
HAL_Delay
HAL_ADC_Start
HAL_ADC_PollForConversion
HAL_ADC_GetValue
sprintf
HAL_UART_Init
HAL_ADC_Init
HAL_ADC_ConfigChannel
HAL_TIM_Base_Init
HAL_TIM_ConfigClockSource
HAL_TIM_PWM_Init
HAL_TIMEx_MasterConfigSynchronization
HAL_TIM_PWM_ConfigChannel
HAL_TIM_Base_Start
HAL_TIM_MspPostInit
memset
HAL_RCC_OscConfig
HAL_PWREx_EnableOverDrive
HAL_RCC_ClockConfig
HAL_Init
